applicant_id,age,gender,married,dependents,education,self_employed,employment_status,years_employed,applicant_income,coapplicant_income,loan_amount,loan_term,credit_score,existing_loans,debt_to_income_ratio,previous_repayment_history,property_area,property_asset_value,bank_account_years,avg_bank_balance,loan_status
APP104710,31,Male,Yes,2,Not Graduate,No,Salaried,12.0,4660.0,1540.0,32.3,360,524.0,0,0.296,0,Semiurban,22300.0,4.6,2960.0,Rejected
APP100691,34,Male,Yes,0,Not Graduate,Yes,Salaried,3.8,2290.0,0.0,10.3,60,554.0,0,0.229,1,Urban,85900.0,7.2,1130.0,Rejected
APP100065,33,Female,No,1,Graduate,No,Salaried,0.9,4820.0,0.0,14.1,12,700.0,0,0.131,1,Semiurban,39800.0,4.6,2890.0,Approved
APP103426,35,Female,No,0,Graduate,No,Salaried,7.2,12340.0,0.0,37.6,360,569.0,1,0.269,0,Semiurban,,3.0,1460.0,Approved
APP104820,34,Female,Yes,1,Not Graduate,No,Salaried,4.3,4200.0,2450.0,36.7,360,507.0,0,0.048,1,Urban,19400.0,3.1,9750.0,Rejected
APP100393,40,Male,Yes,1,Not Graduate,No,Business Owner,2.0,16460.0,0.0,80.0,120,606.0,0,0.174,1,Semiurban,18000.0,18.2,3020.0,Approved
APP101424,46,Female,Yes,0,Graduate,Yes,Salaried,1.5,1220.0,0.0,10.0,84,643.0,0,0.107,1,Semiurban,14900.0,8.5,10760.0,Rejected
APP100642,23,Male,No,1,Graduate,No,Salaried,13.0,3950.0,3210.0,26.5,240,834.0,0,0.125,1,Urban,36400.0,7.2,2330.0,Approved
APP102835,28,Female,Yes,0,Not Graduate,No,Business Owner,0.7,11380.0,1190.0,64.6,84,846.0,1,0.148,1,Urban,27200.0,4.8,4550.0,Approved
APP101738,54,Female,Yes,0,Graduate,No,Salaried,8.0,4380.0,1100.0,30.5,240,703.0,0,0.483,0,Rural,27900.0,4.6,2560.0,Rejected
APP102945,54,Female,Yes,0,Graduate,No,Business Owner,1.9,2370.0,2700.0,10.2,180,729.0,1,0.146,0,Rural,33300.0,5.5,17380.0,Approved
APP102067,39,Male,No,2,Not Graduate,No,Self-Employed,6.0,6660.0,0.0,23.3,180,,0,0.385,1,Rural,39600.0,1.4,5250.0,Rejected
APP103347,33,Female,No,3+,Graduate,Yes,Salaried,1.8,3550.0,0.0,12.5,36,725.0,1,0.189,1,Urban,31900.0,8.2,1280.0,Approved
APP100530,43,Female,No,1,Not Graduate,No,Salaried,3.4,3670.0,0.0,10.0,120,595.0,1,0.172,1,Urban,61900.0,4.2,3310.0,Approved
APP104301,52,Female,No,0,Not Graduate,No,Self-Employed,2.4,1520.0,0.0,10.0,240,726.0,0,0.078,1,Urban,78900.0,4.3,1690.0,Approved
APP100828,38,Female,Yes,0,Not Graduate,No,Self-Employed,1.4,14370.0,5390.0,91.4,36,717.0,0,0.414,1,Rural,9200.0,2.2,6920.0,Rejected
APP101204,22,Male,Yes,3+,Graduate,Yes,Salaried,0.6,8330.0,0.0,32.5,60,622.0,0,0.307,1,Rural,25900.0,3.4,2060.0,Rejected
APP100179,51,Male,No,1,Not Graduate,No,Salaried,3.1,3810.0,2730.0,33.5,360,600.0,0,0.05,1,Semiurban,30400.0,3.5,3050.0,Rejected
APP102765,22,Male,Yes,1,Not Graduate,Yes,Self-Employed,4.4,2240.0,0.0,10.0,12,712.0,2,0.417,1,Semiurban,,11.6,20690.0,Approved
APP101777,40,Male,Yes,0,Graduate,No,Salaried,2.9,3630.0,0.0,14.9,36,848.0,2,0.217,1,Urban,52100.0,11.1,8030.0,Approved
APP104927,47,Male,No,1,Graduate,Yes,Salaried,10.5,5100.0,0.0,20.0,120,584.0,0,0.275,1,Semiurban,25600.0,12.4,13660.0,Approved
APP100491,45,Male,Yes,1,Not Graduate,No,Business Owner,1.7,3360.0,1190.0,,180,648.0,0,0.39,1,Semiurban,39000.0,4.1,11260.0,Approved
APP104653,47,Female,Yes,0,Graduate,No,Salaried,1.0,1390.0,0.0,10.0,180,813.0,2,0.426,0,Urban,95300.0,1.7,5810.0,Approved
APP100033,36,Male,Yes,0,Graduate,No,Salaried,0.5,9710.0,3120.0,42.2,60,733.0,0,0.441,1,Semiurban,17100.0,0.3,840.0,Rejected
APP103022,51,Male,Yes,1,Graduate,No,Salaried,2.8,2280.0,3060.0,30.3,84,656.0,0,0.212,1,Urban,7600.0,6.1,2150.0,Rejected
APP103620,43,Male,Yes,0,Not Graduate,No,Salaried,7.9,6170.0,1550.0,34.0,120,581.0,2,0.289,1,Rural,49000.0,7.2,10960.0,Rejected
APP100485,28,Female,Yes,3+,Graduate,No,Salaried,2.8,4560.0,1900.0,21.2,12,820.0,1,0.311,1,Urban,27500.0,3.4,2670.0,Approved
APP100079,43,Male,No,0,Not Graduate,No,Self-Employed,3.0,2830.0,1720.0,22.6,12,669.0,1,0.149,1,Semiurban,36800.0,9.4,2610.0,Approved
APP101344,21,Female,No,2,Not Graduate,No,Self-Employed,0.2,2860.0,0.0,14.3,36,660.0,0,0.108,1,Semiurban,82400.0,4.1,1680.0,Approved
APP100577,31,Male,Yes,1,Graduate,No,Salaried,0.6,5200.0,0.0,10.3,240,782.0,3,0.289,1,Semiurban,78800.0,8.7,6670.0,Approved
APP101175,45,Female,Yes,3+,Not Graduate,No,Salaried,4.0,3920.0,1210.0,27.5,120,698.0,2,0.251,1,Urban,44600.0,4.4,7390.0,Approved
APP101487,27,Female,No,1,Graduate,No,Unemployed,0.0,9070.0,2450.0,61.1,120,586.0,0,0.294,1,Semiurban,8300.0,6.6,12040.0,Rejected
APP100497,31,Male,No,1,Not Graduate,No,Salaried,4.3,6450.0,700.0,,360,703.0,0,0.388,1,Rural,72000.0,7.0,3280.0,Approved
APP104102,52,Female,No,0,Graduate,No,Self-Employed,2.7,3760.0,2020.0,12.6,360,545.0,0,0.051,1,Semiurban,22300.0,1.2,2120.0,Rejected
APP101144,51,Female,Yes,2,Graduate,No,Unemployed,0.0,9630.0,2450.0,27.4,360,605.0,0,0.064,1,Urban,9600.0,26.2,6850.0,Rejected
APP103734,44,Female,No,0,Graduate,No,Salaried,2.0,8830.0,1750.0,51.9,180,605.0,1,0.234,1,Rural,50800.0,3.3,3010.0,Approved
APP104237,38,Male,Yes,3+,Not Graduate,No,Salaried,2.2,3620.0,2990.0,25.6,36,472.0,0,0.241,1,Rural,8600.0,3.7,7340.0,Rejected
APP103243,23,Male,Yes,1,Graduate,No,Business Owner,12.9,3360.0,0.0,19.5,360,637.0,1,0.267,1,Semiurban,58700.0,1.8,3600.0,Rejected
APP101235,21,Male,Yes,0,Graduate,Yes,Self-Employed,2.3,2720.0,0.0,10.0,120,789.0,0,0.313,1,Semiurban,38300.0,4.1,11090.0,Approved
APP104568,39,Female,Yes,0,Graduate,Yes,Salaried,2.7,4660.0,1470.0,11.6,60,558.0,0,0.498,1,Rural,65000.0,5.7,1040.0,Rejected
APP104267,26,Male,No,1,Not Graduate,No,Self-Employed,5.3,5200.0,2490.0,37.8,180,567.0,1,0.559,1,Rural,48000.0,2.1,2910.0,Rejected
APP100624,26,Male,Yes,0,Not Graduate,Yes,Salaried,2.5,6080.0,980.0,,180,686.0,1,0.062,1,Semiurban,11900.0,1.8,12720.0,Approved
APP101629,37,Male,No,0,Graduate,No,Salaried,14.1,8720.0,2980.0,53.2,240,765.0,0,0.274,1,Rural,39600.0,2.2,2300.0,Approved
APP100199,28,Male,No,1,Graduate,No,Unemployed,0.0,5720.0,1990.0,38.0,84,449.0,0,0.278,1,Urban,88900.0,0.7,29310.0,Rejected
APP103613,34,Female,No,2,Not Graduate,,Salaried,5.9,9090.0,0.0,25.2,180,669.0,1,0.257,1,Urban,18700.0,7.7,2080.0,Rejected
APP101988,28,Male,No,0,Not Graduate,Yes,Salaried,5.1,3190.0,0.0,11.5,120,631.0,1,0.591,1,Rural,23200.0,0.6,2270.0,Rejected
APP102344,21,Male,No,,Not Graduate,No,Unemployed,0.0,6730.0,0.0,19.4,180,839.0,1,0.308,1,Rural,20600.0,1.0,3230.0,Approved
APP103263,38,Male,Yes,0,Graduate,No,Salaried,2.4,6330.0,1400.0,45.5,60,535.0,0,0.461,1,Semiurban,22000.0,14.5,4870.0,Rejected
APP101905,53,Male,No,0,Graduate,No,Salaried,4.7,7180.0,2580.0,43.2,120,673.0,2,0.394,0,Semiurban,70900.0,7.7,3240.0,Rejected
APP100765,48,Male,Yes,3+,Graduate,No,Unemployed,0.0,3950.0,0.0,17.8,12,536.0,2,0.293,0,Urban,12800.0,0.2,2340.0,Rejected
APP100803,47,Female,Yes,1,Graduate,No,Salaried,4.2,6070.0,0.0,13.3,120,756.0,0,0.166,1,Rural,38000.0,19.4,8190.0,Approved
APP101501,31,Male,Yes,0,Not Graduate,No,Self-Employed,8.0,3000.0,1760.0,16.0,60,697.0,0,0.352,1,Semiurban,29400.0,0.2,6950.0,Approved
APP101770,34,Female,Yes,3+,Graduate,No,Salaried,4.2,5290.0,0.0,10.4,60,641.0,3,0.175,1,Semiurban,20900.0,6.3,8520.0,Rejected
APP100106,26,Male,Yes,0,Graduate,Yes,Unemployed,0.0,7610.0,0.0,26.2,84,568.0,1,0.552,1,Rural,14900.0,11.7,810.0,Rejected
APP102964,37,Male,Yes,0,Graduate,Yes,Salaried,1.0,10140.0,0.0,29.6,120,653.0,1,0.145,1,Urban,24600.0,0.0,5890.0,Rejected
APP100838,36,Female,Yes,2,Graduate,No,Salaried,4.9,1270.0,900.0,10.0,360,715.0,1,0.382,1,Semiurban,70100.0,15.9,3550.0,Approved
APP103971,46,Male,Yes,0,Graduate,No,Salaried,1.7,4320.0,3580.0,31.9,120,806.0,0,0.206,1,Rural,29900.0,4.2,7340.0,Approved
APP100705,46,Male,Yes,2,Graduate,No,Business Owner,6.0,3170.0,1450.0,10.7,12,662.0,1,0.337,1,Rural,39200.0,0.2,5720.0,Rejected
APP104150,23,Male,Yes,0,Graduate,No,Self-Employed,11.0,6440.0,3160.0,17.0,84,604.0,1,0.131,1,Rural,10400.0,6.0,5360.0,Rejected
APP103179,54,Female,No,2,Graduate,No,Self-Employed,1.9,4610.0,1830.0,28.0,60,565.0,1,0.075,1,Rural,11300.0,5.9,4180.0,Rejected
APP104776,42,Male,No,0,Graduate,Yes,Unemployed,0.0,5130.0,0.0,20.1,12,624.0,1,0.375,1,Rural,36200.0,1.4,3780.0,Rejected
APP100228,21,Male,Yes,0,Not Graduate,No,Self-Employed,9.3,3020.0,0.0,10.0,60,719.0,1,0.183,1,Rural,28400.0,1.4,15300.0,Approved
APP103336,43,Male,Yes,2,Graduate,No,Self-Employed,2.3,4500.0,0.0,10.0,240,689.0,1,0.101,0,Semiurban,88900.0,12.0,11740.0,Approved
APP102268,35,Female,Yes,0,Not Graduate,No,Salaried,11.8,6170.0,610.0,34.6,180,581.0,1,0.438,0,Rural,26300.0,5.0,7590.0,Rejected
APP103852,29,Female,Yes,0,Graduate,Yes,Self-Employed,5.7,6590.0,5340.0,37.3,240,674.0,0,0.301,1,Urban,14600.0,22.1,2260.0,Approved
APP100501,35,Female,Yes,0,Not Graduate,No,Salaried,4.0,2590.0,2890.0,16.1,180,633.0,1,0.055,1,Rural,46500.0,4.4,4700.0,Approved
APP103128,25,Female,Yes,0,Not Graduate,No,Salaried,1.8,1440.0,1340.0,11.0,12,555.0,0,0.179,1,Urban,53600.0,2.0,1240.0,Rejected
APP103352,39,Male,No,0,Graduate,No,Salaried,2.7,2300.0,1880.0,17.2,180,665.0,2,0.18,1,Semiurban,35900.0,4.5,8230.0,Rejected
APP104174,23,Female,Yes,0,Not Graduate,No,Salaried,7.8,2800.0,1210.0,18.1,36,698.0,0,0.273,1,Rural,27900.0,11.4,420.0,Approved
APP101634,32,Male,Yes,,Not Graduate,No,Business Owner,0.7,1610.0,520.0,10.0,180,479.0,2,0.285,1,Urban,82200.0,7.2,4930.0,Rejected
APP101480,26,Female,Yes,1,Graduate,No,Salaried,23.6,2410.0,0.0,10.0,180,649.0,0,0.26,1,Semiurban,25100.0,6.0,1890.0,Approved
APP102115,33,Female,Yes,0,Not Graduate,No,Salaried,2.4,2630.0,0.0,10.0,36,596.0,1,0.368,1,Urban,71800.0,7.1,3780.0,Rejected
APP103999,35,Female,Yes,0,Graduate,No,Salaried,7.3,5410.0,0.0,16.5,240,533.0,0,0.162,1,Rural,22000.0,3.4,7470.0,Rejected
APP100561,21,Female,Yes,2,Graduate,No,Self-Employed,4.3,10700.0,730.0,60.8,60,594.0,0,0.088,1,Urban,21800.0,1.6,2220.0,Approved
APP104198,21,Female,No,0,Graduate,No,Salaried,0.2,4780.0,1650.0,17.5,84,432.0,1,0.184,1,Semiurban,119400.0,9.9,18980.0,Rejected
APP103697,39,Female,Yes,1,Graduate,No,Salaried,3.1,3510.0,0.0,,36,574.0,1,0.283,1,Rural,30600.0,1.2,2590.0,Rejected
APP102907,43,Female,No,0,Graduate,No,Salaried,5.5,4000.0,1900.0,30.7,120,531.0,0,0.463,1,Urban,74300.0,4.6,2720.0,Rejected
APP100279,45,Female,No,2,Not Graduate,No,Salaried,2.5,1860.0,4150.0,20.1,360,647.0,1,0.111,1,Semiurban,20500.0,9.6,5410.0,Rejected
APP102266,21,Male,Yes,1,Not Graduate,No,Salaried,13.3,4020.0,6430.0,61.5,240,670.0,0,0.185,0,Urban,22100.0,3.1,20180.0,Approved
APP100157,47,Male,No,2,Not Graduate,No,Business Owner,3.0,3730.0,20340.0,133.9,360,504.0,2,0.415,0,Urban,33900.0,5.5,1330.0,Rejected
APP100538,34,Male,Yes,0,Graduate,No,Self-Employed,2.7,3120.0,970.0,13.1,120,,0,0.203,1,Semiurban,56600.0,0.4,3480.0,Approved
APP104114,26,Male,Yes,0,Not Graduate,No,Salaried,4.8,7930.0,0.0,32.2,36,341.0,1,0.093,1,Rural,56400.0,5.9,2350.0,Rejected
APP104457,23,Female,Yes,1,Graduate,Yes,Business Owner,0.2,11080.0,1950.0,33.7,240,698.0,0,0.037,1,Rural,17000.0,14.9,47030.0,Approved
APP101650,45,Male,Yes,2,Graduate,No,Salaried,1.7,6160.0,0.0,15.0,180,643.0,1,0.089,1,Urban,20800.0,3.7,6370.0,Rejected
APP103150,50,Female,No,0,Graduate,No,Salaried,3.1,2550.0,0.0,13.3,60,561.0,0,0.336,1,Semiurban,18600.0,6.9,6360.0,Rejected
APP100764,34,Male,Yes,0,Not Graduate,No,Unemployed,0.0,1200.0,0.0,10.0,180,709.0,0,0.193,1,Rural,32000.0,4.0,2040.0,Rejected
APP101864,35,Female,Yes,1,Not Graduate,No,Salaried,5.1,4680.0,0.0,25.8,84,638.0,1,0.329,1,Semiurban,61600.0,0.7,2770.0,Approved
APP103485,48,Male,No,0,Not Graduate,No,Unemployed,0.0,1620.0,930.0,10.0,360,677.0,2,0.258,0,Urban,32000.0,20.2,9750.0,Rejected
APP100731,45,Male,Yes,0,Graduate,No,Salaried,0.3,3140.0,5830.0,33.8,36,510.0,0,0.213,1,Rural,55500.0,1.2,11960.0,Rejected
APP100084,39,Male,No,3+,Graduate,No,Salaried,7.9,4440.0,1470.0,19.2,120,675.0,1,0.436,1,Semiurban,18900.0,8.0,16230.0,Rejected
APP102580,39,Male,Yes,0,Graduate,No,Salaried,23.6,4760.0,3350.0,16.9,36,619.0,2,0.494,1,Rural,18900.0,1.7,18780.0,Rejected
APP103207,62,Female,No,2,Graduate,No,Business Owner,7.0,10500.0,0.0,48.9,120,,0,0.461,1,Rural,115400.0,18.7,6340.0,Approved
APP102974,55,Female,Yes,3+,Graduate,No,Salaried,5.3,4880.0,800.0,23.7,120,587.0,1,0.326,1,Semiurban,35400.0,2.9,22080.0,Rejected
APP102696,45,Male,No,0,Not Graduate,No,Salaried,6.1,5420.0,920.0,31.0,120,799.0,0,0.326,1,Urban,92700.0,18.9,9130.0,Approved
APP101338,47,Male,Yes,2,Not Graduate,Yes,Business Owner,2.2,3090.0,0.0,12.4,36,675.0,1,0.336,1,Semiurban,19600.0,0.8,2880.0,Approved
APP103902,47,Male,Yes,0,Not Graduate,No,Salaried,17.0,4380.0,3490.0,23.0,36,708.0,1,0.302,0,Semiurban,63600.0,9.3,3690.0,Approved
APP100911,46,Female,Yes,1,Not Graduate,Yes,Salaried,1.5,6570.0,0.0,19.5,84,495.0,0,0.369,1,Semiurban,24600.0,4.8,1400.0,Rejected
APP100029,23,Male,No,0,Not Graduate,Yes,Salaried,5.3,3010.0,4260.0,11.1,84,668.0,0,0.495,0,Urban,59000.0,0.9,4300.0,Approved
APP100677,37,Male,No,1,Graduate,No,Salaried,1.0,3790.0,1820.0,10.0,12,646.0,0,0.402,1,Semiurban,27700.0,5.0,5660.0,Rejected
APP104501,41,Male,No,0,Graduate,No,Salaried,10.1,12110.0,1300.0,61.5,120,649.0,0,0.058,1,Semiurban,155100.0,1.3,3760.0,Approved
APP103685,55,Male,Yes,0,Graduate,Yes,Salaried,1.0,4250.0,0.0,,120,752.0,1,0.403,1,Urban,,1.3,9380.0,Rejected
APP103741,26,Male,Yes,2,Graduate,No,Unemployed,0.0,2950.0,0.0,10.0,36,788.0,1,0.275,1,Urban,46500.0,13.0,3800.0,Approved
APP101620,21,Female,No,2,Graduate,No,Salaried,3.5,3470.0,0.0,14.8,12,604.0,1,0.125,1,Semiurban,109100.0,14.5,1230.0,Approved
APP100422,47,Male,Yes,2,Graduate,No,Salaried,1.1,1960.0,0.0,10.0,360,743.0,1,0.228,1,Semiurban,14000.0,0.7,11670.0,Approved
APP101665,53,Male,No,,Not Graduate,No,Unemployed,0.0,3290.0,1980.0,17.6,12,850.0,1,0.315,1,Semiurban,19500.0,0.2,2830.0,Rejected
APP104989,46,Male,No,0,Graduate,No,Business Owner,1.5,12270.0,0.0,71.6,60,694.0,1,0.53,1,Rural,48200.0,3.2,3610.0,Rejected
APP102727,32,Female,No,3+,Graduate,No,Self-Employed,7.5,10210.0,2360.0,36.6,84,575.0,0,0.348,0,Semiurban,,13.8,2030.0,Rejected
APP103193,55,Male,Yes,0,Not Graduate,No,Self-Employed,0.7,4770.0,5500.0,57.1,120,586.0,1,0.292,1,Urban,61000.0,2.2,59670.0,Rejected
APP103968,26,Male,Yes,1,Graduate,No,Self-Employed,7.0,2670.0,660.0,17.0,36,514.0,0,0.138,1,Rural,24300.0,0.1,18200.0,Rejected
APP100168,37,Male,No,1,Graduate,Yes,Salaried,3.2,2980.0,0.0,10.0,12,613.0,1,0.24,1,Urban,65700.0,27.2,34090.0,Approved
APP103834,27,Male,No,0,Graduate,No,Business Owner,2.5,3380.0,0.0,20.3,240,,0,0.299,0,Rural,26300.0,16.6,2100.0,Approved
APP103481,30,Male,Yes,2,Not Graduate,Yes,Business Owner,5.6,2740.0,0.0,10.0,36,557.0,0,0.302,1,Rural,16600.0,1.6,2820.0,Rejected
APP103469,42,Male,Yes,1,Not Graduate,No,Self-Employed,1.4,4420.0,0.0,11.4,12,603.0,2,0.203,1,Urban,66600.0,4.1,2750.0,Rejected
APP100227,21,Female,Yes,2,Graduate,Yes,Salaried,1.1,7200.0,1600.0,40.1,60,641.0,0,0.043,1,Semiurban,94100.0,8.0,10960.0,Approved
APP102654,24,Male,Yes,2,Graduate,No,Business Owner,0.7,3720.0,0.0,10.0,120,604.0,3,0.259,0,Semiurban,62700.0,7.6,6530.0,Rejected
APP100486,34,Male,Yes,3+,Graduate,No,Business Owner,0.2,4380.0,0.0,17.0,240,608.0,1,0.117,1,Semiurban,65000.0,0.0,2940.0,Rejected
APP101694,36,Female,Yes,0,Not Graduate,No,Unemployed,0.0,1610.0,1200.0,10.0,12,731.0,0,0.446,1,Semiurban,66400.0,24.8,9530.0,Rejected
APP101200,44,Male,No,0,Graduate,No,Self-Employed,3.9,5290.0,0.0,18.5,12,668.0,0,0.144,1,Rural,44800.0,5.0,7270.0,Rejected
APP102685,47,Male,Yes,2,Not Graduate,No,Salaried,1.2,3400.0,0.0,,120,657.0,1,0.517,0,Rural,128800.0,6.4,4100.0,Rejected
APP103172,33,Female,No,2,Not Graduate,No,Salaried,4.6,5190.0,0.0,26.7,36,629.0,0,0.239,1,Semiurban,56000.0,1.4,3440.0,Rejected
APP100023,31,Female,No,0,Not Graduate,,Salaried,2.1,1260.0,3490.0,10.0,12,678.0,2,0.186,0,Urban,45000.0,0.1,1740.0,Rejected
APP103084,27,Female,Yes,0,Not Graduate,Yes,Salaried,1.7,6160.0,1310.0,20.6,36,575.0,3,0.202,1,Rural,74700.0,4.5,1780.0,Approved
APP103130,23,Male,No,2,Graduate,No,Salaried,12.4,9170.0,0.0,29.8,120,728.0,0,0.098,1,Semiurban,26300.0,31.4,3410.0,Approved
APP102536,55,Female,Yes,1,Not Graduate,No,Salaried,5.4,1990.0,960.0,15.5,180,667.0,1,0.367,0,Urban,60100.0,0.9,9270.0,Rejected
APP102897,54,Male,Yes,0,Graduate,Yes,Salaried,0.8,3840.0,5370.0,27.3,240,593.0,0,0.167,1,Urban,54300.0,24.0,5580.0,Approved
APP104840,56,Male,Yes,0,Not Graduate,No,Business Owner,12.7,4910.0,2350.0,14.8,180,723.0,0,0.123,1,Urban,50400.0,1.8,5030.0,Approved
APP102093,35,Male,Yes,0,Graduate,No,Self-Employed,0.6,3320.0,0.0,10.0,60,553.0,0,0.361,1,Urban,190600.0,2.7,2770.0,Approved
APP100239,38,Male,Yes,0,Graduate,No,Unemployed,0.0,5310.0,4810.0,23.7,84,672.0,1,0.091,1,Rural,88900.0,14.9,5500.0,Rejected
APP103571,46,Female,Yes,2,Graduate,No,Self-Employed,7.1,5840.0,1260.0,29.5,12,638.0,4,0.32,1,Urban,19900.0,5.9,9500.0,Rejected
APP103765,33,Male,Yes,2,Not Graduate,,Salaried,0.4,2850.0,0.0,13.1,240,471.0,0,0.045,1,Urban,105600.0,3.2,1280.0,Approved
APP102016,31,Female,No,0,Graduate,No,Unemployed,0.0,3930.0,0.0,22.7,180,,4,0.124,1,Rural,17100.0,3.2,5800.0,Rejected
APP104038,29,Male,No,2,Graduate,No,Business Owner,4.9,4210.0,2150.0,35.2,36,725.0,0,0.564,1,Urban,29800.0,12.4,2210.0,Rejected
APP100297,33,Male,Yes,3+,Not Graduate,No,Salaried,4.4,4220.0,0.0,16.6,360,812.0,0,0.072,1,Urban,18900.0,14.2,5390.0,Approved
APP100248,23,Male,Yes,0,Graduate,,Unemployed,0.0,7040.0,0.0,14.3,36,713.0,1,0.239,1,Urban,61600.0,8.9,1560.0,Rejected
APP102135,22,Female,Yes,0,Graduate,No,Business Owner,3.3,2800.0,3130.0,24.8,36,717.0,0,0.313,1,Rural,8600.0,0.9,6040.0,Rejected
APP100373,39,Male,Yes,0,Graduate,No,Self-Employed,0.1,12540.0,1600.0,54.7,60,676.0,0,0.181,1,Urban,75400.0,20.3,1240.0,Approved
APP100881,58,Male,No,0,Graduate,No,Business Owner,7.6,5850.0,0.0,19.1,180,668.0,3,0.285,1,Semiurban,29300.0,10.2,1690.0,Rejected
APP102307,60,Female,No,3+,Graduate,No,Salaried,9.1,7070.0,0.0,23.1,12,646.0,0,0.278,1,Urban,63600.0,1.5,3610.0,Approved
APP103887,35,Male,No,0,Not Graduate,No,Salaried,4.7,1580.0,1140.0,14.8,84,495.0,1,0.351,1,Urban,43700.0,13.6,3540.0,Rejected
APP104503,51,Female,No,3+,Graduate,No,Salaried,7.6,5990.0,2280.0,28.6,120,621.0,2,0.243,1,Semiurban,53200.0,3.4,6380.0,Rejected
APP102991,56,Male,Yes,0,Not Graduate,No,Unemployed,0.0,4340.0,0.0,16.9,360,552.0,0,0.429,1,Rural,27700.0,4.6,11090.0,Rejected
APP100724,47,Female,No,0,Graduate,No,Self-Employed,4.7,4890.0,0.0,18.2,12,658.0,1,0.241,1,Rural,71700.0,1.4,2280.0,Approved
APP102220,31,Female,No,0,Graduate,No,Self-Employed,3.7,5050.0,3980.0,,360,665.0,1,0.42,1,Urban,28200.0,11.5,3510.0,Rejected
APP102217,29,Female,Yes,0,Not Graduate,No,Salaried,5.4,9430.0,0.0,51.1,36,669.0,0,0.321,1,Semiurban,28600.0,0.6,26850.0,Rejected
APP101468,35,Male,No,2,Not Graduate,No,Salaried,5.3,2500.0,2520.0,19.8,180,811.0,0,0.442,1,Urban,15100.0,4.9,2210.0,Approved
APP101592,46,Male,No,0,Not Graduate,No,Self-Employed,0.0,1200.0,2350.0,10.0,180,411.0,1,0.151,1,Rural,11800.0,0.7,1510.0,Rejected
APP103951,51,Male,No,,Not Graduate,No,Salaried,3.5,6860.0,0.0,35.0,360,648.0,0,0.072,1,Semiurban,,11.5,5630.0,Approved
APP102445,22,Male,Yes,0,Graduate,No,Business Owner,1.0,3930.0,1490.0,10.0,240,636.0,2,0.332,1,Rural,34200.0,0.6,1270.0,Rejected
APP103091,54,Female,No,0,Not Graduate,Yes,Salaried,2.0,3100.0,0.0,10.9,84,765.0,0,0.322,1,Semiurban,53300.0,0.3,3740.0,Approved
APP100927,41,Female,No,1,Not Graduate,No,Salaried,4.8,5540.0,0.0,25.0,120,667.0,0,0.153,1,Urban,40200.0,4.8,3680.0,Approved
APP104579,35,Male,Yes,2,Graduate,Yes,Salaried,0.3,2110.0,1200.0,10.0,180,640.0,0,0.075,1,Semiurban,27000.0,13.3,4670.0,Approved
APP104652,21,Male,Yes,0,Graduate,Yes,Salaried,7.2,3980.0,0.0,11.8,180,507.0,0,0.436,1,Rural,73800.0,4.3,7440.0,Rejected
APP100599,41,Female,No,0,Not Graduate,No,Unemployed,0.0,4990.0,0.0,17.5,84,525.0,0,0.309,1,Rural,38900.0,0.4,1620.0,Rejected
APP101392,38,Male,No,,Graduate,No,Business Owner,4.7,3430.0,2310.0,11.6,60,688.0,0,0.246,1,Rural,59700.0,2.8,10120.0,Approved
APP102227,43,Male,Yes,1,Graduate,No,Salaried,2.0,2430.0,1680.0,14.5,12,,1,0.347,0,Urban,75100.0,0.7,11320.0,Rejected
APP104176,44,Female,Yes,0,Graduate,No,Salaried,1.9,7770.0,1670.0,41.9,120,641.0,1,0.686,1,Urban,17600.0,1.0,810.0,Rejected
APP101609,21,Female,Yes,,Graduate,Yes,Salaried,3.1,4160.0,2260.0,19.5,120,707.0,3,0.239,0,Urban,125300.0,1.1,1950.0,Approved
APP104290,42,Male,No,0,Graduate,No,Salaried,3.7,4150.0,2630.0,25.7,360,,0,0.379,1,Semiurban,14900.0,13.0,2640.0,Rejected
APP102876,37,Male,No,0,Graduate,No,Salaried,0.3,4690.0,1290.0,24.3,240,735.0,2,0.568,1,Urban,102300.0,4.2,8690.0,Approved
APP103288,31,Male,Yes,0,Graduate,No,Salaried,1.6,5320.0,3120.0,29.0,12,553.0,1,0.115,1,Semiurban,11500.0,0.1,1100.0,Rejected
APP102142,34,Male,No,,Not Graduate,No,Salaried,8.0,10900.0,1520.0,43.6,360,617.0,2,0.115,1,Rural,28900.0,5.0,1560.0,Rejected
APP100471,36,Male,Yes,3+,Graduate,Yes,Business Owner,3.3,3440.0,1280.0,14.4,36,651.0,2,0.117,1,Semiurban,72900.0,35.2,9440.0,Approved
APP101244,51,Male,No,0,Graduate,Yes,Business Owner,1.2,2500.0,3040.0,14.4,84,846.0,1,0.256,1,Semiurban,41800.0,1.7,8840.0,Approved
APP103690,35,Male,Yes,0,Graduate,,Self-Employed,5.9,6220.0,2500.0,15.5,360,592.0,2,0.196,0,Semiurban,49000.0,3.1,10020.0,Rejected
APP104221,48,Male,Yes,1,Graduate,No,Self-Employed,11.7,2080.0,1750.0,10.0,180,757.0,0,0.198,1,Rural,94300.0,7.1,6170.0,Approved
APP101073,49,Male,Yes,2,Not Graduate,No,Business Owner,2.8,2850.0,1740.0,17.4,360,623.0,2,0.199,1,Semiurban,11500.0,12.2,15700.0,Rejected
APP101044,31,Female,Yes,2,Graduate,No,Salaried,2.5,3350.0,0.0,10.0,36,698.0,1,0.562,1,Semiurban,54000.0,3.4,21930.0,Rejected
APP101714,38,Male,No,2,Graduate,No,Unemployed,0.0,3810.0,0.0,20.8,84,684.0,0,0.254,1,Semiurban,28500.0,1.7,2700.0,Rejected
APP104040,38,Male,Yes,0,Graduate,Yes,Salaried,2.2,3050.0,0.0,10.2,240,582.0,1,0.166,1,Rural,91500.0,1.8,12610.0,Approved
APP104778,21,Male,No,1,Graduate,No,Salaried,4.4,10620.0,1870.0,28.3,12,665.0,0,0.478,1,Semiurban,16800.0,14.5,2250.0,Rejected
APP101034,35,Male,No,1,Graduate,No,Salaried,13.0,3160.0,0.0,13.7,60,731.0,2,0.275,0,Urban,53200.0,0.4,5200.0,Rejected
APP104417,56,Male,No,0,Graduate,No,Salaried,0.6,1650.0,0.0,10.0,180,584.0,0,0.28,0,Rural,15400.0,11.1,24170.0,Rejected
APP101752,27,Male,Yes,2,Not Graduate,No,Self-Employed,0.8,3210.0,4620.0,46.9,360,710.0,2,0.544,1,Semiurban,12000.0,3.1,10970.0,Rejected
APP103649,33,Male,Yes,0,Not Graduate,No,Unemployed,0.0,1930.0,6180.0,28.2,84,524.0,0,0.108,1,Urban,79300.0,12.6,23960.0,Rejected
APP104808,36,Male,Yes,0,Graduate,No,Salaried,0.5,3580.0,2710.0,36.4,84,694.0,0,0.168,1,Urban,63500.0,2.5,9630.0,Approved
APP101554,23,Female,No,0,Graduate,Yes,Self-Employed,9.1,5710.0,0.0,13.6,360,651.0,0,0.202,1,Urban,31100.0,2.1,1750.0,Approved
APP104195,27,Male,No,1,Graduate,Yes,Self-Employed,6.6,3840.0,0.0,16.3,360,499.0,1,0.679,1,Rural,,0.4,29340.0,Rejected
APP102986,37,Male,No,0,Graduate,No,Self-Employed,0.8,3380.0,1100.0,11.3,84,631.0,2,0.625,1,Semiurban,17200.0,10.4,22090.0,Rejected
APP102721,35,Male,Yes,1,Not Graduate,No,Self-Employed,11.9,4180.0,940.0,23.2,120,739.0,1,0.304,1,Semiurban,25300.0,1.5,2190.0,Approved
APP100829,43,Male,Yes,,Graduate,No,Self-Employed,3.2,4650.0,0.0,20.2,84,617.0,0,0.403,1,Semiurban,6000.0,15.8,3200.0,Rejected
APP101095,57,Male,No,0,Graduate,,Salaried,9.6,5320.0,3290.0,,60,569.0,1,0.115,1,Semiurban,8200.0,6.7,5600.0,Rejected
APP100426,49,Female,Yes,2,Graduate,No,Self-Employed,0.1,5110.0,0.0,10.8,120,662.0,1,0.107,1,Semiurban,79800.0,7.6,3520.0,Approved
APP102145,63,Female,Yes,0,Not Graduate,No,Salaried,0.2,4530.0,0.0,26.1,84,635.0,1,0.495,1,Semiurban,105000.0,0.6,2800.0,Rejected
APP103135,48,Male,No,0,Not Graduate,No,Self-Employed,1.1,1500.0,1800.0,13.2,180,577.0,0,0.319,1,Rural,25100.0,2.2,2730.0,Rejected
APP104160,43,Male,Yes,0,Graduate,No,Salaried,3.2,8650.0,0.0,34.2,120,693.0,0,0.213,1,Semiurban,30300.0,26.7,3520.0,Approved
APP104064,45,Male,Yes,1,Graduate,No,Unemployed,0.0,3250.0,7270.0,55.5,36,606.0,0,0.403,1,Semiurban,20700.0,3.8,6880.0,Rejected
APP104342,43,Male,Yes,3+,Graduate,No,Salaried,0.8,4600.0,1050.0,15.4,84,559.0,0,0.135,1,Semiurban,168500.0,8.9,2910.0,Approved
APP104951,21,Male,No,2,Not Graduate,No,Unemployed,0.0,2590.0,1350.0,13.4,120,699.0,1,0.256,1,Urban,38600.0,6.4,12090.0,Rejected
APP103580,55,Male,Yes,0,Not Graduate,No,Salaried,1.5,3000.0,1270.0,11.3,36,658.0,0,0.171,1,Rural,52000.0,5.5,10370.0,Approved
APP104230,41,Female,No,0,Not Graduate,Yes,Salaried,0.3,3670.0,620.0,12.5,360,599.0,0,0.438,1,Semiurban,75600.0,7.3,710.0,Approved
APP102662,22,Male,Yes,2,Graduate,No,Salaried,1.7,4740.0,0.0,10.0,180,634.0,1,0.277,1,Rural,29200.0,10.3,480.0,Rejected
APP102705,39,Male,No,3+,Graduate,No,Self-Employed,1.6,5850.0,0.0,13.5,360,616.0,1,0.196,1,Semiurban,28400.0,0.5,3820.0,Approved
APP101323,45,Female,No,0,Not Graduate,Yes,Salaried,1.1,5330.0,1310.0,39.7,84,591.0,0,0.338,1,Urban,,1.3,34230.0,Rejected
APP104129,61,Female,Yes,0,Not Graduate,,Salaried,3.9,4900.0,1150.0,35.6,240,504.0,1,0.099,1,Urban,34700.0,10.4,1900.0,Rejected
APP103984,22,Female,No,2,Graduate,No,Self-Employed,6.5,3440.0,0.0,13.1,360,574.0,1,0.124,1,Semiurban,5100.0,2.9,5730.0,Rejected
APP104825,29,Male,No,0,Graduate,Yes,Salaried,4.4,4010.0,0.0,16.0,180,735.0,0,0.165,1,Urban,24100.0,6.0,4380.0,Approved
APP104459,45,Male,Yes,1,Not Graduate,No,Self-Employed,7.3,5000.0,0.0,18.0,84,681.0,0,0.294,1,Urban,5500.0,14.0,7160.0,Rejected
APP102883,39,Male,No,0,Graduate,No,Business Owner,8.0,3850.0,0.0,10.0,240,751.0,2,0.463,1,Urban,20600.0,0.3,2370.0,Rejected
APP102117,35,Male,No,3+,Graduate,No,Salaried,5.6,9130.0,1320.0,30.5,120,603.0,0,0.48,1,Rural,20100.0,34.2,2340.0,Rejected
APP100653,28,Male,Yes,1,Graduate,No,Salaried,16.7,3720.0,2190.0,21.3,60,599.0,0,0.265,1,Urban,190800.0,1.0,7990.0,Approved
APP104436,31,Female,Yes,0,Not Graduate,No,Salaried,1.6,5600.0,0.0,21.0,240,858.0,1,0.166,1,Semiurban,60200.0,7.7,3990.0,Approved
APP101018,42,Female,Yes,0,Graduate,No,Self-Employed,7.5,5290.0,840.0,32.9,84,677.0,0,0.347,1,Semiurban,,16.2,6210.0,Rejected
APP100088,44,Male,Yes,0,Graduate,No,Salaried,3.0,3250.0,0.0,15.2,12,655.0,0,0.109,1,Urban,,0.6,4030.0,Approved
APP101129,41,Male,No,0,Not Graduate,Yes,Unemployed,0.0,4060.0,1710.0,11.8,180,594.0,0,0.171,1,Semiurban,57900.0,1.2,2180.0,Rejected
APP100580,60,Male,No,0,Graduate,No,Self-Employed,9.6,3210.0,2330.0,17.6,360,603.0,1,0.156,1,Semiurban,52900.0,22.9,650.0,Approved
APP100008,50,Male,Yes,,Graduate,No,Salaried,11.1,3590.0,0.0,10.0,60,522.0,1,0.07,1,Semiurban,18200.0,1.3,5270.0,Rejected
APP101886,30,Female,No,2,Graduate,No,Salaried,4.6,10270.0,0.0,38.1,180,731.0,0,0.452,1,Urban,23100.0,11.9,840.0,Approved
APP101662,23,Male,Yes,1,Not Graduate,Yes,Salaried,4.1,3690.0,0.0,16.5,84,588.0,0,0.464,1,Urban,56600.0,2.4,23330.0,Approved
APP103910,39,Male,No,3+,Graduate,No,Salaried,13.3,5260.0,0.0,24.0,180,549.0,0,0.159,0,Urban,31700.0,0.8,8910.0,Rejected
APP100681,49,Male,No,1,Graduate,No,Business Owner,2.2,10740.0,2020.0,22.8,60,696.0,0,0.064,1,Urban,20400.0,10.4,2890.0,Approved
APP103773,28,Male,Yes,0,Not Graduate,No,Unemployed,0.0,2050.0,0.0,10.0,36,555.0,1,0.443,1,Semiurban,45600.0,1.9,13650.0,Rejected
APP103658,33,Male,Yes,0,Not Graduate,No,Self-Employed,2.8,4490.0,0.0,15.1,12,699.0,1,0.031,1,Rural,30000.0,3.7,11120.0,Approved
APP100144,49,Male,Yes,0,Graduate,No,Salaried,3.8,1560.0,3520.0,11.0,12,408.0,2,0.693,1,Semiurban,54800.0,6.1,10650.0,Rejected
APP100994,35,Male,No,0,Not Graduate,No,Salaried,1.7,4260.0,1250.0,25.3,120,802.0,1,0.291,1,Semiurban,73600.0,4.8,690.0,Approved
APP103652,22,Female,Yes,2,Graduate,No,Unemployed,0.0,10050.0,0.0,52.4,240,627.0,1,0.217,1,Urban,29800.0,9.0,2680.0,Rejected
APP101741,36,Female,Yes,1,Graduate,No,Business Owner,4.9,5580.0,2400.0,42.5,240,,1,0.49,1,Rural,47800.0,5.7,410.0,Rejected
APP103340,31,Male,Yes,1,Graduate,Yes,Self-Employed,0.6,2850.0,3080.0,12.6,84,,0,0.24,1,Semiurban,19700.0,4.6,26870.0,Approved
APP103835,38,Female,No,0,Graduate,Yes,Self-Employed,7.8,7000.0,0.0,25.8,360,,1,0.533,1,Urban,12400.0,0.7,4990.0,Rejected
APP102741,21,Female,Yes,0,Not Graduate,No,Unemployed,0.0,8050.0,6640.0,60.5,180,616.0,2,0.119,1,Semiurban,37800.0,12.1,7280.0,Rejected
APP100151,37,Female,No,0,Not Graduate,Yes,Salaried,14.4,1450.0,0.0,10.0,60,700.0,2,0.349,0,Urban,64000.0,3.8,7970.0,Approved
APP101670,29,Female,Yes,0,Graduate,No,Self-Employed,0.1,3480.0,1380.0,23.2,120,607.0,2,0.247,1,Semiurban,21900.0,13.0,6490.0,Rejected
APP103917,34,Female,Yes,0,Graduate,No,Salaried,1.3,3150.0,0.0,16.2,120,653.0,1,0.043,1,Urban,15500.0,5.3,3460.0,Rejected
APP101831,39,Female,Yes,3+,Not Graduate,No,Business Owner,4.0,9040.0,0.0,46.2,360,490.0,2,0.325,0,Semiurban,56200.0,0.4,4160.0,Rejected
APP100240,38,Female,Yes,2,Not Graduate,Yes,Salaried,4.1,4570.0,4740.0,22.0,60,656.0,0,0.425,1,Rural,23800.0,9.5,3380.0,Rejected
APP100848,31,Female,No,0,Graduate,Yes,Self-Employed,2.9,2930.0,760.0,19.0,240,609.0,0,0.209,1,Rural,114200.0,0.6,650.0,Approved
APP102172,23,Male,Yes,3+,Graduate,No,Salaried,11.9,6680.0,1610.0,36.5,60,684.0,2,0.358,1,Rural,40500.0,0.2,15250.0,Approved
APP101881,25,Male,No,0,Not Graduate,No,Self-Employed,2.1,3140.0,0.0,10.0,84,566.0,1,0.322,1,Urban,35200.0,3.0,4140.0,Rejected
APP100856,40,Female,Yes,0,Not Graduate,No,Unemployed,0.0,6060.0,4280.0,55.7,60,643.0,1,0.266,1,Semiurban,30200.0,12.2,2920.0,Rejected
APP103355,43,Male,Yes,0,Graduate,No,Salaried,0.6,8520.0,3590.0,64.5,60,632.0,1,0.402,1,Urban,39900.0,2.0,1550.0,Rejected
APP101413,45,Female,Yes,0,Not Graduate,No,Unemployed,0.0,4330.0,3730.0,34.0,60,648.0,1,0.442,1,Rural,35000.0,0.5,7160.0,Rejected
APP100964,39,Male,Yes,1,Not Graduate,No,Salaried,5.1,5290.0,1330.0,23.4,36,406.0,0,0.257,1,Semiurban,17500.0,8.0,7230.0,Rejected
APP101417,35,Female,Yes,2,Graduate,No,Unemployed,0.0,6540.0,0.0,16.8,180,507.0,1,0.259,1,Urban,50800.0,21.0,880.0,Rejected
APP102749,38,Male,Yes,0,Graduate,No,Self-Employed,12.3,1550.0,3690.0,23.3,60,787.0,1,0.122,1,Rural,62800.0,0.9,22880.0,Approved
APP100457,35,Male,Yes,2,Graduate,No,Salaried,1.1,5850.0,990.0,33.2,84,712.0,1,0.133,1,Urban,46200.0,15.4,5780.0,Approved
APP101103,52,Male,Yes,0,Not Graduate,No,Self-Employed,0.7,3630.0,4410.0,16.6,120,658.0,0,0.26,1,Semiurban,,0.0,5980.0,Approved
APP101436,42,Male,Yes,0,Graduate,No,Salaried,6.1,8930.0,6970.0,28.0,180,652.0,0,0.254,0,Urban,22500.0,11.1,12240.0,Rejected
APP104759,42,Male,Yes,1,Not Graduate,No,Business Owner,0.1,4330.0,0.0,20.2,240,579.0,2,0.12,1,Rural,23400.0,6.7,8840.0,Rejected
APP104084,26,Female,No,0,Graduate,Yes,Self-Employed,2.0,3790.0,0.0,10.0,36,760.0,1,0.128,0,Urban,83300.0,9.5,6320.0,Approved
APP101590,32,Female,Yes,0,Graduate,No,Unemployed,0.0,8520.0,0.0,19.2,60,769.0,0,0.332,1,Semiurban,28000.0,11.1,4780.0,Rejected
APP103386,42,Female,Yes,1,Graduate,No,Salaried,2.4,7190.0,0.0,26.2,120,,0,0.192,1,Urban,23300.0,4.4,5250.0,Approved
APP100465,45,Male,No,1,Not Graduate,No,Self-Employed,1.9,3030.0,1890.0,17.3,120,777.0,1,0.227,1,Urban,36800.0,11.9,3940.0,Approved
APP102673,25,Male,Yes,1,Graduate,No,Self-Employed,0.1,5040.0,3700.0,21.4,240,727.0,0,0.346,1,Semiurban,74600.0,13.5,16620.0,Approved
APP103257,38,Male,No,2,Graduate,No,Self-Employed,6.1,7220.0,0.0,26.8,120,513.0,0,0.593,1,Urban,11900.0,11.5,7310.0,Rejected
APP104293,32,Male,No,0,Graduate,Yes,Salaried,10.1,3920.0,0.0,12.6,12,674.0,1,0.311,1,Urban,16800.0,2.9,18150.0,Approved
APP101786,43,Male,Yes,0,Graduate,No,Salaried,1.5,3580.0,0.0,12.6,180,539.0,2,0.177,1,Urban,49800.0,18.8,750.0,Rejected
APP101718,35,Female,Yes,0,Not Graduate,No,Salaried,15.0,11420.0,7230.0,61.9,36,690.0,0,0.099,1,Rural,14800.0,1.1,1730.0,Approved
APP100100,38,Female,No,0,Not Graduate,No,Self-Employed,1.5,3420.0,0.0,,120,590.0,0,0.156,1,Semiurban,72100.0,10.5,9410.0,Rejected
APP104028,36,Male,No,0,Graduate,Yes,Self-Employed,5.6,5680.0,6640.0,30.9,240,667.0,0,0.206,1,Semiurban,69300.0,5.5,8920.0,Rejected
APP101705,44,Male,Yes,0,Not Graduate,No,Salaried,5.0,3930.0,0.0,20.0,360,747.0,0,0.061,1,Rural,75900.0,6.8,4160.0,Approved
APP103319,36,Male,Yes,0,Graduate,No,Salaried,1.8,2870.0,0.0,13.5,84,681.0,0,0.313,1,Urban,14000.0,7.1,5240.0,Rejected
APP101049,29,Female,Yes,0,Graduate,No,Salaried,13.5,4660.0,0.0,,36,702.0,0,0.344,0,Semiurban,14300.0,1.1,3830.0,Approved
APP101406,22,Male,No,0,Not Graduate,,Salaried,0.2,4750.0,0.0,27.8,120,587.0,0,0.235,1,Semiurban,22900.0,1.4,3610.0,Rejected
APP103625,44,Male,Yes,2,Graduate,Yes,Business Owner,3.2,7630.0,1420.0,18.4,180,795.0,0,0.306,1,Urban,124800.0,1.5,3030.0,Approved
APP104192,43,Male,No,0,Graduate,No,Business Owner,2.4,4140.0,1130.0,20.9,36,792.0,1,0.391,1,Semiurban,47100.0,6.5,5130.0,Rejected
APP101253,33,Male,Yes,0,Graduate,No,Business Owner,5.2,2940.0,590.0,10.0,120,575.0,0,0.088,1,Semiurban,81400.0,4.4,3230.0,Approved
APP104738,34,Male,Yes,0,Graduate,No,Salaried,0.3,5100.0,0.0,10.0,120,472.0,1,0.183,1,Semiurban,98300.0,15.1,3300.0,Rejected
APP102420,39,Male,Yes,1,Graduate,Yes,Salaried,5.2,1330.0,2730.0,17.4,240,621.0,0,0.231,1,Urban,41600.0,11.0,3470.0,Approved
APP104273,51,Male,No,0,Not Graduate,No,Salaried,1.8,1710.0,0.0,10.0,60,,0,0.555,1,Rural,24600.0,4.1,3070.0,Rejected
APP102847,27,Male,No,1,Graduate,No,Salaried,11.1,3300.0,4250.0,32.0,120,622.0,2,0.368,1,Semiurban,46700.0,9.6,1710.0,Approved
APP101056,49,Female,Yes,2,Not Graduate,Yes,Unemployed,0.0,4200.0,0.0,10.0,84,602.0,0,0.403,1,Rural,42000.0,7.0,1740.0,Rejected
APP102072,43,Male,Yes,1,Graduate,No,Salaried,5.8,6880.0,1630.0,33.1,12,702.0,1,0.451,1,Semiurban,18800.0,6.7,4020.0,Rejected
APP101726,28,Female,Yes,2,Graduate,Yes,Self-Employed,2.0,4410.0,0.0,14.3,84,712.0,1,0.141,0,Semiurban,63300.0,6.8,2780.0,Approved
APP104252,21,Male,No,0,Graduate,No,Salaried,7.9,7390.0,0.0,25.2,36,472.0,0,0.426,1,Semiurban,36000.0,18.6,1010.0,Rejected
APP103361,50,Female,Yes,3+,Graduate,No,Business Owner,9.9,13000.0,4520.0,,36,646.0,0,0.228,1,Semiurban,26000.0,5.5,1980.0,Rejected
APP101295,31,Male,No,1,Graduate,No,Salaried,10.9,4130.0,2230.0,,12,733.0,1,0.177,1,Semiurban,39400.0,1.8,5630.0,Approved
APP103592,46,Male,Yes,0,Not Graduate,No,Salaried,9.7,5920.0,0.0,34.6,36,713.0,2,0.406,1,Semiurban,,0.8,3110.0,Approved
APP103488,47,Male,Yes,1,Graduate,No,Salaried,11.9,6440.0,0.0,21.6,84,667.0,0,0.079,1,Semiurban,55500.0,5.0,340.0,Approved
APP101292,48,Male,Yes,,Graduate,No,Salaried,5.4,5410.0,0.0,31.9,240,711.0,2,0.42,1,Urban,130000.0,3.8,9200.0,Approved
APP100589,34,Female,Yes,0,Graduate,No,Salaried,9.3,5380.0,2240.0,33.0,60,,0,0.343,1,Urban,23300.0,15.4,82010.0,Approved
APP104116,40,Female,No,0,Graduate,Yes,Self-Employed,2.2,9450.0,1620.0,29.0,120,,0,0.396,1,Semiurban,86500.0,9.1,17990.0,Approved
APP102837,42,Male,Yes,0,Graduate,No,Salaried,4.2,9580.0,0.0,31.4,84,715.0,1,0.08,1,Semiurban,22200.0,1.5,18870.0,Approved
APP104610,35,Male,Yes,0,Not Graduate,,Salaried,6.1,2480.0,1330.0,12.3,84,,1,0.229,1,Urban,50000.0,4.2,50760.0,Approved
APP100931,56,Male,No,2,Graduate,No,Self-Employed,1.6,8420.0,2420.0,16.6,12,557.0,1,0.116,1,Urban,15100.0,6.7,1710.0,Rejected
APP101170,43,Female,Yes,0,Graduate,No,Unemployed,0.0,2770.0,1250.0,22.1,84,625.0,0,0.134,1,Urban,100700.0,3.5,3610.0,Rejected
APP103167,63,Female,Yes,1,Graduate,No,Salaried,5.8,4110.0,0.0,10.0,120,663.0,1,0.339,1,Semiurban,44300.0,13.5,18270.0,Approved
APP101699,47,Female,No,0,Not Graduate,No,Salaried,8.7,5310.0,0.0,26.9,60,616.0,0,0.039,1,Rural,68200.0,0.4,22690.0,Approved
APP102619,48,Male,No,1,Not Graduate,No,Salaried,1.1,2010.0,0.0,10.5,180,645.0,0,0.519,1,Semiurban,89700.0,1.6,10770.0,Approved
APP100683,21,Female,No,2,Graduate,No,Salaried,4.0,4320.0,0.0,10.0,120,622.0,1,0.514,1,Semiurban,25700.0,5.7,13940.0,Rejected
APP100230,30,Female,Yes,0,Graduate,No,Salaried,6.5,4590.0,1020.0,15.4,84,734.0,0,0.083,1,Rural,92500.0,4.4,6010.0,Approved
APP104605,42,Male,No,0,Graduate,No,Salaried,10.1,10390.0,2540.0,59.5,84,765.0,2,0.216,1,Semiurban,32100.0,0.3,12550.0,Approved
APP103408,28,Male,Yes,1,Graduate,No,Salaried,10.0,8840.0,2200.0,57.6,240,,1,0.101,1,Rural,50200.0,21.6,1250.0,Approved
APP104322,56,Male,No,1,Graduate,Yes,Salaried,2.0,8570.0,2070.0,36.4,84,804.0,1,0.074,1,Urban,52300.0,9.7,5460.0,Approved
APP104046,29,Male,No,3+,Graduate,No,Salaried,14.3,7660.0,0.0,21.2,180,535.0,0,0.163,1,Semiurban,43100.0,0.1,12840.0,Approved
APP102407,47,Male,Yes,1,Graduate,No,Self-Employed,2.3,3190.0,0.0,13.3,12,761.0,1,0.511,1,Urban,45400.0,33.5,240.0,Rejected
APP102337,29,Female,Yes,0,Graduate,No,Business Owner,11.3,4690.0,0.0,24.7,36,673.0,1,0.085,1,Semiurban,40500.0,11.3,24430.0,Approved
APP104051,62,Male,No,3+,Not Graduate,No,Salaried,10.9,3660.0,3800.0,30.3,12,647.0,1,0.142,1,Urban,50200.0,19.5,5760.0,Approved
APP100296,21,Male,No,0,Not Graduate,No,Salaried,2.5,5950.0,0.0,10.3,180,697.0,0,0.444,1,Urban,13800.0,4.6,10510.0,Rejected
APP104749,38,Female,No,0,Graduate,,Self-Employed,1.1,7040.0,1610.0,50.6,12,664.0,1,0.14,1,Rural,51300.0,9.3,12790.0,Rejected
APP103780,48,Male,Yes,1,Graduate,No,Self-Employed,8.7,2440.0,0.0,13.6,12,609.0,1,0.502,0,Semiurban,63400.0,9.8,12860.0,Rejected
APP101173,36,Male,No,2,Not Graduate,No,Salaried,2.6,1970.0,2360.0,14.5,36,512.0,0,0.384,1,Rural,42300.0,2.6,5990.0,Rejected
APP103127,53,Male,Yes,0,Graduate,No,Salaried,13.9,2240.0,0.0,10.0,240,676.0,0,0.389,1,Semiurban,16000.0,2.0,3070.0,Rejected
APP103035,51,Male,No,0,Not Graduate,No,Self-Employed,0.8,2580.0,2270.0,10.4,36,693.0,0,0.126,1,Urban,23500.0,3.6,740.0,Approved
APP100742,57,Female,Yes,0,Not Graduate,No,Salaried,1.6,2980.0,0.0,11.0,36,614.0,2,0.391,0,Urban,115900.0,4.7,9460.0,Rejected
APP103940,53,Male,No,1,Graduate,Yes,Salaried,21.1,4370.0,0.0,14.5,240,635.0,0,0.106,1,Semiurban,38100.0,3.0,39520.0,Approved
APP103868,21,Male,Yes,0,Not Graduate,No,Salaried,13.0,3510.0,2820.0,,360,669.0,0,0.212,1,Urban,24100.0,3.5,12450.0,Approved
APP100505,26,Female,No,1,Not Graduate,No,Business Owner,11.1,3410.0,0.0,11.8,84,601.0,2,0.522,1,Urban,28600.0,4.0,3570.0,Rejected
APP104600,29,Male,No,0,Not Graduate,No,Business Owner,5.2,10070.0,3270.0,46.7,240,580.0,0,0.085,0,Semiurban,40900.0,3.3,2120.0,Rejected
APP104258,48,Female,Yes,0,Not Graduate,No,Salaried,5.6,3090.0,2030.0,29.3,360,641.0,1,0.602,1,Rural,88200.0,5.6,10990.0,Rejected
APP101485,60,Female,Yes,1,Graduate,No,Salaried,9.6,10530.0,3030.0,29.6,120,735.0,5,0.511,1,Urban,49500.0,0.0,4790.0,Approved
APP101419,37,Male,No,3+,Not Graduate,No,Salaried,4.6,4420.0,0.0,21.7,84,543.0,0,0.116,1,Urban,113000.0,0.2,5110.0,Approved
APP103098,29,Female,No,1,Graduate,No,Salaried,2.4,5310.0,4990.0,32.8,120,671.0,0,0.073,0,Rural,23400.0,8.4,1730.0,Approved
APP102027,41,Male,Yes,0,Graduate,No,Self-Employed,1.9,5710.0,0.0,20.9,12,693.0,0,0.204,1,Urban,10300.0,1.7,2170.0,Approved
APP104725,37,Male,No,0,Graduate,No,Salaried,3.9,3600.0,3940.0,43.9,60,576.0,1,0.447,1,Semiurban,48800.0,19.2,3540.0,Rejected
APP100333,21,Male,Yes,0,Not Graduate,Yes,Salaried,0.4,3850.0,870.0,26.8,12,627.0,0,0.148,1,Semiurban,14700.0,5.9,3280.0,Rejected
APP100468,43,Male,Yes,3+,Graduate,No,Unemployed,0.0,4560.0,0.0,10.0,84,704.0,0,0.355,1,Urban,107900.0,5.2,5920.0,Approved
APP103450,44,Male,Yes,1,Not Graduate,No,Salaried,10.1,3160.0,1210.0,13.4,84,615.0,1,0.413,1,Urban,48300.0,6.9,10370.0,Rejected
APP103105,22,Female,No,0,Not Graduate,Yes,Unemployed,0.0,2760.0,0.0,10.0,36,559.0,0,0.237,1,Urban,72600.0,1.6,25240.0,Rejected
APP101434,42,Male,Yes,0,Graduate,No,Salaried,1.4,3540.0,0.0,19.4,180,736.0,0,0.129,1,Rural,53000.0,3.0,4060.0,Approved
APP100149,42,Female,No,3+,Graduate,No,Self-Employed,6.2,10830.0,0.0,22.7,120,603.0,1,0.233,1,Urban,20100.0,1.5,7680.0,Rejected
APP104031,21,Female,No,0,Graduate,No,Business Owner,12.3,2860.0,1230.0,10.2,84,703.0,2,0.078,1,Semiurban,41600.0,1.0,5710.0,Approved
APP100414,32,Male,Yes,0,Graduate,No,Business Owner,4.0,5700.0,0.0,32.2,360,587.0,1,0.236,1,Rural,18400.0,7.9,3520.0,Rejected
APP101305,44,Female,Yes,0,Not Graduate,Yes,Business Owner,9.2,2530.0,0.0,15.0,120,688.0,1,0.09,1,Semiurban,60000.0,14.8,1390.0,Approved
APP102629,35,Female,No,0,Graduate,No,Salaried,3.4,8600.0,2250.0,44.1,60,689.0,1,0.189,1,Urban,12900.0,0.3,1540.0,Approved
APP101126,42,Female,Yes,2,Graduate,No,Unemployed,0.0,14770.0,0.0,44.4,240,685.0,1,0.488,1,Semiurban,50600.0,0.9,6180.0,Rejected
APP103692,61,Female,Yes,1,Graduate,Yes,Salaried,0.9,1510.0,990.0,11.6,120,,0,0.16,1,Urban,,6.9,9200.0,Rejected
APP100012,51,Female,Yes,0,Not Graduate,No,Salaried,3.4,8180.0,1050.0,16.2,240,599.0,3,0.344,0,Rural,18500.0,0.1,1460.0,Rejected
APP100093,30,Female,Yes,0,Graduate,No,Salaried,2.6,4580.0,0.0,15.3,180,706.0,0,0.058,1,Urban,92800.0,2.6,3600.0,Approved
APP103657,23,Male,Yes,0,Graduate,No,Business Owner,3.2,4160.0,2400.0,29.4,84,547.0,1,0.213,1,Semiurban,48900.0,21.5,14970.0,Approved
APP101541,38,Male,Yes,0,Graduate,No,Self-Employed,7.7,5590.0,0.0,23.1,36,717.0,0,0.204,1,Rural,86700.0,0.4,950.0,Approved
APP104372,21,Female,No,0,Graduate,No,Salaried,1.0,5730.0,840.0,33.2,36,746.0,2,0.271,0,Semiurban,37300.0,2.8,10800.0,Rejected
APP103759,36,Male,Yes,2,Graduate,No,Salaried,2.4,7000.0,0.0,29.4,120,485.0,0,0.438,1,Semiurban,28900.0,0.9,2370.0,Rejected
APP103733,43,Female,No,0,Graduate,No,Salaried,1.6,2060.0,0.0,10.0,60,716.0,2,0.177,1,Urban,11400.0,23.8,2720.0,Rejected
APP103767,45,Female,Yes,0,Graduate,No,Business Owner,0.6,2770.0,0.0,10.5,180,693.0,0,0.304,1,Urban,78000.0,7.0,17960.0,Approved
APP102902,48,Female,No,0,Graduate,No,Self-Employed,4.3,7620.0,1920.0,26.6,36,599.0,1,0.437,1,Semiurban,11700.0,4.0,4650.0,Rejected
APP100733,46,Female,No,2,Graduate,No,Salaried,4.8,1680.0,0.0,10.0,84,647.0,2,0.102,1,Urban,33100.0,14.0,4840.0,Approved
APP103497,39,Female,Yes,0,Not Graduate,No,Salaried,1.1,4020.0,2180.0,12.7,360,477.0,1,0.117,1,Rural,39600.0,19.6,1860.0,Rejected
APP104125,70,Female,No,0,Graduate,No,Salaried,1.7,5930.0,0.0,23.3,84,501.0,0,0.109,0,Urban,68000.0,4.2,6570.0,Rejected
APP101784,41,Male,Yes,2,Graduate,No,Salaried,2.1,9600.0,690.0,29.1,12,752.0,0,0.415,1,Semiurban,18100.0,20.6,4920.0,Rejected
APP102181,27,Male,No,1,Not Graduate,No,Salaried,20.1,3870.0,2400.0,31.5,240,547.0,1,0.153,1,Semiurban,112100.0,2.7,2770.0,Rejected
APP100416,28,Male,Yes,2,Graduate,Yes,Business Owner,1.4,3920.0,730.0,16.1,12,562.0,0,0.619,1,Semiurban,87800.0,1.5,18750.0,Approved
APP102316,70,Female,No,2,Graduate,No,Salaried,3.1,2650.0,4260.0,13.4,84,486.0,0,0.333,1,Semiurban,23100.0,3.6,5290.0,Rejected
APP104325,33,Male,Yes,1,Graduate,No,Self-Employed,2.2,2840.0,0.0,10.0,120,651.0,0,0.44,1,Semiurban,17100.0,2.1,15890.0,Rejected
APP104177,31,Male,No,1,Not Graduate,No,Unemployed,0.0,3160.0,0.0,15.3,12,687.0,0,0.374,1,Semiurban,,0.0,20600.0,Rejected
APP101864,35,Female,Yes,1,Not Graduate,No,Salaried,5.1,4680.0,0.0,25.8,84,638.0,1,0.329,1,Semiurban,61600.0,0.7,2770.0,Approved
APP101094,49,Female,Yes,1,Graduate,No,Salaried,2.6,3750.0,0.0,10.0,60,589.0,1,0.152,1,Rural,54800.0,3.6,1550.0,Approved
APP100746,33,Male,Yes,0,Graduate,No,Salaried,4.6,8400.0,2810.0,31.0,36,616.0,1,0.466,1,Rural,44600.0,9.5,1340.0,Approved
APP103899,24,Male,Yes,0,Graduate,Yes,Business Owner,8.0,4310.0,3820.0,40.2,84,720.0,3,0.245,0,Semiurban,58100.0,2.4,5120.0,Rejected
APP103979,44,Female,No,2,Not Graduate,No,Salaried,8.5,1640.0,1620.0,13.8,60,727.0,0,0.294,1,Urban,36900.0,14.4,6100.0,Approved
APP102687,46,Male,Yes,3+,Not Graduate,No,Self-Employed,0.3,2710.0,1340.0,18.0,12,673.0,0,0.297,1,Urban,35800.0,9.2,1300.0,Rejected
APP103017,41,Male,Yes,1,Graduate,No,Business Owner,3.8,6450.0,0.0,20.9,180,736.0,0,0.034,1,Urban,78100.0,5.7,3440.0,Approved
APP101992,31,Female,No,1,Graduate,No,Salaried,2.6,8040.0,0.0,32.0,12,790.0,0,0.058,1,Semiurban,60100.0,0.2,11000.0,Approved
APP104904,28,Male,Yes,0,Not Graduate,No,Salaried,3.5,1290.0,2280.0,10.0,360,570.0,0,0.117,0,Semiurban,24900.0,0.9,4060.0,Rejected
APP102651,51,Female,No,0,Graduate,No,Salaried,0.1,2220.0,0.0,10.6,360,719.0,1,0.231,0,Rural,24500.0,5.2,1040.0,Rejected
APP102850,49,Male,No,0,Graduate,No,Salaried,5.6,6520.0,1490.0,40.1,120,672.0,1,0.092,1,Urban,67900.0,1.8,8410.0,Approved
APP102858,52,Male,No,,Not Graduate,No,Self-Employed,7.8,4450.0,0.0,12.3,120,787.0,0,0.256,1,Urban,20600.0,5.3,1830.0,Approved
APP103527,43,Male,Yes,0,Graduate,No,Unemployed,0.0,9540.0,1260.0,47.0,12,,0,0.194,1,Semiurban,38700.0,0.0,2780.0,Rejected
APP104242,27,Female,No,0,Graduate,Yes,Salaried,0.9,7010.0,0.0,20.3,120,556.0,2,0.129,1,Urban,35200.0,1.2,16790.0,Rejected
APP103682,43,Male,Yes,0,Graduate,No,Salaried,9.5,9610.0,1190.0,51.9,12,823.0,0,0.286,1,Urban,4200.0,7.2,1590.0,Approved
APP100132,62,Female,Yes,2,Graduate,No,Self-Employed,5.2,6540.0,1650.0,39.2,84,529.0,0,0.395,1,Urban,51500.0,0.2,9020.0,Rejected
APP100639,30,Male,Yes,0,Not Graduate,,Salaried,12.7,5010.0,0.0,29.1,120,572.0,0,0.198,1,Semiurban,22400.0,17.1,24980.0,Rejected
APP103634,36,Female,No,0,Graduate,Yes,Salaried,6.2,4620.0,0.0,10.0,60,553.0,1,0.057,1,Rural,16200.0,9.9,8690.0,Approved
APP101482,53,Male,Yes,0,Graduate,No,Self-Employed,0.4,5180.0,2160.0,14.5,360,900.0,0,0.327,1,Rural,24000.0,4.3,1780.0,Approved
APP100429,21,Female,Yes,0,Not Graduate,No,Salaried,7.9,3270.0,300.0,13.0,360,601.0,1,0.251,1,Urban,44800.0,7.6,4260.0,Rejected
APP104805,38,Female,No,3+,Not Graduate,No,Salaried,2.1,2400.0,2980.0,27.3,240,482.0,0,0.258,0,Urban,22800.0,3.8,760.0,Rejected
APP104739,70,Male,No,0,Not Graduate,No,Salaried,8.9,1200.0,2770.0,10.0,240,537.0,2,0.229,1,Semiurban,76300.0,9.5,18070.0,Approved
APP101907,32,Female,No,0,Graduate,No,Salaried,5.3,3940.0,1300.0,28.3,120,772.0,1,0.389,1,Urban,44800.0,7.2,11750.0,Approved
APP100287,22,Male,No,2,Graduate,No,Self-Employed,1.0,5680.0,1070.0,28.2,360,627.0,1,0.106,1,Rural,24100.0,1.1,3730.0,Rejected
APP103274,49,Male,Yes,0,Not Graduate,No,Salaried,3.3,6630.0,810.0,18.5,360,590.0,1,0.059,1,Semiurban,47000.0,27.3,1180.0,Approved
APP103653,58,Male,Yes,1,Graduate,Yes,Business Owner,1.2,2560.0,1170.0,15.7,120,778.0,0,0.212,1,Urban,34400.0,3.6,10920.0,Approved
APP103922,52,Female,Yes,0,Graduate,Yes,Salaried,13.5,6370.0,780.0,21.6,84,649.0,0,0.305,1,Semiurban,65000.0,4.4,15630.0,Approved
APP104163,21,Male,No,0,Graduate,No,Salaried,1.2,16790.0,1810.0,51.5,240,696.0,0,0.417,1,Semiurban,20700.0,11.7,2460.0,Rejected
APP103107,49,Male,Yes,0,Not Graduate,No,Unemployed,0.0,6890.0,1510.0,19.8,360,646.0,1,0.268,1,Urban,29400.0,4.5,86800.0,Rejected
APP102094,21,Female,Yes,2,Not Graduate,No,Unemployed,0.0,3730.0,6110.0,51.4,240,746.0,0,0.3,1,Semiurban,12100.0,0.3,11760.0,Rejected
APP102436,51,Male,Yes,0,Graduate,Yes,Salaried,4.2,5720.0,1030.0,19.2,120,570.0,1,0.209,1,Urban,84100.0,5.9,3420.0,Approved
APP101870,51,Female,Yes,,Graduate,No,Business Owner,4.7,5500.0,1350.0,30.6,180,535.0,0,0.532,1,Urban,90600.0,1.7,2200.0,Rejected
APP102694,30,Male,Yes,1,Not Graduate,No,Salaried,0.5,3240.0,0.0,10.0,180,780.0,0,0.07,1,Semiurban,84300.0,4.1,1640.0,Approved
APP102970,26,Female,Yes,0,Graduate,No,Salaried,3.1,4290.0,830.0,25.5,120,,0,0.213,1,Urban,31400.0,9.1,820.0,Approved
APP104975,54,Male,No,3+,Graduate,Yes,Business Owner,4.5,4130.0,990.0,11.9,360,658.0,1,0.154,1,Urban,28400.0,2.1,5250.0,Rejected
APP103544,28,Female,Yes,2,Graduate,No,Salaried,4.7,4070.0,0.0,10.0,60,534.0,0,0.119,1,Semiurban,12400.0,7.1,830.0,Rejected
APP104894,31,Female,Yes,0,Not Graduate,No,Salaried,5.7,7760.0,1960.0,28.6,84,633.0,1,0.473,1,Semiurban,91100.0,3.0,560.0,Approved
APP103724,51,Male,No,3+,Not Graduate,No,Salaried,0.3,1980.0,0.0,10.0,36,613.0,1,0.247,1,Urban,10400.0,4.5,4620.0,Rejected
APP100437,47,Male,No,2,Graduate,No,Salaried,1.9,6130.0,0.0,25.9,180,862.0,0,0.299,1,Urban,108200.0,2.5,5050.0,Approved
APP103873,26,Male,No,0,Graduate,No,Salaried,5.4,6950.0,1840.0,49.2,12,665.0,1,0.074,1,Semiurban,,10.7,3250.0,Approved
APP100584,35,Female,Yes,1,Not Graduate,No,Salaried,2.1,1680.0,4890.0,32.8,60,613.0,0,0.126,1,Semiurban,22600.0,7.2,4980.0,Approved
APP102299,45,Male,Yes,0,Not Graduate,No,Salaried,3.3,1630.0,0.0,10.0,360,640.0,0,0.447,1,Semiurban,89000.0,1.9,2330.0,Rejected
APP101438,44,Male,No,0,Not Graduate,No,Salaried,5.8,6990.0,2670.0,37.4,12,574.0,1,0.264,0,Rural,13100.0,1.0,19640.0,Rejected
APP104576,31,Female,Yes,0,Not Graduate,Yes,Business Owner,2.2,3070.0,0.0,10.0,180,748.0,1,0.182,1,Rural,34800.0,4.7,15190.0,Approved
APP103871,33,Male,Yes,2,Graduate,No,Salaried,0.2,7720.0,1160.0,34.0,84,710.0,1,0.095,1,Semiurban,65200.0,0.4,12790.0,Approved
APP100711,48,Male,Yes,0,Not Graduate,No,Salaried,4.1,5930.0,0.0,16.5,60,618.0,0,0.267,1,Urban,28300.0,9.2,6170.0,Approved
APP102851,68,Female,No,0,Graduate,No,Business Owner,14.7,5960.0,5590.0,51.9,180,560.0,0,0.506,1,Rural,39600.0,22.7,34730.0,Rejected
APP104484,30,Male,Yes,0,Not Graduate,No,Salaried,0.8,3200.0,0.0,10.0,84,642.0,2,0.095,1,Rural,69900.0,1.8,10790.0,Approved
APP102416,21,Male,No,2,Graduate,No,Salaried,5.3,3980.0,0.0,,84,585.0,1,0.33,1,Semiurban,24000.0,16.1,580.0,Rejected
APP104552,47,Male,Yes,3+,Graduate,No,Self-Employed,6.1,4160.0,1640.0,10.1,180,,1,0.275,1,Urban,60100.0,3.4,460.0,Approved
APP102321,41,Female,Yes,,Graduate,Yes,Business Owner,0.1,1540.0,3400.0,20.5,240,585.0,1,0.291,1,Semiurban,28800.0,1.4,8930.0,Rejected
APP103007,39,Male,Yes,0,Graduate,No,Self-Employed,0.3,2720.0,2720.0,22.6,240,660.0,0,0.047,1,Semiurban,39600.0,6.8,4510.0,Approved
APP102131,35,Male,Yes,,Not Graduate,No,Business Owner,17.7,1860.0,620.0,10.0,120,663.0,1,0.242,1,Urban,51200.0,7.0,9920.0,Rejected
APP104734,55,Female,No,0,Not Graduate,Yes,Salaried,17.9,7410.0,2960.0,44.2,36,781.0,0,0.108,1,Urban,48800.0,14.1,1730.0,Approved
APP102669,63,Female,No,1,Graduate,No,Salaried,6.9,2750.0,2730.0,20.0,180,668.0,1,0.117,1,Urban,92400.0,2.4,3110.0,Approved
APP100586,53,Male,Yes,0,Graduate,No,Salaried,11.1,3140.0,3260.0,17.2,36,743.0,2,0.142,1,Urban,19600.0,2.7,1150.0,Approved
APP102372,27,Female,Yes,0,Graduate,No,Business Owner,14.6,3410.0,1600.0,26.6,60,647.0,0,0.134,1,Semiurban,10600.0,9.4,9140.0,Rejected
APP101534,49,Male,Yes,0,Graduate,,Business Owner,0.2,1390.0,0.0,10.0,36,738.0,0,0.534,1,Semiurban,,2.5,5380.0,Rejected
APP100734,29,Female,Yes,0,Graduate,Yes,Salaried,8.4,6340.0,3050.0,55.4,120,606.0,0,0.294,1,Urban,8100.0,1.6,12700.0,Approved
APP102164,27,Female,Yes,0,Not Graduate,No,Salaried,1.3,5460.0,2730.0,12.8,84,541.0,0,0.338,1,Urban,26300.0,7.5,6120.0,Rejected
APP103106,39,Male,No,0,Graduate,No,Business Owner,3.4,10130.0,0.0,41.6,12,677.0,2,0.16,1,Semiurban,34100.0,1.7,9040.0,Approved
APP104424,41,Male,Yes,0,Graduate,No,Self-Employed,4.3,8900.0,1370.0,48.4,240,712.0,1,0.318,1,Rural,14200.0,6.5,10260.0,Rejected
APP102586,30,Female,Yes,2,Graduate,Yes,Salaried,20.3,3300.0,0.0,11.8,180,561.0,0,0.378,1,Urban,51700.0,1.5,2770.0,Rejected
APP100553,40,Female,Yes,1,Not Graduate,Yes,Salaried,8.8,2360.0,5470.0,18.6,60,692.0,1,0.414,1,Urban,8600.0,6.7,630.0,Rejected
APP104943,64,Male,Yes,0,Not Graduate,No,Salaried,8.7,2370.0,1810.0,10.0,84,711.0,2,0.341,1,Urban,44900.0,0.5,1090.0,Approved
APP100472,29,Female,No,0,Graduate,No,Salaried,1.1,4970.0,0.0,23.0,180,653.0,1,0.056,1,Urban,59100.0,6.2,9770.0,Approved
APP101057,54,Female,Yes,0,Graduate,No,Salaried,3.2,3810.0,1200.0,15.1,180,574.0,0,0.379,1,Urban,57700.0,3.3,1500.0,Rejected
APP103290,33,Male,No,0,Graduate,No,Self-Employed,0.7,5130.0,950.0,11.1,120,752.0,2,0.45,0,Urban,50300.0,1.5,420.0,Approved
APP104675,31,Male,Yes,0,Graduate,Yes,Salaried,5.8,5880.0,0.0,30.2,180,571.0,0,0.081,0,Semiurban,92900.0,10.7,10510.0,Approved
APP101047,62,Male,Yes,0,Not Graduate,Yes,Salaried,2.5,3010.0,1710.0,24.6,84,663.0,0,0.311,1,Rural,58700.0,6.5,7910.0,Approved
APP101220,21,Male,Yes,0,Graduate,No,Salaried,0.8,2480.0,0.0,10.0,240,675.0,0,0.327,1,Semiurban,30900.0,0.9,20370.0,Rejected
APP100544,36,Female,Yes,0,Graduate,No,Salaried,5.3,6000.0,0.0,,12,,0,0.331,1,Urban,62600.0,0.6,4730.0,Approved
APP100800,21,Female,Yes,0,Not Graduate,No,Salaried,7.3,5590.0,0.0,19.7,84,520.0,0,0.166,1,Rural,37300.0,0.5,2210.0,Approved
APP104231,26,Female,Yes,0,Graduate,No,Unemployed,0.0,4330.0,1890.0,28.6,60,,1,0.268,1,Semiurban,,13.2,1250.0,Rejected
APP103524,48,Male,Yes,3+,Graduate,Yes,Business Owner,3.5,2920.0,690.0,,84,668.0,0,0.21,1,Urban,38900.0,1.9,3830.0,Approved
APP100290,49,Female,Yes,2,Not Graduate,No,Unemployed,0.0,4110.0,1730.0,19.7,12,609.0,0,0.24,1,Semiurban,14200.0,4.0,5110.0,Rejected
APP104720,48,Male,No,1,Graduate,No,Salaried,3.2,4050.0,1250.0,11.3,180,665.0,0,0.048,1,Semiurban,47700.0,9.6,3820.0,Rejected
APP100926,26,Female,Yes,0,Graduate,No,Self-Employed,4.3,4490.0,0.0,13.7,36,557.0,0,0.327,1,Semiurban,16200.0,0.3,3730.0,Rejected
APP100252,26,Female,No,0,Graduate,No,Salaried,3.3,1500.0,1920.0,10.0,240,460.0,0,0.268,1,Rural,18300.0,4.8,6250.0,Rejected
APP100969,55,Female,Yes,0,Graduate,No,Salaried,3.9,11120.0,1140.0,24.7,180,557.0,0,0.139,1,Rural,45900.0,7.8,1400.0,Rejected
APP103311,48,Male,No,1,Not Graduate,No,Salaried,5.4,2440.0,1430.0,,84,749.0,0,0.514,1,Semiurban,35000.0,1.0,5280.0,Approved
APP100350,34,Male,Yes,2,Graduate,No,Salaried,1.6,11940.0,0.0,54.6,240,625.0,0,0.176,1,Urban,40200.0,9.7,34870.0,Approved
APP103206,46,Female,Yes,0,Graduate,No,Self-Employed,7.9,13520.0,0.0,62.1,60,611.0,0,0.243,1,Rural,32900.0,0.7,6020.0,Rejected
APP102034,57,Male,Yes,0,Graduate,Yes,Business Owner,9.6,1250.0,0.0,10.0,240,689.0,2,0.188,1,Semiurban,50700.0,4.4,20320.0,Rejected
APP103034,48,Male,Yes,0,Not Graduate,,Salaried,0.2,4070.0,0.0,20.2,84,691.0,1,0.183,1,Urban,55800.0,1.8,12280.0,Rejected
APP101593,50,Male,No,,Graduate,No,Business Owner,8.1,3960.0,4020.0,46.6,240,806.0,1,0.359,0,Semiurban,18900.0,9.1,1420.0,Rejected
APP100090,55,Male,No,2,Graduate,No,Salaried,2.3,7410.0,1800.0,43.4,120,,0,0.409,1,Semiurban,16200.0,7.7,9950.0,Rejected
APP101618,23,Female,Yes,1,Not Graduate,No,Self-Employed,3.9,2140.0,1050.0,,360,557.0,1,0.153,1,Semiurban,39400.0,3.9,910.0,Rejected
APP100811,42,Female,Yes,,Graduate,Yes,Self-Employed,7.5,3780.0,0.0,10.0,180,717.0,1,0.171,1,Urban,32200.0,2.8,13810.0,Approved
APP100721,36,Male,Yes,0,Graduate,Yes,Business Owner,5.2,4190.0,1480.0,25.4,240,618.0,1,0.294,1,Rural,39800.0,2.4,6340.0,Rejected
APP103102,31,Male,Yes,2,Not Graduate,No,Salaried,0.5,2290.0,4300.0,,360,704.0,1,0.475,1,Rural,106400.0,6.2,6290.0,Approved
APP100026,21,Male,No,0,Graduate,No,Unemployed,0.0,6610.0,0.0,19.6,360,640.0,0,0.404,1,Rural,26900.0,0.0,68960.0,Rejected
APP101345,49,Male,Yes,0,Graduate,No,Self-Employed,9.5,2620.0,1350.0,22.3,120,642.0,0,0.016,1,Rural,12700.0,2.5,4460.0,Rejected
APP102083,27,Female,No,0,Graduate,No,Business Owner,0.6,2320.0,1960.0,22.6,12,780.0,2,0.468,1,Urban,47500.0,1.4,3690.0,Rejected
APP104867,45,Male,Yes,0,Graduate,No,Salaried,4.6,3660.0,0.0,10.0,60,523.0,1,0.139,1,Urban,34400.0,0.6,1210.0,Rejected
APP101210,51,Female,Yes,1,Not Graduate,Yes,Salaried,6.2,3080.0,0.0,18.0,84,582.0,0,0.181,1,Semiurban,53400.0,2.2,8400.0,Rejected
APP104022,46,Female,No,0,Graduate,No,Self-Employed,14.6,9600.0,0.0,37.9,12,580.0,0,0.316,1,Semiurban,18400.0,8.3,7080.0,Rejected
APP104071,35,Female,No,0,Not Graduate,No,Salaried,3.4,4040.0,0.0,16.6,84,747.0,0,0.299,1,Rural,18600.0,3.4,5340.0,Approved
APP102373,21,Male,Yes,0,Graduate,No,Salaried,0.8,2930.0,0.0,10.0,12,725.0,0,0.169,1,Rural,72100.0,0.1,8560.0,Approved
APP104965,21,Female,No,1,Graduate,Yes,Unemployed,0.0,7560.0,0.0,43.2,360,719.0,1,0.286,1,Semiurban,32400.0,5.7,4310.0,Rejected
APP103771,49,Male,Yes,0,Not Graduate,No,Salaried,3.7,3820.0,4740.0,13.4,180,733.0,2,0.144,1,Rural,73600.0,3.7,8150.0,Approved
APP100915,28,Male,No,0,Not Graduate,No,Salaried,0.2,8800.0,880.0,18.6,84,574.0,1,0.428,1,Urban,,5.1,2660.0,Rejected
APP102525,31,Male,Yes,1,Graduate,No,Salaried,2.4,2010.0,1190.0,10.0,240,640.0,0,0.145,1,Semiurban,14300.0,0.8,16180.0,Rejected
APP101074,24,Female,No,0,Not Graduate,No,Self-Employed,2.3,1940.0,2310.0,10.0,36,630.0,0,0.092,1,Rural,37900.0,1.5,3560.0,Approved
APP103698,31,Male,Yes,1,Graduate,Yes,Unemployed,0.0,3420.0,3040.0,28.4,12,694.0,0,0.281,1,Urban,28600.0,5.9,1800.0,Rejected
APP100254,26,Male,No,0,Graduate,No,Salaried,3.2,3120.0,5040.0,,36,639.0,0,0.317,1,Urban,68400.0,13.2,1700.0,Approved
APP104299,46,Female,Yes,1,Not Graduate,Yes,Self-Employed,2.9,2440.0,0.0,10.5,240,623.0,3,0.343,1,Rural,76500.0,15.7,7570.0,Rejected
APP103210,40,Male,No,0,Graduate,No,Unemployed,0.0,4680.0,1120.0,31.9,84,707.0,1,0.063,1,Urban,39200.0,0.6,5750.0,Rejected
APP104086,51,Male,Yes,,Graduate,No,Self-Employed,4.8,5120.0,1720.0,23.5,12,696.0,0,0.459,1,Semiurban,20800.0,10.4,11070.0,Rejected
APP104354,34,Female,No,,Not Graduate,No,Unemployed,0.0,1590.0,1430.0,10.0,360,790.0,2,0.17,1,Urban,20400.0,1.8,3200.0,Approved
APP104596,21,Male,Yes,1,Graduate,No,Business Owner,2.5,12460.0,0.0,44.2,12,681.0,0,0.523,1,Rural,22800.0,10.5,3600.0,Rejected
APP101729,38,Female,Yes,0,Graduate,No,Self-Employed,3.3,4910.0,0.0,24.5,360,584.0,1,0.314,1,Urban,19300.0,8.9,9020.0,Rejected
APP102275,29,Female,Yes,3+,Graduate,No,Unemployed,0.0,3570.0,6230.0,36.5,180,556.0,0,0.329,1,Urban,,4.6,4050.0,Rejected
APP101952,45,Female,Yes,3+,Not Graduate,Yes,Salaried,0.6,4820.0,790.0,20.1,84,679.0,3,0.37,1,Rural,13800.0,1.6,4640.0,Rejected
APP101270,51,Female,Yes,0,Not Graduate,No,Salaried,1.0,6090.0,0.0,30.4,84,627.0,1,0.127,1,Semiurban,,2.6,10160.0,Rejected
APP104694,36,Female,No,1,Graduate,No,Unemployed,0.0,2110.0,2060.0,10.7,240,650.0,1,0.176,1,Urban,71300.0,7.1,3500.0,Rejected
APP100315,41,Male,No,0,Graduate,No,Salaried,1.2,5180.0,0.0,28.6,360,480.0,0,0.046,1,Semiurban,12500.0,1.8,3430.0,Rejected
APP104964,37,Male,Yes,1,Graduate,Yes,Salaried,0.2,1950.0,710.0,13.4,360,541.0,0,0.254,1,Semiurban,15900.0,3.3,4130.0,Rejected
APP104921,21,Female,No,0,Graduate,No,Salaried,2.4,2180.0,0.0,10.0,360,597.0,0,0.225,1,Semiurban,,0.2,3960.0,Rejected
APP103828,30,Female,Yes,0,Not Graduate,Yes,Salaried,2.4,3600.0,0.0,14.3,240,689.0,0,0.528,1,Semiurban,43700.0,1.8,2040.0,Rejected
APP100555,49,Male,No,1,Graduate,No,Business Owner,13.3,2480.0,1840.0,19.9,360,789.0,0,0.382,1,Semiurban,45700.0,4.1,15360.0,Approved
APP101919,21,Male,Yes,3+,Not Graduate,No,Salaried,1.3,10580.0,2710.0,32.7,180,617.0,0,0.093,1,Rural,31100.0,13.6,5700.0,Approved
APP103945,50,Female,No,0,Not Graduate,No,Salaried,0.1,3350.0,1060.0,24.3,12,575.0,2,0.288,1,Urban,10900.0,0.2,2000.0,Rejected
APP100069,41,Male,Yes,0,Graduate,No,Business Owner,1.5,1680.0,1870.0,10.0,360,599.0,1,0.195,1,Urban,89400.0,6.2,3910.0,Rejected
APP102527,55,Female,Yes,1,Not Graduate,No,Business Owner,3.7,3170.0,0.0,10.0,180,521.0,0,0.434,1,Rural,16100.0,0.5,4120.0,Rejected
APP103443,33,Male,No,0,Graduate,No,Self-Employed,3.0,12080.0,1880.0,68.9,60,611.0,1,0.285,1,Rural,31300.0,5.9,430.0,Approved
APP103409,42,Female,Yes,3+,Graduate,No,Self-Employed,0.8,4310.0,0.0,17.9,60,674.0,1,0.03,1,Rural,134500.0,10.9,8450.0,Approved
APP102874,33,Male,Yes,0,Graduate,No,Self-Employed,2.3,10290.0,1150.0,19.8,12,456.0,0,0.163,1,Semiurban,15600.0,0.9,7130.0,Rejected
APP104335,36,Male,Yes,2,Graduate,No,Business Owner,1.9,3740.0,1620.0,15.4,180,651.0,2,0.295,1,Rural,22800.0,13.4,1420.0,Rejected
APP103169,43,Female,Yes,1,Graduate,No,Unemployed,0.0,4880.0,1270.0,33.0,240,631.0,0,0.244,1,Urban,58400.0,0.1,3760.0,Rejected
APP100805,24,Female,Yes,3+,Graduate,,Salaried,21.6,3190.0,0.0,12.6,60,,0,0.121,1,Urban,20600.0,0.3,3320.0,Approved
APP101553,52,Female,Yes,0,Graduate,Yes,Salaried,12.1,4870.0,0.0,23.9,180,548.0,1,0.606,0,Semiurban,57000.0,4.3,1890.0,Rejected
APP102118,27,Female,Yes,2,Graduate,No,Salaried,13.0,2980.0,0.0,10.0,60,543.0,0,0.229,1,Semiurban,14800.0,14.2,900.0,Rejected
APP104220,21,Male,Yes,0,Graduate,No,Salaried,1.8,11010.0,0.0,36.1,240,571.0,1,0.368,1,Urban,41000.0,0.7,1340.0,Rejected
APP103703,25,Male,Yes,0,Not Graduate,No,Salaried,4.7,5450.0,0.0,21.8,120,,0,0.12,1,Semiurban,109000.0,1.2,2590.0,Approved
APP100893,47,Female,Yes,2,Graduate,No,Salaried,6.3,14710.0,0.0,26.9,84,686.0,0,0.267,1,Rural,60200.0,1.8,6020.0,Approved
APP104992,47,Female,Yes,0,Not Graduate,No,Business Owner,7.3,10730.0,1190.0,38.0,36,564.0,2,0.52,1,Semiurban,29700.0,1.8,1360.0,Rejected
APP102146,46,Female,Yes,2,Graduate,No,Self-Employed,0.4,8170.0,1360.0,37.2,240,572.0,2,0.286,1,Rural,27700.0,5.7,7500.0,Rejected
APP100387,51,Male,Yes,0,Not Graduate,No,Self-Employed,2.0,2330.0,0.0,10.0,60,670.0,1,0.66,1,Rural,62500.0,14.2,8900.0,Rejected
APP100751,52,Female,Yes,,Graduate,No,Salaried,2.8,4500.0,3050.0,38.5,120,629.0,0,0.194,1,Urban,58400.0,5.4,4260.0,Approved
APP102842,26,Female,No,1,Graduate,Yes,Salaried,2.6,8620.0,3130.0,40.8,84,720.0,0,0.034,1,Semiurban,105700.0,0.6,5630.0,Approved
APP103182,47,Male,Yes,0,Graduate,No,Unemployed,0.0,2620.0,0.0,10.0,12,595.0,1,0.325,1,Urban,64600.0,4.3,16150.0,Rejected
APP101983,34,Male,Yes,2,Graduate,No,Salaried,2.9,6310.0,0.0,10.0,36,662.0,0,0.161,1,Semiurban,47800.0,10.1,3780.0,Approved
APP104037,47,Male,Yes,2,Not Graduate,No,Salaried,6.6,2650.0,2460.0,30.0,360,632.0,0,0.445,1,Urban,,4.9,2570.0,Rejected
APP103024,23,Female,Yes,0,Graduate,No,Business Owner,0.6,3880.0,1940.0,15.7,36,579.0,0,0.131,1,Urban,22500.0,1.7,5720.0,Rejected
APP102187,52,Female,Yes,0,Graduate,No,Business Owner,1.5,1200.0,0.0,10.0,12,694.0,0,0.567,1,Semiurban,59900.0,3.7,3360.0,Rejected
APP100410,21,Female,Yes,0,Not Graduate,No,Business Owner,0.0,5830.0,640.0,37.7,36,586.0,3,0.148,1,Semiurban,6700.0,3.0,3540.0,Rejected
APP104490,33,Male,No,1,Graduate,No,Salaried,3.5,3830.0,0.0,10.9,12,717.0,1,0.213,1,Semiurban,24800.0,0.9,10910.0,Rejected
APP100109,21,Female,Yes,0,Not Graduate,No,Self-Employed,0.1,2480.0,0.0,10.0,120,,0,0.319,1,Semiurban,21500.0,10.4,8340.0,Approved
APP102555,39,Male,Yes,0,Not Graduate,No,Salaried,2.1,2780.0,2780.0,25.6,12,687.0,0,0.509,1,Semiurban,69300.0,6.4,10170.0,Approved
APP103220,26,Female,Yes,0,Graduate,No,Salaried,3.3,2370.0,1400.0,,180,683.0,1,0.121,1,Semiurban,61600.0,0.2,37870.0,Approved
APP102153,38,Male,Yes,2,Not Graduate,No,Business Owner,1.5,3730.0,0.0,10.0,360,651.0,0,0.243,1,Urban,52900.0,2.0,3240.0,Approved
APP104731,54,Male,Yes,2,Not Graduate,No,Salaried,2.3,4950.0,810.0,20.8,360,509.0,1,0.234,1,Urban,41500.0,2.5,5620.0,Rejected
APP102663,38,Female,No,0,Graduate,No,Salaried,21.5,2780.0,0.0,13.0,60,,0,0.112,1,Urban,59000.0,0.3,18720.0,Approved
APP102191,43,Male,Yes,0,Graduate,No,Salaried,1.6,3990.0,5830.0,15.6,36,579.0,0,0.172,1,Semiurban,82300.0,10.1,260.0,Approved
APP104328,41,Male,No,0,Not Graduate,Yes,Salaried,0.2,4670.0,0.0,15.3,84,627.0,1,0.232,1,Urban,,3.4,16060.0,Rejected
APP101647,23,Male,Yes,0,Not Graduate,Yes,Salaried,9.2,6330.0,1750.0,47.2,240,633.0,1,0.042,1,Semiurban,94500.0,11.4,8420.0,Approved
APP100221,27,Female,No,2,Graduate,No,Salaried,9.3,2350.0,1670.0,10.0,12,664.0,0,0.32,1,Semiurban,,8.3,13350.0,Rejected
APP104409,42,Female,No,2,Graduate,No,Salaried,1.4,16550.0,0.0,26.3,120,706.0,0,0.211,1,Semiurban,89800.0,5.9,3190.0,Approved
APP104637,38,Female,Yes,0,Not Graduate,No,Salaried,4.6,3280.0,1990.0,10.0,180,516.0,2,0.472,1,Semiurban,71000.0,4.5,3410.0,Rejected
APP100655,40,Female,Yes,0,Graduate,No,Salaried,0.7,3040.0,770.0,10.0,60,687.0,0,0.217,1,Rural,17700.0,12.3,8810.0,Rejected
APP104144,36,Female,Yes,0,Graduate,Yes,Salaried,7.0,4130.0,0.0,22.9,180,625.0,1,0.237,0,Semiurban,67200.0,19.0,2710.0,Approved
APP101788,31,Female,No,2,Not Graduate,No,Salaried,10.3,3750.0,1310.0,10.8,180,596.0,1,0.482,1,Urban,14700.0,2.4,52520.0,Rejected
APP102921,43,Female,No,0,Graduate,No,Salaried,33.5,3050.0,0.0,10.0,180,613.0,3,0.489,1,Rural,,1.0,3370.0,Approved
APP101255,36,Male,Yes,0,Not Graduate,No,Self-Employed,5.9,3640.0,1140.0,10.0,84,705.0,0,0.117,1,Urban,53000.0,7.5,7660.0,Approved
APP104013,39,Female,No,0,Graduate,No,Salaried,0.4,4140.0,0.0,15.8,36,658.0,2,0.48,1,Rural,18900.0,1.8,5770.0,Rejected
APP104454,35,Male,No,1,Graduate,No,Salaried,28.3,5270.0,3730.0,50.5,60,640.0,0,0.207,1,Semiurban,18900.0,6.1,3180.0,Rejected
APP101209,55,Male,Yes,0,Graduate,No,Salaried,1.0,11370.0,1350.0,75.0,36,737.0,1,0.372,1,Rural,143900.0,22.1,3820.0,Approved
APP104248,38,Female,Yes,1,Graduate,No,Salaried,9.5,5630.0,2260.0,35.7,36,672.0,0,0.397,1,Rural,21500.0,1.8,31750.0,Approved
APP101128,39,Male,Yes,0,Not Graduate,,Self-Employed,0.2,3690.0,0.0,10.0,12,496.0,1,0.255,1,Urban,36700.0,2.7,4660.0,Rejected
APP104173,43,Male,Yes,,Graduate,Yes,Unemployed,0.0,3070.0,1460.0,26.7,60,471.0,0,0.159,1,Urban,36600.0,13.8,11750.0,Rejected
APP102319,41,Female,No,1,Not Graduate,No,Salaried,1.1,3860.0,0.0,12.7,84,599.0,3,0.579,0,Urban,8100.0,26.0,7650.0,Rejected
APP103989,47,Male,Yes,2,Not Graduate,No,Salaried,4.2,1410.0,0.0,10.0,84,601.0,2,0.075,1,Rural,25500.0,5.8,760.0,Rejected
APP100177,21,Male,No,2,Not Graduate,,Self-Employed,2.6,3550.0,0.0,14.7,36,649.0,1,0.177,1,Urban,11200.0,14.3,8840.0,Rejected
APP102949,43,Female,No,2,Not Graduate,No,Salaried,3.0,2970.0,5870.0,48.6,120,657.0,1,0.186,1,Urban,31400.0,9.9,2800.0,Rejected
APP104792,26,Female,No,3+,Graduate,Yes,Business Owner,6.7,3350.0,0.0,19.8,84,641.0,0,0.182,1,Semiurban,,16.1,1540.0,Approved
APP100080,28,Male,Yes,1,Not Graduate,Yes,Business Owner,1.5,11140.0,0.0,49.0,12,763.0,1,0.2,0,Urban,125600.0,2.3,2280.0,Rejected
APP101224,42,Male,Yes,2,Graduate,No,Salaried,0.7,3490.0,0.0,10.0,180,745.0,0,0.214,1,Semiurban,34200.0,3.6,5860.0,Approved
APP102298,39,Male,Yes,0,Graduate,No,Unemployed,0.0,10120.0,4570.0,60.1,60,652.0,1,0.055,1,Semiurban,63700.0,9.4,6510.0,Rejected
APP102915,44,Male,No,0,Graduate,No,Salaried,4.6,3560.0,0.0,13.8,240,648.0,0,0.088,1,Rural,18300.0,3.8,4930.0,Approved
APP102543,21,Male,Yes,0,Graduate,No,Self-Employed,8.5,5180.0,0.0,27.6,180,783.0,1,0.207,1,Semiurban,25500.0,18.5,1080.0,Approved
APP104323,49,Male,Yes,0,Graduate,No,Salaried,0.4,3050.0,430.0,10.0,12,622.0,0,0.362,1,Urban,52600.0,1.6,4170.0,Approved
APP101779,49,Male,No,0,Graduate,No,Salaried,1.1,10420.0,1670.0,36.4,12,762.0,0,0.285,1,Urban,57700.0,11.6,8550.0,Approved
APP104767,33,Male,Yes,3+,Graduate,No,Salaried,26.0,3020.0,2170.0,10.0,240,628.0,0,0.574,1,Semiurban,69700.0,4.5,940.0,Approved
APP101611,41,Male,Yes,0,Not Graduate,No,Business Owner,1.6,4080.0,0.0,10.0,180,767.0,1,0.253,1,Rural,32600.0,1.4,3360.0,Approved
APP103778,54,Male,Yes,0,Not Graduate,No,Salaried,11.4,3970.0,1210.0,18.3,360,625.0,0,0.375,1,Urban,174000.0,3.6,14540.0,Approved
APP101867,31,Male,No,2,Graduate,,Salaried,1.4,2160.0,0.0,12.5,36,646.0,1,0.131,1,Semiurban,26800.0,9.7,6530.0,Approved
APP100670,21,Female,Yes,1,Graduate,No,Salaried,2.9,5350.0,0.0,16.4,60,,2,0.599,1,Urban,51500.0,1.2,8870.0,Rejected
APP104831,55,Female,Yes,0,Graduate,No,Self-Employed,7.2,9740.0,1300.0,34.2,84,477.0,2,0.467,1,Rural,37100.0,2.2,23410.0,Rejected
APP103618,26,Male,Yes,1,Graduate,Yes,Unemployed,0.0,1940.0,5960.0,45.5,60,585.0,1,0.628,1,Rural,72900.0,5.8,20830.0,Rejected
APP101807,37,Male,Yes,0,Graduate,No,Salaried,2.2,3600.0,6840.0,20.7,360,632.0,3,0.371,1,Semiurban,5300.0,10.4,4460.0,Rejected
APP103393,32,Female,Yes,0,Graduate,No,Unemployed,0.0,4800.0,0.0,23.6,360,603.0,1,0.128,1,Semiurban,84300.0,7.2,6860.0,Rejected
APP102688,48,Female,Yes,0,Graduate,No,Business Owner,2.1,7710.0,1580.0,47.1,60,555.0,0,0.568,1,Rural,43500.0,16.5,590.0,Rejected
APP102894,36,Male,Yes,0,Not Graduate,No,Salaried,1.4,2140.0,0.0,10.0,36,836.0,2,0.644,1,Semiurban,69700.0,5.7,3420.0,Approved
APP104873,29,Male,Yes,0,Graduate,No,Salaried,18.8,11510.0,0.0,43.2,36,649.0,1,0.54,1,Urban,41300.0,1.2,5440.0,Rejected
APP100219,24,Male,No,3+,Graduate,Yes,Salaried,11.0,8460.0,0.0,16.7,360,729.0,1,0.263,1,Urban,,5.7,5080.0,Approved
APP102095,43,Female,Yes,1,Graduate,No,Self-Employed,0.8,7750.0,1530.0,41.9,60,659.0,0,0.575,1,Rural,68000.0,3.4,4220.0,Rejected
APP103044,51,Female,No,1,Not Graduate,No,Business Owner,9.4,6420.0,0.0,27.5,36,623.0,1,0.254,1,Urban,42800.0,11.1,3890.0,Approved
APP100043,38,Male,No,0,Graduate,No,Unemployed,0.0,6810.0,0.0,16.4,180,794.0,0,0.443,1,Urban,64700.0,10.7,5200.0,Approved
APP100210,21,Female,Yes,3+,Not Graduate,No,Salaried,0.8,7420.0,1630.0,33.2,36,725.0,0,0.225,1,Urban,50300.0,2.2,6440.0,Approved
APP101513,55,Female,Yes,0,Not Graduate,No,Self-Employed,3.4,3340.0,800.0,20.7,180,649.0,0,0.489,1,Semiurban,139300.0,1.8,4770.0,Approved
APP100354,50,Male,Yes,0,Graduate,No,Unemployed,0.0,4290.0,0.0,11.5,36,521.0,0,0.328,1,Semiurban,68700.0,0.1,33590.0,Rejected
APP102441,51,Male,Yes,2,Graduate,No,Salaried,3.4,2460.0,0.0,10.0,36,655.0,0,0.271,1,Semiurban,64600.0,0.3,4460.0,Rejected
APP101197,38,Male,Yes,,Not Graduate,Yes,Salaried,9.3,4550.0,0.0,18.8,240,780.0,0,0.274,1,Urban,38900.0,1.8,4950.0,Approved
APP103975,21,Male,No,0,Graduate,Yes,Salaried,4.1,5730.0,4810.0,50.7,360,566.0,0,0.235,1,Semiurban,,6.9,840.0,Rejected
APP103204,39,Male,Yes,2,Not Graduate,No,Unemployed,0.0,4250.0,800.0,10.0,12,582.0,0,0.422,1,Urban,82000.0,4.9,3000.0,Rejected
APP100367,42,Male,Yes,0,Not Graduate,No,Business Owner,4.2,3320.0,3100.0,32.9,84,780.0,0,0.124,1,Rural,69400.0,0.6,1580.0,Approved
APP102596,40,Male,No,0,Graduate,No,Business Owner,9.2,9240.0,2880.0,54.5,360,646.0,0,0.358,1,Semiurban,15300.0,1.0,1300.0,Rejected
APP103789,38,Female,Yes,0,Not Graduate,No,Salaried,2.5,1300.0,0.0,10.0,60,604.0,0,0.333,1,Urban,20200.0,6.9,3210.0,Rejected
APP101728,24,Female,No,1,Graduate,No,Unemployed,0.0,7810.0,2570.0,24.7,12,,0,0.089,1,Rural,16100.0,5.3,11260.0,Approved
APP100135,51,Male,Yes,0,Graduate,No,Salaried,1.7,7690.0,2110.0,44.6,360,776.0,0,0.028,1,Semiurban,24000.0,14.4,5600.0,Approved
APP101503,35,Female,Yes,2,Graduate,No,Self-Employed,2.1,5710.0,1550.0,35.3,360,594.0,1,0.288,1,Urban,25100.0,20.9,1930.0,Rejected
APP100047,45,Male,Yes,0,Graduate,No,Unemployed,0.0,5100.0,0.0,13.9,360,690.0,0,0.152,1,Urban,37900.0,3.0,1450.0,Rejected
APP102318,39,Male,Yes,0,Graduate,No,Business Owner,5.6,1630.0,1830.0,10.0,84,536.0,1,0.203,1,Semiurban,14100.0,3.6,8740.0,Rejected
APP101391,34,Female,Yes,2,Not Graduate,No,Salaried,5.8,2470.0,0.0,13.2,120,565.0,0,0.129,1,Rural,101100.0,13.7,25830.0,Approved
APP102063,47,Male,No,0,Graduate,Yes,Business Owner,4.8,8870.0,740.0,,240,583.0,2,0.346,1,Rural,18200.0,7.3,2050.0,Rejected
APP101010,54,Male,Yes,1,Not Graduate,No,Self-Employed,1.2,5560.0,2650.0,24.1,120,609.0,1,0.222,1,Rural,22900.0,7.6,73250.0,Rejected
APP102121,47,Male,No,,Graduate,Yes,Business Owner,0.3,5340.0,1950.0,39.6,60,638.0,0,0.317,0,Semiurban,12900.0,11.9,8590.0,Rejected
APP103995,35,Female,Yes,0,Graduate,No,Business Owner,2.5,2250.0,1380.0,21.2,84,696.0,0,0.364,1,Semiurban,33200.0,4.1,3630.0,Approved
APP100061,32,Female,Yes,0,Graduate,Yes,Salaried,5.0,2530.0,1710.0,25.4,60,591.0,1,0.29,1,Rural,26200.0,7.1,24000.0,Rejected
APP101032,70,Male,No,0,Graduate,Yes,Salaried,5.2,2800.0,1640.0,10.0,12,691.0,0,0.123,1,Semiurban,37300.0,4.9,2770.0,Approved
APP103245,28,Female,No,3+,Graduate,Yes,Salaried,3.9,7670.0,0.0,19.0,120,698.0,0,0.377,1,Semiurban,36500.0,0.9,2340.0,Approved
APP100095,51,Female,No,0,Not Graduate,No,Salaried,9.8,6230.0,2490.0,26.9,180,583.0,1,0.158,1,Semiurban,39700.0,7.9,2760.0,Approved
APP100478,38,Male,Yes,0,Not Graduate,No,Salaried,1.8,2250.0,0.0,10.5,240,599.0,1,0.218,1,Urban,24900.0,14.5,6090.0,Rejected
APP104321,45,Male,No,0,Graduate,No,Unemployed,0.0,5560.0,620.0,15.1,84,699.0,4,0.183,0,Rural,38000.0,8.6,2160.0,Rejected
APP100842,34,Male,Yes,0,Graduate,No,Business Owner,12.1,10120.0,360.0,53.2,120,736.0,2,0.385,1,Rural,54800.0,3.1,5940.0,Approved
APP100889,59,Male,Yes,1,Not Graduate,Yes,Salaried,2.4,5310.0,0.0,12.0,12,778.0,0,0.3,1,Rural,18400.0,2.0,6490.0,Approved
APP101616,25,Female,Yes,0,Graduate,No,Salaried,7.6,3820.0,0.0,13.1,84,612.0,1,0.181,1,Semiurban,217400.0,3.8,4910.0,Approved
APP101902,35,Male,Yes,2,Not Graduate,No,Salaried,1.6,3700.0,0.0,19.8,84,756.0,0,0.368,1,Urban,28800.0,2.0,2380.0,Rejected
APP101505,59,Female,Yes,0,Graduate,Yes,Salaried,0.6,8880.0,0.0,19.2,120,,0,0.112,1,Rural,30600.0,5.4,3230.0,Rejected
APP100322,51,Male,Yes,2,Graduate,No,Self-Employed,15.7,3110.0,2980.0,32.5,180,756.0,1,0.285,1,Semiurban,57800.0,10.3,6070.0,Approved
APP101322,25,Male,Yes,1,Graduate,No,Salaried,8.7,2720.0,0.0,10.0,60,672.0,1,0.222,1,Semiurban,10700.0,13.1,5170.0,Approved
APP103473,45,Male,Yes,3+,Graduate,Yes,Business Owner,7.6,7440.0,0.0,,240,559.0,0,0.186,1,Urban,42300.0,13.9,4980.0,Rejected
APP104041,38,Male,No,0,Not Graduate,Yes,Salaried,2.6,3470.0,0.0,19.8,120,648.0,0,0.189,1,Semiurban,27600.0,10.9,2200.0,Rejected
APP102387,40,Female,Yes,,Graduate,Yes,Business Owner,0.9,5020.0,1860.0,37.9,240,638.0,1,0.243,1,Semiurban,82700.0,2.4,9400.0,Approved
APP101425,61,Male,No,1,Graduate,Yes,Salaried,4.7,6230.0,4380.0,41.1,84,664.0,0,0.226,1,Semiurban,116100.0,3.3,11690.0,Approved
APP102521,26,Male,Yes,3+,Graduate,No,Unemployed,0.0,5820.0,3480.0,50.8,240,661.0,0,0.176,1,Semiurban,7100.0,2.4,33680.0,Rejected
APP103129,51,Male,Yes,0,Not Graduate,No,Salaried,8.4,4800.0,1770.0,30.4,240,526.0,1,0.073,1,Semiurban,6500.0,3.6,53350.0,Rejected
APP101187,22,Female,Yes,2,Not Graduate,No,Salaried,11.0,2860.0,0.0,10.0,36,711.0,0,0.182,1,Urban,45500.0,4.4,5720.0,Approved
APP102463,21,Male,Yes,2,Graduate,No,Self-Employed,5.1,6670.0,1540.0,48.6,240,703.0,1,0.297,1,Semiurban,28500.0,8.4,3350.0,Approved
APP100291,28,Male,No,1,Graduate,No,Unemployed,0.0,2670.0,2330.0,27.7,180,577.0,0,0.369,0,Rural,85700.0,0.5,5000.0,Rejected
APP102357,33,Male,Yes,0,Graduate,Yes,Salaried,2.1,2330.0,2390.0,21.3,360,659.0,1,0.07,1,Rural,20100.0,6.9,1310.0,Rejected
APP102754,50,Male,No,0,Not Graduate,No,Business Owner,7.7,2330.0,0.0,,12,662.0,0,0.276,1,Semiurban,63400.0,1.3,9900.0,Approved
APP100533,38,Female,No,0,Not Graduate,No,Self-Employed,10.4,4680.0,1440.0,35.7,12,801.0,3,0.256,1,Semiurban,160200.0,7.1,1030.0,Approved
APP102053,41,Male,Yes,0,Not Graduate,No,Self-Employed,4.2,11390.0,0.0,46.1,60,642.0,2,0.253,0,Rural,18200.0,2.5,32420.0,Rejected
APP103935,61,Female,Yes,0,Graduate,No,Salaried,4.8,6930.0,0.0,23.2,84,884.0,0,0.112,1,Semiurban,73900.0,12.6,27140.0,Approved
APP101261,40,Female,No,0,Graduate,Yes,Unemployed,0.0,2620.0,4030.0,11.5,240,607.0,2,0.186,1,Semiurban,41000.0,5.4,10290.0,Rejected
APP101876,36,Female,No,1,Graduate,Yes,Self-Employed,3.5,4160.0,0.0,21.3,180,775.0,2,0.27,1,Semiurban,25000.0,3.3,5610.0,Approved
APP102587,34,Male,Yes,0,Graduate,No,Business Owner,0.5,2540.0,0.0,12.6,84,581.0,0,0.147,0,Semiurban,22300.0,1.4,4340.0,Rejected
APP104019,21,Male,No,0,Not Graduate,No,Salaried,0.3,6580.0,3440.0,34.8,60,614.0,0,0.349,1,Urban,22800.0,5.1,2680.0,Rejected
APP104982,37,Female,No,1,Graduate,No,Salaried,0.0,5930.0,1210.0,27.3,12,647.0,0,0.222,1,Urban,76800.0,5.4,900.0,Rejected
APP103334,39,Male,Yes,0,Graduate,No,Self-Employed,7.1,3300.0,0.0,10.8,240,646.0,0,0.258,1,Semiurban,31600.0,5.1,21190.0,Approved
APP100428,41,Male,Yes,1,Graduate,No,Salaried,4.1,8640.0,800.0,20.9,240,647.0,0,0.045,1,Urban,14700.0,1.5,7580.0,Approved
APP101038,48,Male,Yes,0,Graduate,No,Salaried,5.9,4750.0,4170.0,28.3,84,742.0,1,0.126,1,Urban,38400.0,1.4,1490.0,Approved
APP103308,31,Male,Yes,3+,Graduate,No,Self-Employed,1.4,4590.0,0.0,11.1,60,648.0,0,0.116,1,Urban,48800.0,4.3,44560.0,Approved
APP104302,27,Female,Yes,0,Not Graduate,No,Salaried,1.7,13650.0,0.0,24.9,36,774.0,1,0.549,1,Semiurban,52900.0,0.1,1700.0,Approved
APP103648,57,Male,Yes,0,Graduate,No,Salaried,2.6,4700.0,0.0,11.7,12,600.0,0,0.182,1,Semiurban,15400.0,9.7,56690.0,Rejected
APP101192,51,Female,No,0,Not Graduate,No,Salaried,5.4,5230.0,3850.0,33.3,360,540.0,1,0.404,1,Semiurban,39500.0,3.6,13600.0,Rejected
APP102238,56,Male,No,0,Graduate,No,Salaried,10.6,4080.0,0.0,10.3,120,598.0,1,0.158,1,Semiurban,15500.0,2.7,7140.0,Rejected
APP102426,46,Male,No,2,Graduate,No,Salaried,29.7,2180.0,0.0,11.2,60,727.0,0,0.234,1,Urban,56000.0,14.5,5140.0,Approved
APP101084,44,Female,Yes,1,Not Graduate,Yes,Salaried,4.3,5420.0,5910.0,66.1,84,713.0,2,0.305,1,Rural,21000.0,3.8,6530.0,Rejected
APP100626,44,Male,Yes,0,Not Graduate,No,Salaried,35.0,4400.0,2680.0,13.2,84,653.0,1,0.467,1,Semiurban,70300.0,19.8,7760.0,Approved
APP102021,49,Male,Yes,0,Graduate,No,Salaried,21.8,5650.0,0.0,22.7,240,634.0,4,0.704,1,Rural,45200.0,10.1,16020.0,Approved
APP104711,50,Male,Yes,3+,Graduate,No,Self-Employed,4.1,1200.0,0.0,10.0,84,734.0,1,0.461,0,Rural,31500.0,2.3,14760.0,Rejected
APP104570,38,Female,No,,Graduate,Yes,Unemployed,0.0,7250.0,1700.0,45.7,60,695.0,1,0.28,1,Semiurban,83800.0,4.5,3690.0,Rejected
APP104970,28,Female,No,0,Not Graduate,No,Self-Employed,0.6,4610.0,2380.0,30.5,360,650.0,2,0.343,1,Semiurban,22300.0,5.0,15570.0,Rejected
APP100657,40,Female,No,0,Graduate,No,Self-Employed,2.5,11660.0,0.0,28.3,36,645.0,1,0.315,1,Semiurban,50400.0,1.5,7390.0,Rejected
APP102559,32,Female,Yes,3+,Graduate,No,Salaried,1.1,4150.0,0.0,12.6,180,474.0,0,0.154,1,Urban,46900.0,4.7,2670.0,Rejected
APP100763,56,Male,No,3+,Graduate,No,Salaried,3.6,6490.0,2580.0,32.5,36,595.0,2,0.287,1,Urban,119900.0,1.5,2660.0,Approved
APP100787,41,Male,Yes,,Graduate,No,Salaried,1.0,2260.0,3350.0,32.7,120,644.0,0,0.128,1,Urban,17100.0,0.5,2030.0,Approved
APP103286,31,Male,No,0,Not Graduate,No,Self-Employed,7.8,3620.0,0.0,16.5,360,665.0,1,0.366,1,Semiurban,50100.0,0.1,820.0,Approved
APP101183,63,Male,No,,Graduate,No,Self-Employed,6.2,3630.0,0.0,21.7,84,612.0,0,0.39,1,Urban,4600.0,5.6,3360.0,Rejected
APP104510,33,Male,No,1,Graduate,No,Salaried,2.1,3460.0,2110.0,32.3,12,864.0,1,0.193,1,Urban,23300.0,1.4,3870.0,Approved
APP102280,63,Male,Yes,2,Graduate,No,Salaried,2.5,12490.0,6620.0,93.6,36,800.0,1,0.176,1,Urban,8300.0,9.9,920.0,Approved
APP100952,38,Male,Yes,3+,Graduate,,Self-Employed,4.4,2880.0,2340.0,14.0,360,540.0,2,0.398,0,Rural,29200.0,1.0,8180.0,Rejected
APP103543,27,Male,Yes,2,Graduate,No,Salaried,9.4,3450.0,0.0,11.9,240,638.0,2,0.139,1,Rural,31000.0,13.4,2150.0,Approved
APP101937,21,Male,No,0,Graduate,No,Self-Employed,11.3,6060.0,0.0,17.0,36,625.0,1,0.249,1,Semiurban,35800.0,0.7,1860.0,Approved
APP101543,21,Female,No,0,Graduate,No,Salaried,1.2,11800.0,0.0,54.7,120,711.0,0,0.215,1,Urban,94000.0,7.6,3870.0,Approved
APP102282,24,Female,No,0,Graduate,Yes,Salaried,0.3,7390.0,5900.0,50.2,60,681.0,1,0.323,0,Semiurban,74700.0,1.0,18530.0,Rejected
APP101020,35,Male,Yes,1,Not Graduate,No,Salaried,18.1,1440.0,0.0,10.0,120,602.0,0,0.065,1,Semiurban,29300.0,12.1,4120.0,Rejected
APP101736,30,Female,No,0,Not Graduate,Yes,Salaried,17.2,4250.0,2410.0,,60,700.0,1,0.249,1,Semiurban,14500.0,0.2,3450.0,Approved
APP101281,48,Female,Yes,0,Graduate,No,Business Owner,7.0,6700.0,2150.0,,84,509.0,0,0.108,1,Urban,26000.0,1.8,1530.0,Rejected
APP102201,39,Male,No,3+,Not Graduate,No,Salaried,12.1,5230.0,1460.0,23.8,120,718.0,2,0.162,1,Rural,46200.0,8.6,7230.0,Rejected
APP100070,21,Male,Yes,0,Graduate,No,Salaried,5.3,6960.0,0.0,18.8,360,635.0,0,0.032,1,Urban,23500.0,1.2,480.0,Approved
APP100949,37,Female,Yes,0,Graduate,,Salaried,0.2,5110.0,0.0,10.0,120,705.0,0,0.301,1,Urban,134600.0,1.6,1750.0,Approved
APP101231,50,Female,No,0,Graduate,No,Salaried,1.3,6760.0,0.0,11.6,120,733.0,1,0.219,1,Urban,21500.0,11.0,3740.0,Approved
APP100831,54,Male,Yes,0,Graduate,No,Salaried,1.6,2430.0,0.0,13.0,60,744.0,1,0.292,1,Semiurban,,25.1,9120.0,Approved
APP103303,41,Male,No,0,Not Graduate,No,Self-Employed,0.7,7460.0,0.0,32.4,12,675.0,1,0.188,1,Urban,28800.0,0.5,5810.0,Approved
APP101934,21,Female,No,0,Not Graduate,No,Self-Employed,3.8,1780.0,0.0,10.0,84,736.0,1,0.334,1,Urban,20500.0,13.4,22810.0,Rejected
APP103738,47,Male,No,0,Not Graduate,No,Business Owner,3.9,6810.0,1310.0,26.6,36,828.0,0,0.415,1,Rural,13100.0,3.5,5040.0,Approved
APP104277,50,Male,Yes,1,Not Graduate,Yes,Salaried,1.4,1710.0,1190.0,14.1,120,618.0,1,0.582,0,Urban,37900.0,2.1,9870.0,Rejected
APP104676,37,Female,Yes,0,Graduate,No,Salaried,2.1,4630.0,2210.0,29.4,360,536.0,1,0.284,1,Semiurban,31100.0,0.7,4280.0,Rejected
APP101612,45,Male,Yes,0,Not Graduate,No,Business Owner,2.2,5160.0,0.0,22.4,60,559.0,0,0.463,1,Urban,,10.4,9580.0,Rejected
APP101221,25,Male,Yes,0,Graduate,No,Salaried,1.4,4300.0,0.0,16.0,36,593.0,0,0.22,1,Urban,,1.0,2600.0,Approved
APP103261,40,Female,Yes,1,Not Graduate,Yes,Salaried,0.2,8620.0,0.0,,84,774.0,0,0.543,1,Rural,26100.0,5.0,15760.0,Rejected
APP103519,33,Male,Yes,1,Not Graduate,Yes,Self-Employed,3.6,6260.0,0.0,14.1,60,656.0,0,0.082,1,Urban,78400.0,2.6,2480.0,Approved
APP101174,46,Female,Yes,0,Graduate,No,Salaried,11.7,10150.0,0.0,34.9,120,800.0,1,0.521,1,Semiurban,19400.0,12.2,56320.0,Approved
APP102700,35,Female,Yes,0,Not Graduate,Yes,Salaried,2.0,3130.0,3460.0,27.4,36,674.0,0,0.31,1,Rural,38100.0,11.0,1100.0,Approved
APP104908,50,Female,Yes,0,Not Graduate,No,Business Owner,0.1,6950.0,2630.0,15.6,180,613.0,0,0.054,1,Urban,59000.0,12.9,10460.0,Approved
APP104391,51,Male,Yes,0,Not Graduate,No,Salaried,3.0,2470.0,1220.0,12.7,36,630.0,1,0.397,1,Rural,39300.0,2.5,9170.0,Rejected
APP101330,40,Male,Yes,1,Not Graduate,No,Self-Employed,6.4,1570.0,0.0,10.0,120,468.0,2,0.202,1,Rural,55300.0,40.0,990.0,Rejected
APP102342,34,Male,Yes,0,Not Graduate,No,Salaried,11.5,3350.0,0.0,19.2,180,692.0,1,0.424,1,Semiurban,99500.0,1.3,3960.0,Approved
APP100896,42,Male,Yes,0,Graduate,Yes,Salaried,0.3,4100.0,0.0,10.0,120,695.0,0,0.232,1,Urban,36900.0,1.1,24330.0,Approved
APP104971,54,Female,No,0,Graduate,Yes,Self-Employed,0.9,3280.0,6300.0,40.4,120,,0,0.33,1,Semiurban,67200.0,5.5,1520.0,Rejected
APP104928,32,Female,Yes,0,Not Graduate,No,Self-Employed,2.3,10240.0,2390.0,45.3,12,734.0,2,0.204,1,Semiurban,11200.0,2.9,2710.0,Rejected
APP102610,26,Male,No,1,Not Graduate,No,Self-Employed,0.2,9500.0,1300.0,19.9,84,681.0,1,0.108,1,Urban,59700.0,10.7,3680.0,Approved
APP104846,34,Female,Yes,2,Graduate,No,Self-Employed,13.0,5250.0,1890.0,27.0,36,708.0,0,0.037,1,Semiurban,96800.0,16.9,3810.0,Approved
APP101090,43,Male,Yes,2,Graduate,Yes,Salaried,2.3,16990.0,2210.0,109.5,120,608.0,1,0.169,1,Urban,42200.0,0.8,260.0,Approved
APP101946,43,Female,Yes,3+,Graduate,No,Business Owner,6.2,8990.0,2590.0,42.6,120,586.0,2,0.265,1,Semiurban,16800.0,17.7,5260.0,Rejected
APP100944,34,Male,No,2,Graduate,Yes,Business Owner,9.2,2040.0,0.0,10.0,120,615.0,1,0.281,1,Semiurban,89700.0,0.5,2370.0,Approved
APP103742,36,Male,Yes,0,Not Graduate,Yes,Self-Employed,2.9,7650.0,5110.0,46.0,60,696.0,2,0.318,0,Urban,41800.0,15.7,2020.0,Rejected
APP102351,29,Male,Yes,0,Not Graduate,Yes,Business Owner,6.9,7190.0,0.0,42.9,60,676.0,1,0.265,1,Urban,37100.0,5.7,3180.0,Approved
APP101626,35,Male,Yes,0,Graduate,No,Unemployed,0.0,1580.0,0.0,10.0,180,802.0,0,0.077,1,Urban,27800.0,1.2,1430.0,Approved
APP102588,57,Male,Yes,0,Graduate,No,Salaried,5.7,8730.0,0.0,43.9,180,716.0,0,0.213,1,Semiurban,20600.0,4.1,17800.0,Rejected
APP103757,31,Male,Yes,,Graduate,Yes,Unemployed,0.0,4160.0,1320.0,18.3,60,473.0,0,0.026,1,Urban,52400.0,1.9,3790.0,Rejected
APP101437,31,Female,Yes,0,Graduate,No,Salaried,3.3,3830.0,1380.0,10.0,120,700.0,1,0.325,1,Semiurban,42000.0,13.1,6020.0,Approved
APP104753,50,Female,No,1,Graduate,Yes,Salaried,16.6,5840.0,4030.0,32.1,60,655.0,0,0.232,1,Rural,18800.0,2.8,530.0,Approved
APP103669,39,Male,No,0,Graduate,No,Salaried,5.5,2400.0,1950.0,18.7,180,880.0,0,0.459,1,Semiurban,184700.0,1.4,10410.0,Approved
APP102648,48,Male,Yes,0,Not Graduate,No,Self-Employed,16.1,4810.0,2180.0,34.8,360,611.0,0,0.059,1,Rural,60900.0,0.3,3520.0,Approved
APP100233,41,Male,Yes,1,Graduate,No,Salaried,11.6,1440.0,1710.0,16.0,60,735.0,1,0.098,1,Semiurban,,2.6,500.0,Approved
APP104644,37,Male,Yes,0,Graduate,No,Self-Employed,5.3,17450.0,4530.0,90.4,240,709.0,1,0.212,1,Semiurban,26400.0,2.1,3280.0,Approved
APP100798,38,Male,No,0,Not Graduate,No,Salaried,12.5,7280.0,2190.0,18.1,360,682.0,0,0.165,1,Urban,211300.0,1.5,5800.0,Approved
APP100633,38,Female,Yes,3+,Graduate,Yes,Salaried,0.4,2980.0,0.0,15.4,360,503.0,2,0.166,1,Rural,27000.0,5.7,3430.0,Rejected
APP102314,61,Male,No,0,Graduate,No,Salaried,4.5,2350.0,1470.0,21.0,12,659.0,1,0.504,1,Rural,58300.0,3.5,13270.0,Rejected
APP100415,28,Male,No,1,Graduate,No,Self-Employed,11.6,7070.0,5180.0,63.4,84,640.0,1,0.203,1,Semiurban,42900.0,1.7,2700.0,Rejected
APP102659,49,Male,Yes,2,Graduate,No,Salaried,6.8,4720.0,1160.0,16.0,360,604.0,1,0.253,1,Semiurban,43800.0,2.3,19870.0,Rejected
APP102024,23,Male,No,1,Graduate,Yes,Business Owner,9.0,3010.0,0.0,14.6,84,659.0,1,0.366,1,Rural,55200.0,0.8,3960.0,Rejected
APP102607,41,Male,No,3+,Graduate,Yes,Self-Employed,4.8,7990.0,6810.0,,180,661.0,2,0.159,1,Urban,19200.0,6.3,1520.0,Approved
APP103893,55,Male,Yes,0,Graduate,No,Salaried,5.0,2100.0,0.0,10.0,360,613.0,1,0.131,1,Urban,14500.0,3.1,15410.0,Rejected
APP103493,24,Female,Yes,3+,Graduate,No,Salaried,6.7,2290.0,3120.0,15.8,36,717.0,0,0.396,1,Rural,23700.0,4.3,3190.0,Approved
APP100810,40,Female,Yes,1,Graduate,,Salaried,23.1,4890.0,0.0,11.9,120,662.0,1,0.069,0,Urban,44600.0,3.7,3180.0,Rejected
APP100017,34,Female,No,0,Graduate,No,Salaried,4.6,2990.0,0.0,10.0,36,532.0,1,0.039,1,Urban,25900.0,3.4,7590.0,Rejected
APP102533,34,Male,Yes,0,Graduate,Yes,Salaried,10.7,3430.0,3340.0,19.6,360,777.0,0,0.349,1,Urban,9600.0,11.1,3250.0,Approved
APP102462,29,Female,Yes,0,Graduate,Yes,Salaried,3.8,4370.0,0.0,14.9,12,722.0,0,0.603,0,Urban,25200.0,21.5,30790.0,Rejected
APP102091,51,Female,Yes,3+,Not Graduate,No,Unemployed,0.0,3370.0,0.0,10.0,180,684.0,0,0.385,1,Semiurban,45800.0,0.8,3080.0,Rejected
APP102170,41,Female,Yes,3+,Graduate,No,Salaried,4.7,4380.0,1870.0,25.3,120,738.0,0,0.234,1,Semiurban,39400.0,1.0,1860.0,Approved
APP100596,44,Male,Yes,3+,Not Graduate,No,Self-Employed,4.0,3370.0,0.0,19.6,240,,2,0.34,1,Semiurban,156900.0,12.2,1410.0,Rejected
APP104408,22,Female,Yes,2,Not Graduate,No,Salaried,3.3,2220.0,1140.0,19.2,120,645.0,1,0.115,1,Semiurban,,3.9,118520.0,Approved
APP102194,45,Male,Yes,0,Graduate,No,Salaried,5.0,1710.0,950.0,10.0,84,723.0,0,0.426,1,Urban,64800.0,1.0,17140.0,Approved
APP104397,41,Male,Yes,0,Not Graduate,No,Business Owner,5.7,3010.0,0.0,11.3,120,710.0,0,0.107,1,Rural,28300.0,5.2,5030.0,Approved
APP101557,43,Male,No,0,Graduate,Yes,Salaried,2.0,10690.0,2430.0,51.3,60,571.0,0,0.358,0,Rural,99300.0,1.0,4230.0,Rejected
APP102244,30,Female,No,2,Graduate,No,Salaried,0.3,8790.0,0.0,30.5,36,726.0,0,0.248,1,Urban,28600.0,10.5,6520.0,Approved
APP104439,43,Male,No,0,Graduate,Yes,Self-Employed,2.0,4600.0,2220.0,21.2,360,720.0,1,0.319,1,Urban,90900.0,1.2,3330.0,Approved
APP100371,51,Male,Yes,0,Graduate,No,Business Owner,1.6,4590.0,0.0,11.5,120,686.0,0,0.467,1,Urban,19800.0,6.2,17090.0,Rejected
APP103718,28,Male,Yes,0,Not Graduate,No,Salaried,2.3,2520.0,5610.0,32.5,120,640.0,1,0.199,1,Semiurban,26900.0,13.7,5780.0,Rejected
APP102757,66,Female,Yes,2,Not Graduate,Yes,Salaried,3.5,8640.0,3580.0,21.0,120,628.0,2,0.109,0,Rural,26200.0,2.6,1910.0,Rejected
APP103053,23,Male,Yes,2,Not Graduate,No,Salaried,1.2,3720.0,0.0,16.2,12,619.0,0,0.235,0,Semiurban,84300.0,2.4,820.0,Approved
APP100598,47,Female,Yes,2,Not Graduate,No,Self-Employed,2.2,11110.0,1450.0,31.8,36,611.0,3,0.161,1,Semiurban,34800.0,8.1,3090.0,Approved
APP100676,47,Female,Yes,3+,Not Graduate,Yes,Business Owner,4.1,2260.0,530.0,13.1,84,593.0,0,0.455,1,Rural,29400.0,1.3,1470.0,Rejected
APP100238,53,Female,Yes,2,Graduate,No,Salaried,0.4,3610.0,0.0,10.0,36,,0,0.372,1,Semiurban,226200.0,1.2,4120.0,Approved
APP104012,23,Male,No,3+,Not Graduate,No,Salaried,10.8,3270.0,0.0,10.2,60,624.0,0,0.441,1,Rural,35100.0,24.7,7880.0,Approved
APP104264,24,Male,No,3+,Not Graduate,Yes,Business Owner,6.4,3310.0,0.0,18.0,240,556.0,1,0.06,1,Semiurban,11800.0,9.6,7110.0,Rejected
APP101212,39,Male,Yes,0,Graduate,No,Salaried,4.0,4420.0,1030.0,10.0,60,729.0,0,0.395,0,Rural,85100.0,1.6,10280.0,Approved
APP101849,21,Male,Yes,0,Not Graduate,No,Salaried,6.8,2590.0,1340.0,18.3,120,594.0,2,0.112,1,Urban,65800.0,4.6,3050.0,Approved
APP102042,35,Male,No,0,Not Graduate,Yes,Salaried,6.6,4810.0,0.0,17.1,120,602.0,2,0.223,1,Urban,30300.0,2.1,2150.0,Rejected
APP101362,31,Female,No,1,Graduate,No,Business Owner,10.5,4160.0,0.0,19.1,240,867.0,0,0.054,1,Urban,28100.0,4.3,10120.0,Approved
APP104369,35,Female,No,1,Graduate,No,Salaried,10.3,4380.0,910.0,29.1,84,676.0,2,0.291,1,Urban,16700.0,15.3,2210.0,Rejected
APP103534,49,Male,Yes,2,Not Graduate,No,Salaried,9.9,1570.0,0.0,10.0,120,606.0,3,0.336,1,Rural,33200.0,4.5,6750.0,Rejected
APP103166,30,Female,Yes,0,Graduate,No,Salaried,11.1,4010.0,1770.0,30.2,240,704.0,1,0.293,1,Semiurban,24200.0,5.6,3460.0,Approved
APP102804,62,Male,Yes,0,Graduate,No,Self-Employed,8.4,8330.0,0.0,36.8,120,638.0,0,0.284,1,Semiurban,25700.0,11.6,3130.0,Approved
APP104256,41,Male,Yes,0,Graduate,No,Salaried,11.8,6310.0,0.0,18.7,36,777.0,0,0.223,0,Urban,29200.0,27.4,8830.0,Approved
APP103862,48,Female,Yes,2,Not Graduate,No,Self-Employed,3.7,3920.0,0.0,10.0,240,611.0,0,0.372,1,Semiurban,39900.0,1.7,16350.0,Rejected
APP102829,31,Male,Yes,0,Not Graduate,No,Unemployed,0.0,3730.0,940.0,10.9,12,622.0,0,0.389,1,Rural,24200.0,11.2,6890.0,Rejected
APP102367,50,Male,Yes,0,Graduate,No,Self-Employed,7.3,4860.0,1030.0,23.1,180,652.0,2,0.114,1,Rural,77800.0,1.4,4440.0,Approved
APP101756,31,Male,No,2,Graduate,No,Self-Employed,7.4,8680.0,0.0,27.0,360,735.0,1,0.127,1,Urban,50000.0,1.1,4970.0,Approved
APP104296,24,Male,Yes,1,Graduate,Yes,Salaried,2.8,7100.0,1350.0,12.8,12,759.0,0,0.267,1,Semiurban,59900.0,2.1,8390.0,Approved
APP104289,49,Male,Yes,0,Graduate,Yes,Salaried,2.7,3080.0,4740.0,45.1,12,646.0,0,0.276,1,Semiurban,43800.0,6.6,19570.0,Rejected
APP102414,40,Female,Yes,0,Graduate,No,Salaried,3.5,6730.0,1500.0,45.5,12,572.0,1,0.171,1,Rural,17600.0,0.1,3660.0,Rejected
APP104008,38,Male,No,0,Graduate,No,Salaried,11.9,17750.0,0.0,35.4,84,840.0,0,0.568,1,Semiurban,17700.0,1.0,3530.0,Approved
APP103674,66,Female,Yes,0,Not Graduate,Yes,Salaried,2.7,4860.0,1710.0,38.6,36,626.0,0,0.438,1,Semiurban,45800.0,0.8,2530.0,Approved
APP103557,34,Male,No,0,Not Graduate,No,Business Owner,4.7,4460.0,0.0,15.1,12,591.0,1,0.091,1,Semiurban,8200.0,9.4,5850.0,Approved
APP104112,54,Female,Yes,2,Not Graduate,No,Business Owner,1.5,4150.0,0.0,17.7,180,616.0,2,0.274,1,Rural,36700.0,1.3,5280.0,Rejected
APP100621,42,Male,Yes,1,Graduate,No,Salaried,12.0,1680.0,3770.0,10.0,240,736.0,0,0.352,1,Semiurban,67500.0,4.8,4680.0,Approved
APP102341,50,Male,No,3+,Graduate,No,Salaried,2.6,2100.0,0.0,10.0,360,528.0,1,0.12,1,Semiurban,50800.0,1.2,71320.0,Approved
APP103702,38,Female,Yes,1,Graduate,No,Unemployed,0.0,2900.0,3230.0,27.1,120,623.0,0,0.079,1,Semiurban,11400.0,9.9,12020.0,Rejected
APP100566,32,Female,Yes,1,Not Graduate,No,Self-Employed,7.5,2180.0,360.0,10.0,180,653.0,0,0.233,1,Urban,51300.0,4.2,2650.0,Rejected
APP101514,62,Male,Yes,1,Not Graduate,Yes,Unemployed,0.0,3960.0,610.0,21.2,60,592.0,0,0.435,1,Rural,217000.0,3.3,14380.0,Approved
APP102520,37,Male,Yes,0,Graduate,Yes,Self-Employed,0.2,2780.0,970.0,10.0,360,507.0,0,0.091,1,Semiurban,79200.0,14.1,2020.0,Approved
APP101215,59,Female,Yes,1,Graduate,Yes,Salaried,24.9,4450.0,0.0,10.0,36,751.0,1,0.231,1,Urban,21700.0,8.2,1940.0,Approved
APP100051,53,Female,Yes,1,Graduate,No,Business Owner,2.9,6570.0,0.0,15.3,360,625.0,1,0.308,1,Rural,47200.0,3.5,3990.0,Rejected
APP102210,45,Female,No,0,Not Graduate,No,Self-Employed,13.1,1890.0,0.0,11.3,84,634.0,1,0.201,1,Urban,37400.0,9.0,2090.0,Approved
APP100807,38,Male,Yes,3+,Graduate,No,Salaried,0.5,6020.0,0.0,12.8,60,680.0,0,0.293,1,Semiurban,59300.0,5.6,5770.0,Approved
APP102702,59,Male,No,0,Graduate,No,Business Owner,2.6,1930.0,510.0,10.0,36,646.0,1,0.461,1,Semiurban,16500.0,12.0,8390.0,Rejected
APP104183,49,Male,Yes,,Graduate,No,Unemployed,0.0,4630.0,1480.0,28.8,60,607.0,1,0.413,0,Semiurban,16500.0,1.3,11960.0,Rejected
APP100534,36,Female,Yes,0,Graduate,No,Salaried,1.4,4620.0,2730.0,41.3,12,646.0,2,0.238,0,Urban,17000.0,6.2,3940.0,Rejected
APP103249,40,Male,Yes,2,Graduate,,Business Owner,2.4,3180.0,0.0,14.9,240,743.0,0,0.229,1,Urban,11400.0,0.0,1530.0,Approved
APP103961,37,Male,Yes,0,Graduate,No,Self-Employed,0.3,5680.0,1940.0,30.8,180,632.0,2,0.415,1,Semiurban,92500.0,10.3,1050.0,Approved
APP100443,42,Male,Yes,0,Graduate,No,Unemployed,0.0,11360.0,0.0,18.9,180,573.0,1,0.126,1,Urban,14700.0,1.2,6600.0,Rejected
APP101001,34,Male,Yes,1,Graduate,Yes,Salaried,4.5,4470.0,0.0,,120,609.0,0,0.315,1,Rural,66000.0,12.0,8940.0,Rejected
APP100195,43,Female,No,1,Graduate,No,Salaried,1.3,5130.0,1940.0,38.0,60,628.0,1,0.107,0,Semiurban,283000.0,1.9,6700.0,Approved
APP101420,25,Female,No,3+,Not Graduate,No,Self-Employed,3.8,3290.0,1760.0,27.1,240,728.0,1,0.118,1,Urban,52800.0,0.9,2190.0,Approved
APP100812,21,Male,Yes,0,Not Graduate,No,Unemployed,0.0,4210.0,2320.0,37.7,36,599.0,0,0.092,1,Semiurban,216900.0,12.6,3060.0,Approved
APP101874,25,Female,Yes,0,Not Graduate,No,Salaried,3.4,3150.0,3130.0,,12,654.0,0,0.467,1,Semiurban,47500.0,7.2,3070.0,Approved
APP104455,32,Female,Yes,2,Graduate,Yes,Self-Employed,1.4,1680.0,730.0,12.0,120,566.0,1,0.435,1,Urban,8900.0,3.0,13880.0,Rejected
APP103063,53,Male,No,2,Not Graduate,No,Salaried,10.6,5050.0,0.0,10.0,360,689.0,1,0.471,1,Urban,24400.0,1.6,14480.0,Approved
APP104307,49,Male,No,,Graduate,,Self-Employed,2.5,3610.0,0.0,16.5,84,697.0,1,0.118,1,Urban,10000.0,4.8,4000.0,Rejected
APP103270,23,Male,Yes,0,Not Graduate,No,Salaried,0.3,8840.0,2770.0,53.0,240,604.0,1,0.618,1,Semiurban,209400.0,5.4,4570.0,Approved
APP102609,33,Male,No,0,Graduate,No,Salaried,4.5,5240.0,2970.0,27.7,240,651.0,1,0.243,1,Urban,24200.0,3.7,7170.0,Approved
APP103933,50,Female,Yes,1,Graduate,No,Salaried,2.2,5690.0,0.0,33.2,240,546.0,0,0.39,1,Semiurban,108800.0,2.9,4790.0,Approved
APP104190,32,Female,Yes,2,Graduate,No,Salaried,6.0,1200.0,4030.0,14.9,36,772.0,2,0.225,0,Urban,16600.0,0.4,13670.0,Approved
APP100644,54,Female,Yes,2,Not Graduate,No,Business Owner,20.7,4450.0,4060.0,49.5,120,569.0,0,0.455,1,Semiurban,109100.0,1.1,15990.0,Approved
APP102284,36,Female,Yes,0,Graduate,No,Salaried,1.3,3480.0,0.0,10.0,240,707.0,1,0.397,1,Urban,68200.0,5.1,8090.0,Approved
APP103591,54,Male,No,1,Graduate,Yes,Unemployed,0.0,3480.0,3370.0,41.0,240,523.0,1,0.232,0,Semiurban,26900.0,13.5,7390.0,Rejected
APP102577,40,Male,No,2,Not Graduate,Yes,Salaried,6.4,3290.0,0.0,17.2,120,625.0,0,0.447,1,Urban,15100.0,4.4,11210.0,Rejected
APP104447,32,Male,No,3+,Graduate,No,Salaried,5.3,7940.0,0.0,40.6,360,684.0,2,0.454,1,Rural,48800.0,4.0,2590.0,Rejected
APP100120,27,Male,Yes,2,Graduate,No,Salaried,1.3,6730.0,1670.0,36.5,84,687.0,0,0.322,1,Urban,32800.0,5.6,17360.0,Approved
APP101268,37,Female,Yes,3+,Graduate,Yes,Self-Employed,0.1,4010.0,0.0,20.3,240,673.0,1,0.257,1,Rural,43200.0,5.3,1580.0,Approved
APP104613,50,Male,Yes,0,Graduate,No,Salaried,1.5,2470.0,1760.0,22.4,12,594.0,0,0.596,1,Semiurban,33800.0,6.2,1590.0,Rejected
APP104938,56,Male,No,1,Not Graduate,No,Unemployed,0.0,2390.0,1560.0,17.4,240,561.0,0,0.266,1,Rural,25100.0,1.9,8290.0,Rejected
APP102495,37,Male,No,2,Graduate,No,Self-Employed,1.1,1630.0,0.0,10.0,120,794.0,0,0.366,0,Urban,31400.0,5.9,1850.0,Rejected
APP102022,39,Male,Yes,3+,Graduate,No,Salaried,3.3,7380.0,2170.0,46.9,120,447.0,1,0.342,1,Rural,85800.0,4.1,9590.0,Rejected
APP100134,43,Male,Yes,1,Graduate,No,Salaried,5.9,9990.0,1390.0,40.3,180,842.0,1,0.177,1,Rural,19800.0,29.4,7340.0,Approved
APP102789,32,Male,Yes,1,Graduate,No,Self-Employed,1.6,9230.0,2000.0,41.6,12,655.0,0,0.41,1,Semiurban,78200.0,1.9,3520.0,Approved
APP103857,42,Female,Yes,0,Graduate,No,Self-Employed,8.5,9550.0,1690.0,25.4,84,622.0,0,0.513,1,Urban,36100.0,8.5,4380.0,Approved
APP104766,52,Male,Yes,0,Not Graduate,No,Business Owner,1.3,3340.0,0.0,13.5,36,775.0,0,0.106,1,Semiurban,67100.0,1.6,3870.0,Approved
APP100184,44,Female,Yes,0,Not Graduate,Yes,Salaried,4.0,5820.0,0.0,31.8,360,343.0,3,0.585,1,Rural,45600.0,3.5,910.0,Rejected
APP101360,36,Male,No,0,Not Graduate,No,Salaried,7.5,10630.0,0.0,46.8,36,552.0,1,0.169,1,Urban,61900.0,11.7,970.0,Rejected
APP101703,30,Female,Yes,0,Not Graduate,Yes,Business Owner,2.6,4090.0,0.0,16.0,360,673.0,0,0.01,1,Urban,37700.0,6.6,12320.0,Approved
APP100511,28,Female,No,0,Not Graduate,No,Self-Employed,6.7,5000.0,2500.0,35.1,180,721.0,0,0.151,1,Semiurban,49600.0,9.2,1570.0,Approved
APP100877,33,Female,Yes,3+,Graduate,Yes,Salaried,0.2,5290.0,500.0,11.7,180,685.0,1,0.268,1,Urban,52500.0,0.1,7100.0,Approved
APP100062,38,Male,No,,Graduate,No,Salaried,14.4,3450.0,2530.0,17.7,12,534.0,3,0.168,1,Urban,16300.0,7.4,1710.0,Rejected
APP104786,21,Male,No,0,Graduate,No,Salaried,12.6,2430.0,4290.0,26.1,240,657.0,0,0.446,1,Rural,40800.0,23.9,3220.0,Rejected
APP102722,34,Female,Yes,0,Graduate,Yes,Business Owner,0.6,5010.0,0.0,24.4,120,730.0,1,0.13,1,Urban,50100.0,7.0,6780.0,Rejected
APP103787,50,Male,Yes,3+,Graduate,No,Salaried,5.5,4750.0,0.0,28.5,60,604.0,1,0.153,1,Semiurban,65300.0,6.6,5090.0,Rejected
APP102575,21,Male,Yes,1,Graduate,No,Salaried,5.2,1650.0,2170.0,10.0,240,587.0,0,0.444,1,Rural,78800.0,4.3,21930.0,Approved
APP100776,37,Male,No,1,Graduate,No,Salaried,1.0,1300.0,3190.0,17.2,360,628.0,0,0.494,1,Rural,14400.0,5.1,380.0,Rejected
APP100251,39,Male,No,3+,Not Graduate,Yes,Self-Employed,4.0,3030.0,1950.0,24.6,240,783.0,1,0.521,1,Semiurban,68200.0,1.5,1000.0,Approved
APP102394,39,Male,Yes,1,Graduate,No,Salaried,1.4,1720.0,0.0,10.1,12,804.0,0,0.249,1,Urban,23700.0,17.7,4370.0,Approved
APP100859,49,Female,Yes,0,Graduate,No,Business Owner,3.1,2530.0,0.0,11.5,60,635.0,0,0.13,1,Semiurban,16400.0,2.0,720.0,Approved
APP103760,49,Male,Yes,1,Not Graduate,No,Unemployed,0.0,9770.0,0.0,44.6,60,798.0,1,0.138,1,Semiurban,18700.0,5.6,600.0,Approved
APP102656,37,Male,Yes,0,Graduate,No,Salaried,11.2,3710.0,3960.0,39.3,240,678.0,2,0.317,1,Semiurban,37700.0,0.7,4170.0,Approved
APP103388,32,Female,Yes,0,Graduate,No,Self-Employed,1.4,5690.0,0.0,10.8,120,694.0,2,0.082,1,Semiurban,28900.0,4.6,28840.0,Approved
APP100122,42,Male,Yes,3+,Graduate,,Salaried,0.4,5860.0,0.0,28.6,36,658.0,1,0.495,0,Rural,65100.0,2.2,1620.0,Rejected
APP103710,31,Male,Yes,2,Not Graduate,No,Self-Employed,1.0,2800.0,2360.0,25.1,360,620.0,1,0.246,1,Urban,14900.0,1.2,810.0,Rejected
APP101168,25,Male,No,2,Not Graduate,No,Salaried,0.7,1650.0,1620.0,13.1,180,602.0,0,0.199,1,Rural,,5.8,2120.0,Approved
APP101941,50,Male,Yes,0,Graduate,No,Salaried,2.5,4910.0,1560.0,11.3,84,649.0,1,0.161,1,Urban,53300.0,19.0,1850.0,Approved
APP103807,42,Male,Yes,0,Not Graduate,No,Salaried,0.4,1560.0,1010.0,13.3,360,552.0,0,0.348,1,Semiurban,68200.0,19.1,7400.0,Rejected
APP100567,37,Male,No,1,Graduate,Yes,Salaried,5.4,4600.0,2380.0,27.8,240,502.0,0,0.487,1,Urban,33200.0,4.4,4280.0,Approved
APP102370,31,Male,No,0,Graduate,No,Salaried,0.5,5240.0,2460.0,21.9,36,766.0,0,0.323,0,Semiurban,9800.0,1.8,1470.0,Rejected
APP103250,36,Male,No,0,Not Graduate,No,Business Owner,10.8,2420.0,1220.0,10.0,84,536.0,0,0.397,1,Urban,14100.0,1.1,1960.0,Rejected
APP101533,30,Female,No,0,Not Graduate,,Salaried,4.9,4360.0,0.0,20.4,240,719.0,0,0.06,1,Semiurban,18600.0,13.2,10690.0,Approved
APP104214,21,Male,Yes,1,Graduate,Yes,Salaried,0.4,6050.0,0.0,23.3,84,589.0,1,0.186,1,Urban,24300.0,22.2,5740.0,Rejected
APP104985,61,Male,No,0,Graduate,No,Salaried,10.5,7360.0,0.0,40.8,120,550.0,0,0.108,1,Urban,52500.0,7.0,23040.0,Approved
APP101893,39,Male,No,0,Graduate,No,Salaried,0.3,5940.0,0.0,25.9,60,630.0,1,0.283,1,Semiurban,40400.0,9.2,6380.0,Rejected
APP101491,35,Male,Yes,1,Not Graduate,No,Business Owner,4.1,5270.0,0.0,28.5,36,,1,0.543,1,Semiurban,38500.0,3.1,870.0,Rejected
APP104770,44,Male,Yes,3+,Not Graduate,No,Salaried,0.9,3170.0,3260.0,29.9,36,607.0,0,0.275,1,Rural,47500.0,3.0,4580.0,Rejected
APP104200,37,Female,Yes,3+,Graduate,Yes,Salaried,0.1,2720.0,660.0,11.9,12,574.0,0,0.132,1,Semiurban,14800.0,3.8,5130.0,Rejected
APP100720,46,Female,Yes,0,Graduate,No,Salaried,18.6,7560.0,8140.0,58.1,360,686.0,1,0.335,1,Urban,13300.0,3.5,11360.0,Approved
APP102764,32,Male,Yes,0,Graduate,No,Business Owner,5.7,6460.0,1680.0,32.4,360,701.0,2,0.243,0,Semiurban,20300.0,7.1,700.0,Rejected
APP102077,39,Female,No,1,Graduate,No,Self-Employed,15.6,3900.0,0.0,14.5,120,689.0,0,0.192,1,Semiurban,37200.0,12.5,5440.0,Approved
APP101456,32,Female,Yes,1,Graduate,,Salaried,1.4,3870.0,1840.0,,60,470.0,1,0.19,1,Rural,59800.0,6.6,1240.0,Rejected
APP104357,23,Male,No,1,Graduate,No,Salaried,6.4,1480.0,1380.0,10.0,12,,1,0.306,1,Semiurban,73600.0,0.8,16640.0,Approved
APP103260,53,Female,Yes,2,Graduate,No,Salaried,1.7,2010.0,530.0,10.0,36,644.0,0,0.183,1,Urban,20400.0,1.5,2090.0,Rejected
APP100602,46,Female,No,0,Not Graduate,No,Self-Employed,10.4,11260.0,5660.0,36.7,36,687.0,2,0.667,0,Rural,19300.0,14.1,8580.0,Rejected
APP102099,37,Female,Yes,,Graduate,Yes,Salaried,6.5,9130.0,2040.0,20.6,84,615.0,0,0.356,1,Urban,32000.0,1.7,3200.0,Rejected
APP101569,21,Male,Yes,2,Graduate,No,Salaried,12.4,3200.0,0.0,17.2,240,595.0,0,0.361,1,Urban,17300.0,5.8,10850.0,Rejected
APP101101,21,Male,Yes,0,Graduate,No,Self-Employed,2.7,5480.0,1970.0,32.9,180,733.0,1,0.614,1,Rural,53900.0,1.6,3240.0,Rejected
APP103525,33,Male,Yes,0,Graduate,No,Salaried,3.4,1920.0,300.0,10.0,36,733.0,1,0.143,1,Rural,37600.0,7.4,1070.0,Rejected
APP100318,35,Male,No,0,Graduate,No,Salaried,4.5,5890.0,0.0,13.8,36,707.0,0,0.341,1,Rural,36400.0,4.3,2690.0,Approved
APP104497,36,Female,Yes,0,Graduate,Yes,Salaried,1.6,2630.0,0.0,10.0,12,768.0,1,0.508,1,Urban,19900.0,9.1,33520.0,Approved
APP101293,37,Female,Yes,0,Graduate,No,Salaried,0.4,6540.0,1000.0,37.1,12,663.0,0,0.089,1,Urban,,0.5,2390.0,Approved
APP100274,39,Female,Yes,2,Not Graduate,No,Self-Employed,0.1,2630.0,2100.0,18.2,12,745.0,2,0.126,1,Urban,18700.0,4.3,1870.0,Rejected
APP102962,53,Male,No,0,Graduate,No,Salaried,2.0,2640.0,1450.0,12.4,180,609.0,0,0.428,1,Urban,37700.0,3.4,2710.0,Rejected
APP100549,33,Female,Yes,3+,Graduate,No,Business Owner,4.6,4670.0,3410.0,43.0,84,727.0,2,0.425,1,Semiurban,152700.0,15.5,2230.0,Approved
APP102223,27,Male,No,0,Graduate,Yes,Salaried,8.6,2930.0,0.0,14.2,36,534.0,1,0.099,1,Semiurban,31300.0,3.8,5200.0,Rejected
APP103901,43,Male,No,0,Not Graduate,No,Salaried,2.6,1450.0,2310.0,10.0,180,709.0,2,0.372,0,Semiurban,7200.0,9.4,2670.0,Rejected
APP104942,49,Male,Yes,0,Graduate,No,Self-Employed,20.0,7880.0,0.0,43.7,180,692.0,1,0.495,0,Rural,42800.0,0.5,4850.0,Rejected
APP104549,25,Male,Yes,3+,Graduate,Yes,Self-Employed,9.5,6700.0,0.0,22.2,60,584.0,1,0.172,0,Semiurban,59600.0,4.2,4790.0,Rejected
APP100605,47,Male,Yes,1,Not Graduate,No,Unemployed,0.0,2470.0,1840.0,21.4,360,811.0,0,0.174,1,Semiurban,39600.0,8.1,4180.0,Rejected
APP102259,42,Female,No,0,Graduate,Yes,Self-Employed,0.7,3620.0,0.0,21.3,120,737.0,1,0.528,1,Rural,10800.0,5.9,16540.0,Rejected
APP100527,48,Female,No,0,Not Graduate,No,Salaried,2.4,2500.0,1950.0,19.3,36,742.0,0,0.254,1,Semiurban,172600.0,10.4,16380.0,Approved
APP102515,40,Male,No,0,Not Graduate,No,Salaried,1.6,1810.0,2470.0,16.1,36,676.0,2,0.137,1,Urban,14300.0,3.3,14360.0,Approved
APP100776,37,Male,No,1,Graduate,No,Salaried,1.0,1300.0,3190.0,17.2,360,628.0,0,0.494,1,Rural,14400.0,5.1,380.0,Rejected
APP102456,34,Female,Yes,0,Graduate,No,Salaried,7.7,4500.0,3970.0,41.7,180,691.0,1,0.312,1,Semiurban,21200.0,2.7,48130.0,Approved
APP103845,45,Male,Yes,1,Graduate,No,Salaried,6.4,1690.0,3220.0,,60,644.0,0,0.395,1,Rural,39800.0,2.2,10280.0,Approved
APP104954,32,Female,No,0,Graduate,No,Salaried,12.5,10910.0,0.0,26.1,120,462.0,0,0.474,1,Rural,23400.0,4.7,2190.0,Rejected
APP101873,40,Female,Yes,2,Not Graduate,No,Salaried,1.6,8490.0,3730.0,39.1,180,777.0,3,0.302,1,Semiurban,12100.0,32.4,2760.0,Approved
APP103214,38,Female,No,0,Graduate,No,Salaried,2.0,2260.0,2770.0,29.1,84,782.0,2,0.387,1,Semiurban,58500.0,1.1,6050.0,Rejected
APP100298,45,Male,Yes,3+,Not Graduate,No,Salaried,3.3,6500.0,1470.0,16.2,12,586.0,2,0.397,1,Urban,59900.0,0.3,1770.0,Rejected
APP101135,43,Female,No,0,Graduate,No,Salaried,10.6,14980.0,0.0,58.0,36,727.0,0,0.33,1,Urban,26200.0,0.6,14660.0,Approved
APP102585,58,Female,Yes,0,Graduate,No,Self-Employed,8.3,3090.0,820.0,10.0,84,545.0,1,0.169,1,Semiurban,41900.0,9.4,4860.0,Rejected
APP101877,47,Male,Yes,0,Graduate,,Business Owner,4.7,3850.0,1800.0,10.0,180,677.0,1,0.45,1,Urban,30700.0,7.4,3720.0,Rejected
APP104772,31,Male,Yes,0,Graduate,No,Business Owner,7.2,4960.0,0.0,17.3,84,731.0,1,0.097,1,Urban,244300.0,6.6,8960.0,Approved
APP104994,46,Female,No,0,Graduate,No,Salaried,4.4,9580.0,1500.0,50.0,12,733.0,1,0.333,1,Rural,20800.0,2.8,11290.0,Rejected
APP104074,54,Male,Yes,0,Graduate,No,Salaried,9.7,1710.0,2760.0,17.4,180,650.0,1,0.264,1,Rural,21900.0,0.6,9620.0,Approved
APP101615,49,Female,Yes,0,Graduate,Yes,Salaried,7.2,5100.0,0.0,10.0,60,403.0,1,0.556,1,Urban,82300.0,5.5,2210.0,Rejected
APP104948,65,Male,No,3+,Not Graduate,No,Salaried,8.4,4490.0,0.0,20.5,240,630.0,0,0.405,1,Urban,22200.0,4.9,9150.0,Rejected
APP100150,68,Male,Yes,0,Not Graduate,No,Salaried,5.6,2090.0,740.0,10.0,240,661.0,0,0.188,1,Urban,38800.0,16.5,12740.0,Approved
APP100756,35,Male,No,2,Graduate,Yes,Business Owner,10.4,3490.0,0.0,16.8,84,727.0,2,0.267,1,Urban,33700.0,3.6,680.0,Approved
APP101052,48,Female,No,2,Graduate,No,Salaried,2.2,3890.0,0.0,11.2,180,620.0,0,0.422,1,Semiurban,134800.0,0.1,2540.0,Approved
APP102519,36,Female,Yes,,Graduate,Yes,Salaried,0.6,4350.0,1740.0,31.9,180,548.0,2,0.174,1,Rural,20700.0,7.6,2860.0,Rejected
APP104255,45,Male,No,0,Graduate,No,Salaried,3.8,1750.0,4290.0,33.2,36,544.0,0,0.118,1,Semiurban,29900.0,5.3,1610.0,Rejected
APP101483,53,Male,No,0,Graduate,No,Salaried,2.3,4290.0,3330.0,35.1,84,490.0,0,0.372,1,Urban,44200.0,4.4,8390.0,Rejected
APP101115,32,Male,Yes,0,Graduate,No,Business Owner,1.0,3510.0,0.0,20.5,240,524.0,1,0.186,1,Urban,,4.1,3000.0,Rejected
APP103065,40,Female,Yes,1,Graduate,Yes,Salaried,5.9,9000.0,1250.0,19.4,360,562.0,2,0.419,1,Rural,113400.0,0.0,16890.0,Rejected
APP102254,42,Female,Yes,1,Not Graduate,No,Business Owner,8.3,2000.0,1680.0,17.1,84,635.0,0,0.083,1,Urban,52100.0,8.7,8310.0,Approved
APP100376,27,Female,Yes,2,Not Graduate,No,Salaried,1.8,3430.0,0.0,11.2,36,609.0,0,0.118,1,Urban,14000.0,22.0,1050.0,Rejected
APP102103,39,Female,Yes,1,Not Graduate,Yes,Salaried,11.9,2130.0,1290.0,10.0,36,,0,0.23,1,Rural,24000.0,9.2,8860.0,Approved
APP104222,52,Male,No,2,Graduate,No,Salaried,0.8,5680.0,0.0,28.2,84,648.0,0,0.205,1,Urban,44100.0,4.2,10670.0,Approved
APP102339,36,Male,Yes,0,Graduate,No,Self-Employed,4.3,1420.0,0.0,10.0,60,701.0,0,0.209,1,Urban,23500.0,12.6,3310.0,Rejected
APP103944,40,Male,Yes,1,Graduate,No,Salaried,14.8,2720.0,0.0,10.0,12,642.0,0,0.187,1,Semiurban,77800.0,16.9,4700.0,Approved
APP100378,40,Male,Yes,1,Graduate,No,Salaried,7.2,4010.0,0.0,20.6,240,829.0,0,0.296,1,Semiurban,,11.2,5520.0,Rejected
APP102775,31,Male,Yes,0,Graduate,No,Unemployed,0.0,4800.0,1350.0,26.5,360,724.0,0,0.392,1,Rural,11500.0,12.2,8670.0,Rejected
APP104135,30,Female,Yes,0,Graduate,No,Salaried,7.0,1760.0,0.0,10.0,84,487.0,0,0.36,1,Urban,106800.0,2.5,1250.0,Rejected
APP104420,41,Female,No,2,Graduate,Yes,Salaried,2.8,7960.0,3450.0,41.7,180,741.0,0,0.376,1,Urban,12800.0,2.9,11240.0,Approved
APP100907,45,Male,Yes,2,Graduate,No,Salaried,2.4,5050.0,2910.0,29.5,180,566.0,0,0.206,1,Urban,70400.0,2.5,3160.0,Approved
APP101370,30,Male,Yes,1,Graduate,No,Self-Employed,1.9,3730.0,1870.0,16.3,240,610.0,0,0.057,1,Semiurban,43700.0,8.6,20690.0,Approved
APP101954,37,Female,No,0,Not Graduate,No,Business Owner,3.8,3360.0,1770.0,19.8,60,593.0,0,0.231,1,Urban,34700.0,0.3,219300.0,Approved
APP101721,25,Female,Yes,0,Graduate,No,Salaried,0.7,4460.0,0.0,11.8,120,665.0,0,0.187,0,Urban,6000.0,9.1,3340.0,Rejected
APP103313,32,Male,No,1,Graduate,No,Business Owner,1.1,22090.0,3910.0,77.3,120,571.0,2,0.141,1,Rural,37700.0,1.4,8790.0,Rejected
APP103055,35,Male,Yes,1,Graduate,No,Self-Employed,1.0,2420.0,1720.0,10.0,180,689.0,0,0.03,1,Urban,351700.0,0.6,4660.0,Approved
APP101869,34,Female,Yes,0,Not Graduate,No,Salaried,7.3,3880.0,6020.0,,240,613.0,0,0.246,1,Semiurban,58200.0,6.9,19700.0,Approved
APP103915,34,Male,Yes,3+,Graduate,No,Unemployed,0.0,5640.0,0.0,27.6,180,703.0,2,0.321,1,Urban,15300.0,12.1,13500.0,Rejected
APP104634,37,Female,Yes,0,Not Graduate,No,Self-Employed,8.7,4640.0,0.0,20.0,240,588.0,0,0.23,1,Semiurban,19800.0,4.4,8620.0,Approved
APP100794,38,Male,Yes,0,Graduate,No,Salaried,3.8,3720.0,1870.0,32.9,60,687.0,0,0.4,1,Rural,30200.0,0.3,12510.0,Approved
APP102552,39,Male,Yes,0,Not Graduate,No,Unemployed,0.0,9670.0,0.0,24.6,120,507.0,1,0.117,1,Semiurban,42400.0,6.5,6470.0,Rejected
APP100841,26,Female,Yes,,Not Graduate,No,Salaried,12.3,1940.0,0.0,10.0,180,444.0,0,0.458,1,Semiurban,18000.0,1.7,4720.0,Rejected
APP103337,39,Female,No,0,Not Graduate,Yes,Business Owner,0.5,3920.0,1430.0,32.1,12,629.0,0,0.215,1,Semiurban,,6.4,2690.0,Rejected
APP101702,38,Male,Yes,0,Graduate,No,Unemployed,0.0,6260.0,1400.0,21.3,60,778.0,1,0.288,1,Rural,53100.0,1.4,2640.0,Rejected
APP100175,44,Female,No,3+,Graduate,Yes,Self-Employed,0.7,3480.0,4410.0,39.3,36,750.0,1,0.435,1,Semiurban,32400.0,3.0,1680.0,Rejected
APP101808,45,Female,Yes,0,Graduate,No,Salaried,7.2,7770.0,0.0,27.7,120,655.0,0,0.242,1,Urban,58500.0,1.3,2880.0,Approved
APP102792,32,Male,Yes,0,Not Graduate,Yes,Self-Employed,17.2,1200.0,0.0,10.0,84,577.0,0,0.346,1,Urban,36400.0,10.3,610.0,Rejected
APP103670,41,Female,No,0,Graduate,Yes,Salaried,8.8,3690.0,0.0,16.3,36,622.0,1,0.056,1,Urban,30500.0,0.9,7330.0,Approved
APP100045,27,Female,Yes,,Not Graduate,No,Business Owner,4.9,1830.0,0.0,10.0,180,484.0,2,0.347,1,Rural,98700.0,11.4,2580.0,Rejected
APP102807,21,Female,No,2,Not Graduate,No,Business Owner,11.6,3860.0,6840.0,42.5,84,524.0,0,0.297,1,Semiurban,43800.0,0.9,6050.0,Rejected
APP102458,30,Female,No,0,Graduate,Yes,Self-Employed,0.5,4630.0,0.0,15.6,12,707.0,2,0.131,1,Semiurban,41300.0,14.7,11040.0,Approved
APP101755,42,Male,No,3+,Graduate,Yes,Self-Employed,8.4,4570.0,0.0,21.1,120,552.0,1,0.365,1,Rural,12500.0,1.9,11760.0,Rejected
APP102886,59,Female,Yes,0,Graduate,No,Unemployed,0.0,2160.0,2650.0,12.0,120,700.0,2,0.239,1,Semiurban,116700.0,5.4,6000.0,Approved
APP101717,37,Male,No,0,Graduate,No,Self-Employed,15.7,4480.0,0.0,26.8,360,656.0,1,0.044,1,Urban,98900.0,4.3,8060.0,Approved
APP101318,39,Male,No,1,Not Graduate,No,Salaried,2.0,1550.0,0.0,10.0,120,877.0,0,0.257,0,Urban,49500.0,2.0,1670.0,Approved
APP103607,21,Female,No,0,Graduate,No,Salaried,2.3,5040.0,4520.0,44.3,36,717.0,1,0.127,1,Semiurban,41300.0,19.1,12410.0,Approved
APP102934,54,Male,No,0,Not Graduate,No,Business Owner,16.2,3770.0,960.0,11.7,36,728.0,0,0.389,1,Semiurban,102700.0,3.6,1520.0,Approved
APP103792,53,Female,Yes,1,Graduate,No,Salaried,3.4,7970.0,0.0,33.5,84,641.0,1,0.081,1,Semiurban,44400.0,5.6,960.0,Approved
APP101740,52,Female,Yes,0,Graduate,No,Salaried,0.7,3970.0,0.0,10.7,60,628.0,1,0.439,1,Semiurban,26400.0,4.7,60510.0,Rejected
APP103161,45,Female,Yes,0,Not Graduate,No,Salaried,1.7,5560.0,0.0,10.0,84,829.0,0,0.26,1,Urban,23500.0,2.5,3330.0,Approved
APP102471,45,Male,Yes,0,Not Graduate,No,Salaried,7.3,7610.0,0.0,22.2,84,722.0,0,0.083,1,Urban,63000.0,23.7,4420.0,Approved
APP100283,37,Female,No,0,Graduate,No,Self-Employed,10.2,3620.0,3170.0,20.1,60,631.0,0,0.252,1,Urban,7500.0,33.9,7320.0,Approved
APP104048,32,Male,Yes,0,Graduate,No,Unemployed,0.0,2590.0,0.0,10.0,12,,0,0.248,1,Rural,24000.0,3.9,1590.0,Rejected
APP101448,55,Male,No,2,Not Graduate,No,Salaried,5.8,3030.0,1660.0,14.8,12,683.0,0,0.29,1,Semiurban,39200.0,5.2,6560.0,Rejected
APP101432,52,Female,No,0,Graduate,Yes,Unemployed,0.0,5140.0,5820.0,36.1,60,667.0,0,0.402,1,Semiurban,169500.0,1.6,28680.0,Approved
APP103609,33,Female,Yes,2,Graduate,Yes,Self-Employed,1.6,4210.0,0.0,22.5,180,,0,0.132,1,Rural,13200.0,3.3,3340.0,Rejected
APP103095,49,Male,Yes,2,Graduate,No,Salaried,1.9,4670.0,720.0,13.3,240,641.0,0,0.427,1,Semiurban,40400.0,2.2,9540.0,Rejected
APP104907,22,Male,Yes,0,Graduate,No,Unemployed,0.0,3590.0,740.0,10.0,360,512.0,1,0.574,0,Urban,22200.0,6.8,2790.0,Rejected
APP101075,43,Male,Yes,0,Graduate,No,Business Owner,1.3,5230.0,0.0,29.9,360,616.0,1,0.238,1,Urban,22900.0,0.1,2130.0,Rejected
APP103038,31,Female,Yes,0,Graduate,Yes,Self-Employed,0.4,2570.0,2080.0,13.8,180,526.0,1,0.356,1,Rural,22900.0,12.7,2140.0,Rejected
APP104803,21,Female,Yes,0,Graduate,No,Salaried,0.8,4820.0,0.0,11.8,120,762.0,4,0.312,1,Semiurban,31800.0,4.8,13150.0,Rejected
APP102602,33,Male,No,0,Graduate,,Self-Employed,5.9,2950.0,1340.0,20.5,36,421.0,1,0.26,1,Semiurban,,4.3,29920.0,Rejected
APP103639,28,Female,Yes,,Graduate,Yes,Salaried,3.2,1630.0,4100.0,21.8,84,678.0,0,0.164,1,Urban,49200.0,3.4,2740.0,Approved
APP102746,21,Female,No,0,Graduate,No,Salaried,5.2,2930.0,2580.0,23.1,360,494.0,1,0.114,1,Urban,14400.0,23.5,11540.0,Rejected
APP102361,43,Male,Yes,2,Graduate,No,Salaried,4.9,3080.0,3450.0,15.7,36,586.0,0,0.268,1,Urban,87800.0,20.1,14760.0,Approved
APP104152,42,Male,No,,Graduate,No,Unemployed,0.0,5380.0,0.0,28.2,84,597.0,0,0.287,1,Urban,18000.0,4.8,15040.0,Rejected
APP101055,50,Female,No,0,Not Graduate,Yes,Self-Employed,0.3,3920.0,0.0,10.0,120,634.0,0,0.167,1,Urban,18300.0,4.6,8340.0,Rejected
APP100977,46,Female,Yes,1,Graduate,No,Business Owner,1.0,4690.0,0.0,10.0,60,634.0,0,0.198,1,Semiurban,28800.0,0.2,8640.0,Approved
APP104604,21,Male,No,0,Not Graduate,No,Unemployed,0.0,2340.0,560.0,10.0,12,581.0,0,0.163,1,Urban,20600.0,4.9,4410.0,Rejected
APP101872,26,Male,No,,Not Graduate,No,Self-Employed,6.1,2160.0,0.0,10.0,360,658.0,0,0.691,0,Semiurban,26900.0,3.8,3910.0,Rejected
APP101539,38,Male,No,0,Graduate,No,Self-Employed,5.8,4180.0,1030.0,,360,607.0,1,0.31,1,Urban,26200.0,2.9,3500.0,Approved
APP104937,45,Male,Yes,2,Not Graduate,No,Self-Employed,4.1,7300.0,2040.0,21.1,84,754.0,1,0.264,1,Semiurban,76100.0,13.7,13930.0,Approved
APP100099,42,Male,Yes,0,Not Graduate,No,Business Owner,3.6,4210.0,3110.0,18.8,60,597.0,0,0.549,1,Rural,30500.0,3.2,8010.0,Rejected
APP101739,37,Female,No,3+,Not Graduate,No,Salaried,1.4,7760.0,0.0,31.4,180,736.0,0,0.063,1,Urban,15800.0,0.8,4640.0,Approved
APP104405,53,Female,No,0,Graduate,No,Self-Employed,1.2,3230.0,3280.0,31.1,120,613.0,0,0.04,1,Rural,22600.0,1.1,3040.0,Rejected
APP101732,33,Female,No,2,Not Graduate,No,Business Owner,0.1,6530.0,1430.0,45.6,120,614.0,1,0.299,1,Urban,69500.0,9.8,6330.0,Approved
APP102197,40,Male,Yes,0,Graduate,No,Business Owner,3.8,3320.0,0.0,19.7,84,507.0,0,0.368,1,Semiurban,23900.0,2.0,3630.0,Rejected
APP100351,44,Male,Yes,0,Graduate,No,Salaried,2.6,7120.0,0.0,24.4,84,727.0,1,0.405,1,Urban,21100.0,2.7,3070.0,Rejected
APP102787,26,Male,No,0,Graduate,No,Salaried,20.0,2810.0,1210.0,10.0,12,735.0,0,0.382,1,Urban,15100.0,4.1,1510.0,Approved
APP101932,51,Male,Yes,2,Not Graduate,No,Business Owner,0.1,11220.0,870.0,54.5,60,639.0,1,0.355,1,Rural,17100.0,3.0,1870.0,Rejected
APP101818,29,Female,Yes,0,Graduate,Yes,Salaried,2.0,5590.0,0.0,29.1,360,752.0,1,0.033,1,Urban,616300.0,9.1,12970.0,Approved
APP101002,38,Male,No,2,Graduate,No,Salaried,1.6,3380.0,890.0,12.0,240,764.0,1,0.46,1,Urban,108100.0,9.4,4820.0,Approved
APP100718,38,Male,Yes,3+,Not Graduate,Yes,Salaried,9.7,6310.0,0.0,25.1,12,764.0,0,0.189,1,Urban,15600.0,0.9,11460.0,Approved
APP102755,51,Female,No,1,Not Graduate,No,Business Owner,0.1,8600.0,1510.0,43.3,84,616.0,0,0.268,1,Urban,91500.0,8.6,15910.0,Approved
APP102776,21,Male,Yes,1,Not Graduate,No,Salaried,1.1,1580.0,0.0,10.0,120,716.0,1,0.421,1,Rural,69700.0,9.4,5960.0,Approved
APP104632,42,Male,No,0,Graduate,No,Salaried,1.9,8600.0,1460.0,34.1,36,633.0,1,0.528,1,Semiurban,79900.0,15.3,21650.0,Approved
APP100308,27,Female,No,3+,Graduate,No,Salaried,4.4,2710.0,1870.0,20.9,120,763.0,1,0.408,1,Semiurban,6000.0,5.6,520.0,Rejected
APP101564,48,Female,Yes,1,Not Graduate,No,Salaried,25.7,2630.0,5700.0,18.1,120,611.0,0,0.11,1,Semiurban,11500.0,12.4,29650.0,Approved
APP100833,30,Female,No,0,Not Graduate,No,Salaried,5.2,3400.0,5660.0,44.4,36,535.0,0,0.455,1,Urban,35000.0,0.5,1190.0,Rejected
APP100366,27,Female,No,0,Not Graduate,No,Business Owner,6.7,1760.0,1210.0,17.4,36,688.0,1,0.185,0,Rural,70200.0,7.8,4040.0,Approved
APP104879,25,Female,No,0,Graduate,No,Business Owner,0.1,5060.0,2480.0,12.2,84,678.0,1,0.291,1,Urban,53900.0,0.2,4520.0,Approved
APP102119,38,Female,Yes,1,Graduate,No,Salaried,2.4,3860.0,1260.0,23.3,12,719.0,1,0.375,1,Semiurban,61000.0,9.6,2470.0,Rejected
APP103196,35,Male,No,0,Graduate,No,Business Owner,5.7,3480.0,1000.0,26.1,60,841.0,3,0.365,0,Urban,33200.0,0.9,47190.0,Approved
APP103836,63,Male,No,,Not Graduate,No,Self-Employed,0.2,1870.0,0.0,10.0,36,675.0,1,0.546,0,Semiurban,11500.0,2.4,3390.0,Rejected
APP102589,36,Male,No,0,Graduate,No,Salaried,3.0,7580.0,1710.0,,60,641.0,2,0.401,0,Urban,114400.0,1.8,900.0,Rejected
APP103988,26,Male,No,1,Not Graduate,Yes,Salaried,5.7,4620.0,0.0,10.2,240,,0,0.222,1,Urban,22400.0,7.6,4120.0,Approved
APP100019,43,Male,No,1,Not Graduate,No,Self-Employed,12.0,11050.0,0.0,47.2,36,658.0,1,0.631,1,Rural,20700.0,5.4,3100.0,Rejected
APP101477,46,Male,No,0,Not Graduate,No,Salaried,0.9,2430.0,0.0,10.9,180,,2,0.409,1,Rural,16100.0,0.4,22280.0,Rejected
APP101606,37,Female,Yes,1,Not Graduate,No,Business Owner,4.5,1660.0,1100.0,10.0,12,757.0,0,0.416,1,Urban,48600.0,2.2,13610.0,Approved
APP102658,25,Male,No,0,Graduate,Yes,Self-Employed,5.4,4860.0,0.0,27.2,360,567.0,0,0.054,1,Rural,22200.0,8.9,2320.0,Rejected
APP100218,31,Male,Yes,2,Not Graduate,No,Salaried,1.2,5410.0,3430.0,46.8,360,718.0,0,0.195,0,Urban,55400.0,2.8,1160.0,Approved
APP101878,54,Male,Yes,1,Graduate,No,Salaried,3.2,5950.0,1430.0,19.8,60,661.0,0,0.272,1,Urban,50700.0,2.5,14830.0,Approved
APP100438,32,Female,No,0,Not Graduate,No,Self-Employed,1.4,2870.0,3540.0,32.6,84,583.0,0,0.446,1,Urban,17400.0,1.4,11540.0,Rejected
APP101158,46,Female,Yes,3+,Graduate,Yes,Salaried,1.9,5410.0,1890.0,38.9,12,857.0,0,0.293,1,Urban,,8.0,18370.0,Approved
APP101614,24,Male,No,0,Not Graduate,No,Salaried,0.7,13130.0,0.0,28.4,120,588.0,0,0.216,1,Semiurban,25400.0,8.7,330.0,Rejected
APP104783,38,Male,No,0,Graduate,No,Self-Employed,2.0,1200.0,880.0,10.0,180,,0,0.221,1,Urban,63500.0,4.7,75630.0,Approved
APP103501,32,Female,Yes,1,Graduate,No,Business Owner,0.4,1630.0,0.0,10.0,240,618.0,0,0.038,1,Semiurban,69200.0,8.9,8950.0,Approved
APP101181,51,Female,Yes,0,Graduate,No,Salaried,2.0,2660.0,0.0,10.0,12,,2,0.579,1,Urban,11300.0,11.5,1120.0,Rejected
APP104697,49,Male,No,3+,Graduate,No,Business Owner,0.1,3570.0,620.0,10.0,180,624.0,0,0.056,1,Rural,49400.0,7.4,4750.0,Approved
APP104001,57,Female,No,0,Graduate,No,Salaried,4.8,20160.0,1750.0,,360,832.0,1,0.18,1,Rural,35800.0,1.4,1890.0,Approved
APP102818,49,Male,Yes,1,Graduate,No,Salaried,1.0,4210.0,0.0,18.5,36,652.0,1,0.129,1,Semiurban,67600.0,0.6,11620.0,Approved
APP100802,22,Male,Yes,3+,Not Graduate,No,Salaried,16.6,3900.0,0.0,22.2,60,740.0,2,0.456,1,Rural,27800.0,0.9,21120.0,Approved
APP103058,38,Female,Yes,0,Graduate,,Salaried,3.3,6350.0,0.0,,240,730.0,2,0.094,1,Semiurban,76000.0,1.0,610.0,Approved
APP103574,55,Male,Yes,0,Graduate,No,Salaried,4.5,3010.0,1680.0,20.6,36,722.0,0,0.146,1,Urban,41100.0,5.9,620.0,Approved
APP103796,50,Male,Yes,,Not Graduate,No,Self-Employed,2.8,4850.0,1550.0,27.0,360,557.0,1,0.535,1,Semiurban,30100.0,15.9,10280.0,Rejected
APP102465,36,Male,No,,Not Graduate,Yes,Salaried,3.2,11520.0,0.0,61.3,180,601.0,2,0.295,1,Semiurban,87600.0,7.3,5060.0,Rejected
APP100582,47,Female,Yes,0,Graduate,No,Self-Employed,7.5,3160.0,0.0,18.8,360,581.0,3,0.264,1,Semiurban,43000.0,2.2,13690.0,Rejected
APP100203,22,Female,Yes,2,Graduate,No,Salaried,2.2,1900.0,1670.0,10.0,360,555.0,0,0.097,1,Semiurban,59200.0,12.0,1280.0,Approved
APP104113,31,Male,Yes,0,Graduate,No,Business Owner,5.1,4580.0,1620.0,23.4,240,,2,0.266,1,Urban,29200.0,7.0,280.0,Rejected
APP103484,39,Female,Yes,0,Not Graduate,No,Salaried,9.1,4010.0,1980.0,22.3,360,848.0,1,0.337,1,Urban,17400.0,2.0,4570.0,Approved
APP102292,35,Female,Yes,0,Graduate,,Self-Employed,8.1,5260.0,0.0,17.0,12,660.0,0,0.325,1,Urban,21600.0,8.0,240.0,Rejected
APP102222,25,Male,No,0,Graduate,No,Business Owner,1.1,4490.0,0.0,26.9,360,717.0,0,0.162,1,Semiurban,141200.0,8.5,6910.0,Approved
APP103475,37,Male,Yes,0,Graduate,,Salaried,3.3,3770.0,0.0,14.6,180,518.0,0,0.084,0,Semiurban,58000.0,7.5,1490.0,Rejected
APP102328,40,Male,Yes,1,Graduate,No,Salaried,4.7,2680.0,0.0,15.8,240,696.0,1,0.457,1,Semiurban,23100.0,11.3,2930.0,Rejected
APP104627,48,Female,Yes,0,Graduate,No,Business Owner,1.0,1630.0,0.0,10.0,240,786.0,2,0.379,1,Urban,45500.0,6.3,6140.0,Approved
APP103428,56,Male,Yes,0,Not Graduate,No,Self-Employed,6.0,2630.0,1470.0,14.6,360,730.0,1,0.122,1,Semiurban,58200.0,0.2,4680.0,Approved
APP101995,21,Male,No,0,Not Graduate,No,Business Owner,0.3,5440.0,890.0,17.4,60,,0,0.44,1,Rural,28000.0,0.8,6200.0,Rejected
APP103403,40,Male,No,3+,Not Graduate,No,Salaried,3.1,2970.0,1480.0,,360,507.0,0,0.141,1,Semiurban,92200.0,4.7,4370.0,Approved
APP103418,51,Female,Yes,0,Graduate,No,Salaried,3.6,6210.0,0.0,28.9,240,691.0,2,0.258,1,Semiurban,34500.0,2.8,8640.0,Approved
APP100517,31,Male,No,3+,Not Graduate,No,Salaried,0.7,9430.0,0.0,33.7,240,548.0,1,0.256,1,Rural,53400.0,1.4,3160.0,Rejected
APP102503,21,Male,No,1,Not Graduate,No,Salaried,4.6,3620.0,850.0,10.0,60,725.0,0,0.165,1,Rural,42000.0,6.0,6440.0,Approved
APP101375,21,Female,Yes,1,Graduate,No,Business Owner,0.4,3130.0,0.0,10.0,84,833.0,1,0.367,0,Urban,30700.0,2.1,3140.0,Approved
APP102057,24,Female,No,2,Graduate,Yes,Salaried,6.6,1810.0,0.0,10.0,84,737.0,0,0.29,1,Urban,137500.0,3.7,990.0,Approved
APP100668,46,Male,Yes,0,Graduate,No,Unemployed,0.0,10430.0,0.0,45.4,36,634.0,1,0.106,1,Rural,3800.0,6.3,2380.0,Rejected
APP102464,40,Female,No,0,Graduate,No,Salaried,4.1,5740.0,4160.0,16.8,12,632.0,1,0.246,1,Rural,50000.0,6.7,3230.0,Approved
APP101978,26,Female,Yes,0,Not Graduate,No,Salaried,3.3,8170.0,0.0,29.8,84,600.0,1,0.226,1,Semiurban,43800.0,1.9,9010.0,Approved
APP104961,37,Male,Yes,0,Graduate,No,Salaried,0.5,3440.0,2390.0,23.5,240,541.0,1,0.134,1,Urban,64400.0,1.1,13570.0,Approved
APP100996,24,Female,Yes,3+,Not Graduate,No,Salaried,3.4,1200.0,3330.0,10.0,360,575.0,0,0.056,1,Semiurban,18300.0,1.5,1130.0,Approved
APP102473,48,Female,Yes,0,Graduate,No,Salaried,1.9,9210.0,740.0,58.5,120,694.0,0,0.315,1,Urban,30600.0,4.8,7850.0,Rejected
APP102801,41,Female,No,1,Graduate,No,Self-Employed,1.1,9080.0,0.0,43.7,240,699.0,0,0.149,1,Semiurban,28600.0,0.3,10860.0,Approved
APP103555,38,Female,Yes,3+,Not Graduate,Yes,Salaried,6.3,8060.0,2330.0,36.6,84,,2,0.209,0,Urban,24600.0,0.2,7460.0,Rejected
APP104429,43,Female,No,2,Graduate,No,Salaried,1.4,6290.0,0.0,26.0,240,654.0,1,0.52,1,Urban,136300.0,0.6,2300.0,Approved
APP103410,49,Female,No,2,Not Graduate,No,Salaried,4.4,1930.0,0.0,10.0,240,811.0,1,0.073,1,Semiurban,56700.0,0.3,18450.0,Approved
APP103460,52,Male,Yes,0,Graduate,No,Salaried,7.5,4800.0,1100.0,31.0,180,577.0,0,0.127,1,Semiurban,40600.0,0.3,3450.0,Rejected
APP104638,29,Male,Yes,2,Graduate,No,Salaried,5.4,2580.0,2360.0,21.2,180,579.0,1,0.094,1,Urban,11200.0,3.5,28360.0,Rejected
APP100759,44,Male,No,0,Graduate,Yes,Salaried,0.8,5300.0,1490.0,18.7,240,,1,0.257,1,Rural,21200.0,5.7,1810.0,Approved
APP104232,38,Male,No,0,Not Graduate,No,Salaried,14.3,1210.0,0.0,10.0,84,747.0,3,0.192,1,Semiurban,17800.0,4.8,30080.0,Approved
APP101397,21,Male,No,0,Not Graduate,Yes,Self-Employed,1.8,5340.0,2160.0,32.0,36,703.0,1,0.246,1,Rural,39100.0,11.3,18180.0,Approved
APP104967,43,Male,Yes,3+,Graduate,No,Salaried,9.6,3840.0,2790.0,12.2,180,571.0,1,0.155,1,Semiurban,20500.0,2.8,10490.0,Rejected
APP102252,24,Female,No,1,Graduate,No,Self-Employed,1.9,7770.0,0.0,23.2,60,621.0,0,0.063,1,Semiurban,,6.6,5160.0,Approved
APP102395,37,Female,Yes,0,Not Graduate,No,Business Owner,3.7,2010.0,7740.0,50.3,12,643.0,4,0.399,1,Urban,79800.0,8.5,5010.0,Rejected
APP104633,45,Male,No,2,Graduate,No,Salaried,12.2,3450.0,0.0,13.0,360,616.0,1,0.21,1,Semiurban,85200.0,1.8,2130.0,Approved
APP100214,27,Male,No,2,Not Graduate,No,Self-Employed,2.4,2370.0,0.0,12.7,360,739.0,0,0.314,1,Urban,60600.0,4.5,3440.0,Approved
APP103398,45,Female,Yes,0,Not Graduate,No,Business Owner,0.9,3200.0,2630.0,23.2,360,,0,0.288,1,Semiurban,42800.0,0.6,46840.0,Approved
APP101117,21,Female,Yes,0,Not Graduate,Yes,Salaried,8.6,6400.0,590.0,11.4,12,612.0,0,0.315,1,Urban,21200.0,15.0,2510.0,Rejected
APP100693,28,Female,Yes,2,Graduate,No,Salaried,9.7,5060.0,1070.0,36.0,240,690.0,0,0.371,1,Rural,113000.0,13.3,9830.0,Approved
APP101578,51,Male,No,1,Not Graduate,No,Salaried,8.3,1420.0,8400.0,36.5,12,614.0,0,0.333,1,Semiurban,41500.0,3.7,5910.0,Approved
APP102671,50,Male,No,0,Graduate,Yes,Salaried,4.8,3970.0,830.0,21.4,36,624.0,1,0.119,0,Rural,39800.0,5.1,1380.0,Rejected
APP102499,24,Male,Yes,0,Graduate,Yes,Salaried,3.0,7880.0,860.0,33.3,180,808.0,0,0.306,1,Semiurban,56900.0,6.4,6360.0,Approved
APP101029,24,Male,No,1,Graduate,Yes,Business Owner,2.1,5770.0,0.0,15.8,12,721.0,2,0.095,1,Urban,21800.0,4.8,1610.0,Approved
APP101822,49,Female,No,0,Graduate,No,Business Owner,3.7,3540.0,0.0,10.9,180,688.0,0,0.023,1,Urban,35200.0,6.2,13320.0,Approved
APP101942,55,Male,Yes,,Graduate,No,Salaried,3.3,4190.0,1510.0,31.4,12,612.0,1,0.137,1,Urban,26700.0,1.3,4750.0,Rejected
APP102581,40,Female,Yes,2,Not Graduate,No,Unemployed,0.0,2780.0,0.0,10.0,60,538.0,0,0.304,0,Semiurban,17900.0,1.9,22590.0,Rejected
APP104991,47,Male,Yes,1,Not Graduate,No,Salaried,3.2,2600.0,2470.0,16.3,360,748.0,0,0.065,1,Rural,25300.0,3.1,4840.0,Approved
APP100196,23,Female,Yes,0,Graduate,No,Business Owner,4.3,6720.0,1870.0,45.8,12,641.0,1,0.495,1,Urban,77900.0,0.6,4690.0,Rejected
APP103932,32,Male,Yes,,Graduate,Yes,Salaried,11.0,6790.0,3430.0,21.5,36,643.0,1,0.208,1,Semiurban,22800.0,1.8,7440.0,Rejected
APP103908,30,Male,Yes,,Graduate,,Salaried,5.0,5710.0,0.0,16.9,12,579.0,0,0.349,1,Urban,125700.0,4.1,1170.0,Rejected
APP101924,43,Female,Yes,0,Graduate,No,Unemployed,0.0,5320.0,0.0,13.7,240,593.0,0,0.257,1,Urban,25500.0,1.6,1690.0,Rejected
APP100879,30,Female,No,0,Graduate,No,Salaried,0.3,1750.0,1840.0,10.0,60,660.0,0,0.317,1,Rural,29600.0,3.3,6040.0,Approved
APP103109,50,Female,Yes,0,Not Graduate,No,Salaried,12.3,2140.0,0.0,10.0,180,516.0,2,0.324,1,Semiurban,86600.0,5.8,38070.0,Approved
APP103693,35,Male,Yes,0,Graduate,Yes,Self-Employed,0.8,4390.0,0.0,24.2,120,515.0,1,0.59,1,Urban,8000.0,10.5,5590.0,Rejected
APP104973,38,Female,No,0,Not Graduate,No,Salaried,0.7,6810.0,1910.0,,120,649.0,0,0.437,1,Rural,43500.0,2.7,380.0,Rejected
APP101747,50,Female,Yes,2,Graduate,No,Salaried,6.7,3930.0,0.0,22.9,36,558.0,0,0.442,1,Rural,19400.0,12.4,3260.0,Rejected
APP100887,38,Male,No,0,Graduate,Yes,Salaried,7.3,3970.0,0.0,12.1,60,598.0,1,0.168,1,Semiurban,103700.0,2.8,8920.0,Approved
APP104154,61,Female,Yes,,Graduate,No,Salaried,1.1,5170.0,3870.0,40.0,84,676.0,1,0.107,1,Semiurban,15100.0,9.1,5320.0,Approved
APP100068,42,Male,Yes,,Graduate,No,Salaried,0.0,9680.0,1790.0,18.0,12,748.0,1,0.623,1,Rural,39700.0,2.1,970.0,Rejected
APP102728,38,Female,Yes,0,Graduate,No,Unemployed,0.0,2210.0,0.0,13.0,84,692.0,0,0.232,1,Rural,66000.0,17.1,1460.0,Rejected
APP102100,26,Male,Yes,2,Not Graduate,No,Salaried,2.0,2680.0,2700.0,22.2,12,672.0,0,0.089,1,Urban,153000.0,3.4,1600.0,Approved
APP100568,39,Male,Yes,1,Graduate,,Business Owner,4.7,4420.0,0.0,25.7,84,897.0,3,0.108,1,Urban,132300.0,37.6,770.0,Approved
APP102025,51,Male,Yes,0,Graduate,No,Business Owner,16.9,2120.0,1980.0,12.1,84,640.0,1,0.338,1,Rural,51800.0,2.7,3880.0,Approved
APP100096,27,Female,Yes,2,Graduate,No,Self-Employed,7.8,10530.0,0.0,59.1,84,524.0,0,0.486,1,Semiurban,57600.0,12.0,3440.0,Rejected
APP101041,21,Male,Yes,0,Not Graduate,Yes,Salaried,3.9,5260.0,1670.0,41.1,36,606.0,0,0.236,1,Urban,40000.0,8.2,14290.0,Approved
APP101454,54,Male,No,3+,Graduate,No,Self-Employed,5.5,2950.0,730.0,10.0,180,835.0,0,0.174,1,Semiurban,14700.0,19.4,23690.0,Approved
APP100139,28,Male,Yes,0,Graduate,No,Self-Employed,18.6,5640.0,2440.0,45.9,360,635.0,0,0.308,1,Rural,83200.0,5.1,2890.0,Approved
APP102313,41,Female,Yes,2,Graduate,No,Salaried,3.4,4450.0,1300.0,27.2,180,661.0,1,0.338,1,Rural,45200.0,0.0,7490.0,Rejected
APP102653,46,Female,No,0,Not Graduate,Yes,Salaried,7.5,1900.0,1620.0,16.9,120,583.0,1,0.32,1,Semiurban,108100.0,4.5,15900.0,Approved
APP101260,26,Male,Yes,0,Graduate,No,Self-Employed,1.1,2740.0,1220.0,21.5,120,751.0,2,0.331,0,Semiurban,77300.0,0.6,3850.0,Approved
APP101839,44,Female,Yes,3+,Not Graduate,No,Salaried,6.8,4710.0,0.0,17.8,180,452.0,2,0.247,1,Semiurban,49200.0,4.9,8520.0,Rejected
APP103928,21,Female,No,2,Graduate,No,Self-Employed,15.3,3820.0,1980.0,23.4,84,516.0,1,0.534,1,Semiurban,43000.0,23.5,2590.0,Rejected
APP101351,28,Male,Yes,1,Not Graduate,No,Self-Employed,1.9,1950.0,1280.0,18.0,180,674.0,0,0.116,1,Urban,25200.0,12.1,19160.0,Approved
APP101966,37,Male,No,1,Not Graduate,No,Salaried,4.0,2840.0,0.0,10.0,36,,0,0.326,1,Semiurban,23500.0,18.5,3560.0,Approved
APP103795,32,Female,Yes,1,Not Graduate,No,Salaried,4.8,2080.0,2430.0,21.0,36,535.0,0,0.332,0,Urban,79400.0,6.1,3680.0,Rejected
APP104026,21,Male,Yes,0,Not Graduate,No,Salaried,9.9,2920.0,560.0,19.6,360,646.0,0,0.284,1,Rural,81200.0,2.7,2470.0,Approved
APP101025,49,Female,No,0,Graduate,No,Salaried,3.8,1900.0,0.0,10.2,240,659.0,1,0.218,1,Semiurban,59800.0,1.5,9520.0,Approved
APP100463,32,Male,No,,Graduate,,Salaried,5.2,6830.0,0.0,31.0,240,,0,0.22,1,Rural,26500.0,12.2,7660.0,Rejected
APP102374,27,Male,Yes,0,Graduate,No,Salaried,7.7,2900.0,1200.0,14.8,12,699.0,2,0.495,1,Rural,22700.0,12.6,1300.0,Rejected
APP101272,21,Male,No,2,Graduate,No,Salaried,5.2,4720.0,2680.0,19.8,180,705.0,0,0.224,1,Urban,32000.0,6.2,6500.0,Rejected
APP103937,40,Female,Yes,0,Not Graduate,Yes,Self-Employed,6.2,3000.0,0.0,17.3,240,701.0,1,0.291,0,Semiurban,20000.0,0.5,1190.0,Rejected
APP100594,30,Female,No,0,Graduate,No,Salaried,6.5,3160.0,9760.0,23.1,360,531.0,0,0.157,1,Urban,11900.0,4.4,2420.0,Rejected
APP102215,47,Male,Yes,1,Graduate,Yes,Salaried,2.1,2370.0,2610.0,24.2,360,,1,0.198,1,Urban,51700.0,4.8,95440.0,Rejected
APP104917,39,Female,Yes,0,Not Graduate,No,Salaried,2.9,3600.0,0.0,18.2,120,504.0,0,0.164,1,Urban,25800.0,14.9,13090.0,Rejected
APP100625,61,Male,No,0,Graduate,No,Salaried,5.4,6980.0,2170.0,25.6,12,655.0,1,0.113,1,Urban,19700.0,16.0,3950.0,Approved
APP100450,47,Male,Yes,2,Graduate,Yes,Salaried,3.7,4880.0,0.0,28.1,120,624.0,2,0.398,0,Urban,6900.0,26.7,5520.0,Rejected
APP101550,37,Male,Yes,0,Graduate,No,Salaried,15.9,4020.0,1130.0,28.6,12,707.0,0,0.155,1,Semiurban,62700.0,10.4,970.0,Approved
APP101412,30,Female,No,2,Not Graduate,No,Salaried,5.3,3080.0,1750.0,16.5,360,472.0,1,0.071,0,Rural,30500.0,1.5,6070.0,Rejected
APP101871,39,Female,Yes,3+,Graduate,No,Salaried,0.8,14310.0,2530.0,67.2,120,669.0,0,0.144,1,Semiurban,21600.0,11.7,1530.0,Rejected
APP104485,35,Female,No,0,Graduate,No,Salaried,0.5,3970.0,2060.0,27.1,60,606.0,0,0.462,1,Semiurban,20200.0,0.9,2550.0,Rejected
APP102470,34,Female,No,0,Graduate,Yes,Salaried,16.7,7900.0,2760.0,27.0,360,580.0,1,0.285,1,Urban,31300.0,2.6,3060.0,Approved
APP101335,23,Male,Yes,2,Not Graduate,No,Unemployed,0.0,3520.0,0.0,19.8,180,735.0,0,0.182,0,Urban,15500.0,9.4,2470.0,Rejected
APP103846,27,Female,No,0,Not Graduate,No,Business Owner,15.4,2270.0,1890.0,19.6,240,630.0,0,0.295,1,Semiurban,,0.2,4970.0,Rejected
APP104406,36,Female,Yes,0,Not Graduate,No,Unemployed,0.0,1650.0,0.0,10.0,84,,2,0.356,1,Rural,42700.0,2.0,5120.0,Rejected
APP104025,35,Male,Yes,0,Not Graduate,No,Salaried,27.1,2790.0,0.0,10.0,84,665.0,0,0.295,1,Semiurban,20700.0,0.4,1420.0,Approved
APP102984,42,Female,Yes,3+,Graduate,No,Salaried,2.0,6320.0,0.0,15.3,60,678.0,1,0.391,1,Semiurban,22000.0,0.9,1430.0,Rejected
APP104080,27,Male,Yes,1,Graduate,No,Business Owner,3.4,6130.0,4300.0,28.4,240,615.0,0,0.59,1,Semiurban,,0.4,9710.0,Approved
APP103299,36,Male,No,,Graduate,No,Salaried,4.9,7540.0,0.0,44.1,60,678.0,1,0.188,1,Semiurban,28200.0,4.9,17790.0,Rejected
APP104728,59,Male,No,1,Graduate,No,Salaried,3.3,1940.0,0.0,10.0,84,657.0,0,0.56,1,Semiurban,25200.0,5.0,5190.0,Rejected
APP100999,34,Male,No,0,Graduate,No,Salaried,3.1,8930.0,0.0,43.6,36,579.0,0,0.099,1,Urban,34500.0,8.8,1860.0,Rejected
APP101536,41,Male,Yes,0,Not Graduate,Yes,Business Owner,4.5,4310.0,0.0,21.8,84,575.0,2,0.21,1,Rural,23500.0,2.5,2880.0,Rejected
APP102018,21,Female,Yes,2,Graduate,Yes,Salaried,1.5,5490.0,3700.0,48.0,180,688.0,2,0.219,1,Rural,59700.0,5.7,1680.0,Approved
APP100192,58,Male,Yes,1,Graduate,Yes,Salaried,2.4,3670.0,0.0,13.5,36,630.0,2,0.203,1,Urban,19000.0,2.0,4710.0,Rejected
APP103816,30,Female,Yes,1,Graduate,No,Business Owner,11.8,9660.0,960.0,49.8,120,579.0,0,0.57,0,Urban,74300.0,3.2,5880.0,Rejected
APP104223,58,Female,No,,Graduate,No,Salaried,3.7,1910.0,1680.0,10.0,36,684.0,1,0.217,1,Rural,59800.0,4.9,3520.0,Approved
APP101374,56,Female,Yes,0,Not Graduate,No,Salaried,0.1,8500.0,1260.0,53.8,36,663.0,0,0.238,1,Semiurban,16900.0,2.7,6730.0,Rejected
APP104274,51,Male,Yes,0,Graduate,No,Unemployed,0.0,9460.0,2680.0,47.1,180,451.0,1,0.339,1,Urban,,0.7,690.0,Rejected
APP104479,36,Male,Yes,0,Not Graduate,No,Salaried,0.7,3610.0,1770.0,10.6,360,588.0,1,0.315,0,Rural,17600.0,3.5,12900.0,Rejected
APP104968,56,Female,No,2,Graduate,Yes,Salaried,10.4,5310.0,3290.0,20.0,60,787.0,1,0.317,1,Urban,,24.4,630.0,Approved
APP102605,64,Male,No,1,Graduate,No,Salaried,0.3,1520.0,0.0,10.0,240,683.0,1,0.186,0,Urban,83300.0,4.2,9590.0,Rejected
APP103688,52,Male,Yes,3+,Graduate,Yes,Unemployed,0.0,7530.0,2120.0,48.7,120,694.0,0,0.154,1,Urban,131100.0,0.3,6160.0,Approved
APP102841,42,Male,Yes,2,Graduate,No,Business Owner,12.1,5380.0,1340.0,14.2,60,437.0,0,0.109,1,Rural,19600.0,37.4,3070.0,Rejected
APP103864,31,Female,Yes,3+,Not Graduate,Yes,Business Owner,9.5,1920.0,0.0,10.1,180,747.0,0,0.079,1,Rural,34600.0,3.6,3910.0,Approved
APP104236,21,Female,No,1,Graduate,No,Salaried,7.2,4970.0,0.0,16.9,84,689.0,1,0.086,1,Urban,64300.0,0.6,36610.0,Approved
APP103855,31,Male,Yes,0,Graduate,No,Self-Employed,2.5,1200.0,0.0,10.0,120,732.0,1,0.509,1,Urban,128000.0,12.2,870.0,Approved
APP102714,32,Female,Yes,1,Not Graduate,No,Business Owner,4.8,1200.0,0.0,10.0,360,713.0,0,0.281,1,Urban,41100.0,6.1,1050.0,Approved
APP103753,28,Male,Yes,0,Not Graduate,No,Salaried,1.8,2520.0,1030.0,19.7,120,732.0,1,0.306,1,Semiurban,33300.0,0.7,450.0,Approved
APP102245,32,Male,Yes,0,Graduate,No,Salaried,4.2,3350.0,2810.0,10.0,120,900.0,1,0.376,1,Semiurban,54600.0,11.6,4980.0,Approved
APP101658,43,Female,Yes,1,Graduate,No,Unemployed,0.0,6450.0,0.0,29.1,36,669.0,0,0.154,0,Rural,23900.0,3.2,11210.0,Rejected
APP102561,33,Female,Yes,0,Not Graduate,No,Salaried,2.4,4610.0,0.0,26.7,360,801.0,1,0.204,1,Urban,226700.0,1.8,450.0,Approved
APP104966,40,Female,No,0,Graduate,No,Salaried,7.5,4460.0,0.0,10.0,36,613.0,1,0.349,1,Semiurban,38000.0,15.9,11140.0,Approved
APP100191,35,Male,Yes,,Graduate,No,Salaried,6.6,8260.0,0.0,23.1,84,574.0,0,0.525,0,Urban,177500.0,1.9,1340.0,Approved
APP104606,21,Female,Yes,2,Not Graduate,No,Salaried,10.1,2490.0,0.0,,84,685.0,0,0.186,1,Urban,40900.0,14.4,8620.0,Approved
APP101743,42,Female,Yes,2,Not Graduate,Yes,Salaried,9.2,11510.0,0.0,59.5,84,681.0,0,0.218,1,Semiurban,37600.0,0.2,37730.0,Approved
APP103085,41,Male,No,0,Graduate,No,Salaried,1.6,5420.0,810.0,15.3,12,746.0,0,0.16,1,Semiurban,85000.0,2.5,8000.0,Approved
APP104287,33,Male,Yes,1,Graduate,No,Salaried,3.5,4000.0,0.0,21.8,60,498.0,0,0.049,0,Semiurban,28000.0,2.0,1330.0,Rejected
APP101862,25,Male,No,0,Not Graduate,Yes,Business Owner,3.6,2200.0,2240.0,17.0,12,601.0,0,0.482,1,Semiurban,26300.0,14.0,5080.0,Rejected
APP101767,26,Female,No,0,Graduate,No,Business Owner,0.0,1460.0,0.0,10.0,120,691.0,1,0.158,1,Semiurban,17700.0,14.9,5850.0,Rejected
APP101894,53,Male,Yes,3+,Graduate,Yes,Unemployed,0.0,12160.0,1060.0,71.5,36,582.0,0,0.222,1,Rural,69900.0,3.9,15280.0,Rejected
APP104849,47,Female,Yes,0,Not Graduate,Yes,Salaried,5.3,2230.0,2180.0,12.7,360,541.0,0,0.218,1,Urban,63800.0,3.3,13270.0,Rejected
APP103717,35,Male,Yes,2,Not Graduate,Yes,Salaried,3.4,5680.0,0.0,13.4,180,687.0,0,0.498,1,Semiurban,65300.0,2.6,1490.0,Approved
APP102522,39,Female,No,1,Graduate,No,Salaried,13.3,4310.0,0.0,25.5,360,697.0,1,0.358,1,Urban,24800.0,7.6,5430.0,Rejected
APP103466,58,Male,Yes,0,Graduate,No,Salaried,1.9,3860.0,5460.0,19.9,84,590.0,0,0.582,1,Semiurban,112300.0,17.1,1590.0,Approved
APP104053,26,Female,No,0,Graduate,No,Business Owner,5.0,10860.0,2730.0,66.9,120,631.0,0,0.111,1,Rural,17300.0,25.9,2300.0,Rejected
APP103930,38,Female,No,2,Graduate,No,Business Owner,3.0,4800.0,0.0,20.7,60,576.0,2,0.51,1,Urban,174300.0,1.7,6340.0,Approved
APP100166,29,Male,No,0,Not Graduate,No,Unemployed,0.0,2900.0,0.0,10.0,180,558.0,1,0.101,1,Rural,218400.0,14.5,6230.0,Approved
APP102218,45,Male,No,0,Not Graduate,No,Unemployed,0.0,2660.0,0.0,10.0,120,619.0,0,0.166,1,Rural,53800.0,0.5,16830.0,Approved
APP103678,26,Female,Yes,0,Graduate,No,Salaried,8.3,10540.0,0.0,30.6,360,737.0,0,0.445,1,Semiurban,68000.0,4.4,3110.0,Approved
APP101024,70,Female,Yes,0,Not Graduate,No,Salaried,9.6,3340.0,0.0,10.5,12,626.0,0,0.134,0,Urban,44400.0,17.2,3890.0,Approved
APP101361,39,Male,Yes,2,Graduate,No,Salaried,1.5,1990.0,2980.0,16.3,84,642.0,0,0.352,1,Semiurban,56800.0,27.8,13960.0,Approved
APP102900,34,Male,Yes,0,Graduate,No,Salaried,0.9,3480.0,0.0,14.2,36,682.0,0,0.252,1,Semiurban,53700.0,5.2,12010.0,Approved
APP101892,33,Male,Yes,0,Graduate,Yes,Business Owner,1.5,4370.0,880.0,10.0,60,633.0,0,0.155,1,Urban,26100.0,16.3,860.0,Approved
APP103566,32,Female,Yes,0,Not Graduate,No,Business Owner,9.1,3540.0,4070.0,42.7,360,657.0,1,0.457,1,Rural,36500.0,6.2,2140.0,Approved
APP101096,21,Male,Yes,3+,Graduate,Yes,Unemployed,0.0,3020.0,3440.0,24.2,120,663.0,0,0.519,1,Rural,36900.0,8.2,16460.0,Rejected
APP102098,49,Female,No,3+,Graduate,No,Self-Employed,2.3,1200.0,0.0,10.0,120,581.0,2,0.132,1,Rural,8800.0,11.2,44290.0,Rejected
APP104919,28,Female,Yes,0,Graduate,No,Business Owner,7.8,3800.0,920.0,14.0,60,597.0,0,0.166,1,Semiurban,11800.0,15.6,3930.0,Rejected
APP100152,41,Female,Yes,2,Graduate,No,Salaried,7.4,3910.0,0.0,14.8,12,642.0,0,0.16,1,Semiurban,31900.0,10.7,10690.0,Approved
APP102583,43,Male,No,2,Graduate,No,Salaried,5.8,5150.0,0.0,30.4,36,531.0,1,0.178,1,Urban,87400.0,0.6,29450.0,Approved
APP104795,44,Male,Yes,1,Graduate,No,Business Owner,0.1,4690.0,4110.0,48.9,36,785.0,0,0.07,1,Rural,83600.0,11.8,2070.0,Approved
APP103949,24,Female,Yes,1,Graduate,Yes,Salaried,8.1,3500.0,0.0,18.5,12,788.0,1,0.343,1,Rural,24900.0,2.8,14220.0,Approved
APP101519,35,Female,Yes,2,Graduate,No,Unemployed,0.0,9730.0,3100.0,36.1,12,600.0,2,0.101,1,Semiurban,18800.0,1.2,1000.0,Rejected
APP104209,29,Female,Yes,0,Graduate,No,Salaried,0.8,1630.0,3700.0,10.0,36,637.0,0,0.148,1,Semiurban,37500.0,1.5,3090.0,Approved
APP101672,37,Male,Yes,0,Not Graduate,No,Unemployed,0.0,3270.0,2610.0,16.7,36,701.0,1,0.123,0,Rural,39900.0,5.6,1400.0,Rejected
APP102922,42,Female,Yes,2,Graduate,,Unemployed,0.0,3350.0,1130.0,23.1,12,627.0,0,0.272,1,Rural,112700.0,2.4,2410.0,Rejected
APP101433,46,Female,No,0,Graduate,No,Self-Employed,0.0,7090.0,0.0,12.6,360,588.0,0,0.119,1,Rural,69000.0,8.3,5000.0,Approved
APP104871,27,Male,No,1,Graduate,No,Salaried,7.7,3580.0,0.0,18.6,12,751.0,2,0.338,1,Rural,8600.0,8.0,45470.0,Approved
APP102031,41,Male,Yes,0,Graduate,No,Salaried,6.5,4900.0,0.0,12.8,360,,0,0.138,1,Semiurban,23900.0,8.4,35590.0,Approved
APP101623,45,Female,No,3+,Graduate,No,Salaried,0.5,3520.0,1570.0,27.1,180,652.0,0,0.322,1,Rural,47300.0,3.5,3040.0,Rejected
APP100031,32,Male,No,0,Not Graduate,No,Salaried,0.5,2460.0,0.0,12.5,12,703.0,2,0.155,1,Urban,23400.0,1.9,5420.0,Approved
APP100937,34,Male,Yes,3+,Graduate,No,Salaried,1.9,9560.0,0.0,,120,664.0,0,0.539,1,Semiurban,164500.0,24.7,11030.0,Approved
APP101526,32,Male,Yes,0,Graduate,No,Salaried,1.6,4850.0,3900.0,52.4,84,753.0,0,0.286,1,Urban,97000.0,0.8,18000.0,Approved
APP102650,48,Male,Yes,2,Not Graduate,No,Self-Employed,13.8,4140.0,0.0,10.0,60,648.0,1,0.481,1,Urban,,4.2,1230.0,Rejected
APP104564,33,Male,No,1,Graduate,No,Self-Employed,4.8,2750.0,0.0,13.2,60,766.0,1,0.193,1,Urban,169100.0,10.6,9780.0,Approved
APP100309,49,Male,Yes,0,Graduate,No,Self-Employed,3.9,6010.0,0.0,28.5,360,744.0,0,0.088,1,Rural,86900.0,0.5,7140.0,Approved
APP103000,40,Male,Yes,2,Not Graduate,No,Business Owner,9.9,1290.0,0.0,10.0,120,588.0,4,0.202,1,Semiurban,99500.0,8.7,3760.0,Approved
APP101499,46,Male,Yes,0,Not Graduate,No,Unemployed,0.0,3440.0,1590.0,21.7,360,682.0,1,0.131,1,Semiurban,,5.9,3010.0,Rejected
APP104157,24,Female,No,0,Graduate,,Business Owner,0.2,2230.0,0.0,10.0,60,730.0,1,0.339,1,Rural,66900.0,7.2,4580.0,Approved
APP104449,40,Female,No,3+,Graduate,No,Salaried,0.0,4400.0,0.0,10.0,120,536.0,0,0.123,1,Rural,64900.0,0.2,4810.0,Approved
APP100495,58,Female,No,2,Graduate,No,Self-Employed,1.5,2140.0,1120.0,12.8,120,685.0,0,0.57,1,Urban,101100.0,38.8,8080.0,Rejected
APP100205,28,Female,Yes,2,Graduate,Yes,Salaried,1.2,3950.0,0.0,18.1,84,,1,0.377,1,Urban,70000.0,0.9,54600.0,Rejected
APP102726,38,Male,No,0,Not Graduate,Yes,Salaried,7.2,2290.0,1860.0,10.8,240,675.0,0,0.575,1,Rural,15800.0,1.5,8880.0,Rejected
APP103425,56,Male,Yes,0,Graduate,No,Salaried,2.5,9320.0,910.0,60.5,12,732.0,0,0.279,1,Urban,56600.0,10.8,460.0,Approved
APP103904,21,Male,Yes,3+,Graduate,No,Business Owner,0.0,8010.0,5160.0,69.4,180,597.0,1,0.071,0,Semiurban,22500.0,0.9,18060.0,Rejected
APP100305,40,Female,Yes,1,Graduate,No,Salaried,3.4,5370.0,0.0,18.9,120,558.0,1,0.102,1,Rural,14900.0,8.2,3870.0,Rejected
APP103866,44,Male,Yes,1,Graduate,Yes,Unemployed,0.0,5510.0,4210.0,58.3,60,710.0,1,0.18,1,Rural,33600.0,6.1,2060.0,Rejected
APP102312,35,Male,Yes,1,Graduate,,Unemployed,0.0,7030.0,1620.0,21.6,60,726.0,1,0.145,1,Rural,34400.0,1.1,970.0,Rejected
APP101061,37,Male,Yes,0,Graduate,No,Business Owner,0.7,14310.0,2210.0,96.7,360,537.0,2,0.23,1,Urban,37300.0,1.4,4760.0,Rejected
APP100843,21,Male,No,1,Graduate,No,Unemployed,0.0,7810.0,0.0,38.6,36,577.0,1,0.205,1,Urban,10100.0,8.1,10390.0,Rejected
APP102767,29,Male,Yes,3+,Not Graduate,No,Salaried,1.5,2580.0,1980.0,26.4,12,656.0,2,0.255,1,Semiurban,17400.0,0.0,16480.0,Rejected
APP104673,22,Male,Yes,3+,Graduate,No,Unemployed,0.0,5060.0,2060.0,39.5,360,559.0,1,0.188,1,Rural,34900.0,15.2,6490.0,Rejected
APP100211,40,Male,Yes,1,Graduate,No,Salaried,7.7,6680.0,1670.0,26.1,12,561.0,1,0.461,1,Rural,34700.0,5.8,1800.0,Rejected
APP101108,43,Female,Yes,,Not Graduate,No,Salaried,9.7,3530.0,1700.0,31.4,84,595.0,1,0.149,1,Semiurban,46300.0,16.0,14630.0,Rejected
APP103788,55,Female,Yes,0,Graduate,No,Salaried,5.4,8110.0,0.0,48.6,36,642.0,1,0.246,1,Urban,8100.0,6.1,1100.0,Rejected
APP100679,35,Female,Yes,0,Graduate,No,Salaried,18.0,2570.0,0.0,12.6,84,443.0,0,0.515,1,Urban,11400.0,7.3,3270.0,Rejected
APP100565,21,Female,Yes,0,Not Graduate,,Salaried,0.1,4550.0,0.0,10.0,180,,1,0.159,1,Semiurban,32400.0,0.9,2460.0,Rejected
APP104662,45,Male,No,0,Graduate,No,Salaried,2.5,6950.0,0.0,27.1,180,462.0,0,0.169,1,Urban,9300.0,5.5,11350.0,Rejected
APP103651,21,Female,Yes,1,Graduate,No,Self-Employed,0.1,6240.0,1470.0,25.6,360,662.0,0,0.074,1,Semiurban,107600.0,4.6,2230.0,Approved
APP100680,24,Female,Yes,1,Graduate,No,Salaried,5.7,4430.0,2440.0,38.6,240,573.0,0,0.43,1,Urban,48800.0,2.4,2130.0,Rejected
APP100180,34,Male,No,0,Not Graduate,No,Salaried,5.2,6790.0,1190.0,33.8,360,698.0,1,0.282,1,Semiurban,41600.0,5.9,10510.0,Rejected
APP103948,46,Male,No,0,Not Graduate,No,Business Owner,0.5,7940.0,770.0,50.7,84,566.0,2,0.416,1,Rural,74400.0,7.5,2700.0,Rejected
APP101769,26,Male,Yes,1,Not Graduate,No,Self-Employed,17.1,2040.0,3860.0,24.6,120,722.0,0,0.253,1,Rural,34300.0,3.6,5580.0,Approved
APP103143,27,Male,No,0,Graduate,No,Salaried,2.3,3510.0,4260.0,18.0,84,722.0,0,0.078,1,Urban,17800.0,3.5,4740.0,Approved
APP104317,58,Male,No,0,Not Graduate,No,Salaried,0.1,4440.0,1340.0,34.0,360,565.0,1,0.236,1,Semiurban,19200.0,20.2,8670.0,Rejected
APP100278,21,Female,Yes,0,Not Graduate,Yes,Salaried,10.6,1670.0,0.0,10.0,180,769.0,0,0.317,1,Rural,21400.0,23.1,21220.0,Rejected
APP101149,40,Male,No,0,Not Graduate,No,Salaried,3.0,2420.0,0.0,14.1,180,729.0,0,0.036,1,Rural,55000.0,8.7,20320.0,Approved
APP101321,43,Female,Yes,0,Graduate,No,Salaried,1.1,5680.0,0.0,17.4,240,696.0,1,0.385,1,Urban,28500.0,10.1,3080.0,Approved
APP100432,33,Female,Yes,1,Not Graduate,,Business Owner,7.5,2790.0,5120.0,44.1,12,731.0,3,0.151,1,Urban,19200.0,9.3,9440.0,Approved
APP100289,38,Male,Yes,0,Graduate,No,Salaried,1.4,8310.0,0.0,27.3,36,653.0,0,0.358,1,Rural,33100.0,3.0,4030.0,Rejected
APP101027,33,Female,No,1,Graduate,Yes,Salaried,4.0,2340.0,0.0,10.7,180,601.0,1,0.624,0,Urban,131700.0,4.1,7080.0,Rejected
APP100535,39,Male,Yes,0,Graduate,No,Business Owner,2.1,3360.0,2720.0,19.5,180,667.0,0,0.135,1,Semiurban,130800.0,1.4,640.0,Approved
APP104629,29,Female,Yes,0,Graduate,No,Business Owner,5.2,6810.0,0.0,23.8,360,715.0,0,0.174,1,Rural,77000.0,7.0,4970.0,Rejected
APP100188,31,Male,Yes,1,Not Graduate,No,Business Owner,6.0,3810.0,3640.0,39.6,180,735.0,0,0.228,1,Rural,,4.3,730.0,Approved
APP104043,62,Male,No,0,Not Graduate,No,Salaried,5.3,4730.0,0.0,22.5,240,642.0,2,0.162,1,Semiurban,12600.0,2.9,8760.0,Rejected
APP103992,25,Female,Yes,2,Graduate,Yes,Salaried,2.4,5640.0,1510.0,38.3,180,491.0,0,0.138,1,Semiurban,55200.0,9.9,5440.0,Rejected
APP104547,46,Male,Yes,0,Graduate,No,Salaried,4.2,5010.0,4740.0,40.7,36,560.0,0,0.256,1,Semiurban,18500.0,0.4,11370.0,Rejected
APP100270,37,Male,No,2,Graduate,No,Salaried,0.4,5430.0,1190.0,31.5,240,725.0,0,0.466,1,Rural,32700.0,8.2,6650.0,Approved
APP103291,41,Male,Yes,1,Not Graduate,No,Salaried,7.3,4560.0,2550.0,40.9,84,725.0,0,0.161,1,Urban,43500.0,7.3,3720.0,Approved
APP104126,21,Male,Yes,0,Graduate,,Self-Employed,3.1,3260.0,0.0,10.0,60,622.0,0,0.171,1,Semiurban,40900.0,1.8,7810.0,Approved
APP104094,41,Male,Yes,0,Graduate,No,Self-Employed,7.8,1210.0,0.0,10.0,60,689.0,1,0.157,1,Semiurban,123000.0,6.0,10040.0,Approved
APP103768,22,Female,Yes,0,Not Graduate,No,Unemployed,0.0,3830.0,1980.0,11.7,180,464.0,1,0.473,1,Semiurban,84600.0,5.4,810.0,Rejected
APP100111,21,Male,Yes,0,Graduate,No,Self-Employed,2.4,4000.0,0.0,23.6,60,475.0,0,0.289,1,Urban,121200.0,8.4,7780.0,Rejected
APP101971,49,Female,Yes,0,Not Graduate,No,Business Owner,3.4,2070.0,0.0,10.0,12,676.0,1,0.136,1,Rural,43400.0,1.1,5830.0,Approved
APP100220,35,Male,No,0,Graduate,Yes,Salaried,2.7,3690.0,790.0,16.6,84,581.0,0,0.45,1,Semiurban,28000.0,11.2,460.0,Rejected
APP101427,35,Male,Yes,2,Graduate,No,Unemployed,0.0,5580.0,1190.0,11.2,84,560.0,0,0.324,1,Urban,45300.0,2.7,10840.0,Rejected
APP100627,47,Female,Yes,3+,Graduate,No,Salaried,3.6,8930.0,4470.0,60.5,360,690.0,0,0.125,1,Rural,16300.0,3.9,30790.0,Approved
APP102655,41,Female,Yes,2,Not Graduate,No,Self-Employed,0.4,6170.0,0.0,30.0,60,620.0,0,0.041,0,Urban,27700.0,6.6,63630.0,Rejected
APP103424,50,Female,Yes,3+,Graduate,No,Salaried,35.0,10980.0,2580.0,54.1,360,699.0,1,0.344,1,Semiurban,22500.0,4.6,1920.0,Approved
APP103008,33,Male,No,1,Graduate,No,Salaried,0.8,1200.0,3610.0,12.7,360,568.0,1,0.36,1,Semiurban,30600.0,6.0,1190.0,Rejected
APP100790,29,Female,No,1,Graduate,No,Salaried,1.7,4000.0,2160.0,17.6,180,778.0,1,0.345,1,Rural,50900.0,4.6,17240.0,Approved
APP104835,33,Female,Yes,1,Not Graduate,,Self-Employed,9.3,2560.0,0.0,10.3,180,677.0,2,0.202,1,Semiurban,25100.0,5.9,6730.0,Approved
APP100461,40,Male,No,1,Graduate,Yes,Salaried,7.9,5800.0,0.0,20.1,360,658.0,2,0.479,1,Semiurban,20500.0,1.0,7370.0,Rejected
APP104446,48,Male,No,2,Graduate,No,Salaried,6.3,8280.0,0.0,39.9,120,602.0,1,0.109,1,Semiurban,26300.0,8.0,6800.0,Rejected
APP100551,43,Male,Yes,0,Graduate,Yes,Salaried,0.1,4910.0,4720.0,56.7,84,804.0,0,0.574,1,Urban,29700.0,1.9,11980.0,Approved
APP102402,32,Male,No,,Not Graduate,No,Salaried,1.6,3120.0,0.0,13.2,360,681.0,1,0.303,1,Semiurban,69400.0,3.2,1650.0,Rejected
APP104181,30,Male,No,1,Graduate,Yes,Salaried,7.9,4400.0,0.0,10.0,84,723.0,1,0.309,1,Semiurban,67200.0,2.3,4210.0,Approved
APP100198,64,Male,Yes,0,Graduate,No,Salaried,7.4,2210.0,890.0,10.9,84,611.0,1,0.54,1,Urban,82600.0,2.3,4700.0,Rejected
APP102640,38,Female,Yes,2,Not Graduate,Yes,Self-Employed,18.4,6000.0,840.0,37.7,360,599.0,0,0.18,1,Semiurban,43500.0,14.6,9430.0,Rejected
APP102834,61,Female,Yes,3+,Not Graduate,No,Business Owner,2.9,3130.0,0.0,16.9,84,775.0,0,0.311,0,Semiurban,44800.0,2.2,480.0,Rejected
APP100402,44,Male,Yes,0,Not Graduate,No,Salaried,5.5,1450.0,2930.0,21.7,180,729.0,0,0.058,1,Urban,112200.0,5.3,2440.0,Approved
APP103338,43,Female,No,2,Graduate,No,Salaried,5.0,4900.0,0.0,10.0,240,724.0,1,0.211,1,Urban,53600.0,0.2,12040.0,Approved
APP102177,27,Female,No,0,Not Graduate,No,Salaried,0.4,4130.0,0.0,16.6,60,415.0,2,0.111,1,Urban,68900.0,22.6,2130.0,Rejected
APP104812,27,Female,No,3+,Graduate,No,Salaried,4.0,5620.0,450.0,12.8,12,614.0,1,0.323,1,Rural,38200.0,3.1,31400.0,Rejected
APP102073,37,Male,Yes,1,Not Graduate,No,Salaried,7.8,5950.0,2210.0,42.0,240,631.0,0,0.552,1,Rural,87100.0,2.7,5080.0,Approved
APP101730,30,Male,No,0,Not Graduate,No,Salaried,3.3,3350.0,0.0,10.0,240,691.0,0,0.45,1,Semiurban,77100.0,7.2,15910.0,Approved
APP104507,47,Female,Yes,0,Graduate,No,Salaried,1.5,5330.0,0.0,23.9,36,546.0,0,0.363,1,Urban,59600.0,0.0,970.0,Rejected
APP100650,56,Female,No,0,Graduate,No,Business Owner,11.1,7050.0,0.0,24.4,360,676.0,0,0.152,1,Rural,48000.0,7.9,3940.0,Rejected
APP100708,42,Male,Yes,3+,Graduate,Yes,Salaried,3.5,7770.0,0.0,45.9,36,463.0,0,0.148,1,Urban,114200.0,7.9,17100.0,Approved
APP104589,45,Male,Yes,0,Not Graduate,Yes,Salaried,1.8,3300.0,0.0,10.0,240,575.0,0,0.051,1,Urban,57800.0,14.0,5540.0,Approved
APP104458,46,Female,Yes,2,Graduate,No,Business Owner,2.6,2420.0,2980.0,23.5,60,,1,0.287,1,Urban,60100.0,6.2,4600.0,Approved
APP103322,30,Female,No,0,Not Graduate,Yes,Self-Employed,0.0,3080.0,3970.0,,36,,1,0.367,1,Urban,44200.0,0.0,18790.0,Approved
APP101897,35,Female,Yes,3+,Graduate,Yes,Business Owner,2.0,5420.0,1870.0,42.2,240,633.0,2,0.292,1,Urban,14000.0,3.2,6900.0,Rejected
APP101832,27,Male,Yes,1,Graduate,No,Business Owner,1.2,7680.0,0.0,32.9,180,,0,0.313,1,Urban,51700.0,0.6,7820.0,Approved
APP100314,44,Male,No,3+,Graduate,No,Business Owner,1.9,11900.0,1400.0,43.4,180,703.0,1,0.085,1,Semiurban,,9.8,5170.0,Approved
APP101242,46,Female,Yes,0,Graduate,Yes,Salaried,0.5,9020.0,0.0,44.6,12,415.0,1,0.305,1,Semiurban,62400.0,3.4,3310.0,Rejected
APP104519,45,Male,Yes,2,Graduate,Yes,Salaried,3.1,2700.0,0.0,14.8,240,584.0,1,0.432,1,Rural,44000.0,2.4,3060.0,Rejected
APP100113,25,Female,No,0,Graduate,No,Unemployed,0.0,9090.0,0.0,40.0,120,512.0,1,0.278,1,Semiurban,127400.0,1.3,2170.0,Rejected
APP100960,41,Female,Yes,0,Graduate,Yes,Salaried,0.6,4990.0,1310.0,29.7,60,634.0,0,0.017,1,Urban,24900.0,6.9,6840.0,Approved
APP103907,40,Male,Yes,2,Not Graduate,No,Business Owner,0.0,2990.0,0.0,11.2,120,619.0,2,0.374,1,Semiurban,97100.0,0.6,21760.0,Approved
APP102742,40,Male,Yes,3+,Graduate,No,Salaried,0.2,3560.0,0.0,18.7,360,719.0,0,0.366,1,Urban,24300.0,13.2,18610.0,Approved
APP101684,56,Male,No,0,Graduate,No,Salaried,4.2,4200.0,2700.0,38.5,360,628.0,2,0.358,1,Urban,52200.0,10.0,20610.0,Rejected
APP104101,29,Male,Yes,0,Not Graduate,,Salaried,6.4,3520.0,1500.0,,240,712.0,0,0.151,0,Urban,6400.0,6.5,8220.0,Rejected
APP101324,26,Male,Yes,0,Graduate,No,Salaried,0.8,4420.0,0.0,12.4,360,570.0,0,0.539,1,Rural,39100.0,0.3,2870.0,Rejected
APP101632,26,Male,Yes,2,Not Graduate,No,Salaried,1.0,5660.0,0.0,12.9,60,698.0,2,0.416,1,Rural,22500.0,4.0,4270.0,Rejected
APP103259,48,Female,No,0,Graduate,No,Salaried,25.9,7220.0,0.0,22.6,84,579.0,1,0.239,1,Urban,13500.0,1.8,2730.0,Approved
APP104707,40,Female,Yes,0,Graduate,No,Salaried,0.2,4260.0,840.0,30.5,180,523.0,0,0.208,1,Urban,22100.0,1.9,5300.0,Rejected
APP103482,41,Male,Yes,3+,Not Graduate,No,Self-Employed,1.7,6520.0,0.0,13.4,360,736.0,0,0.19,1,Semiurban,27000.0,6.2,430.0,Approved
APP104573,39,Male,Yes,0,Graduate,No,Salaried,1.7,5650.0,3180.0,22.7,180,731.0,0,0.045,0,Semiurban,,1.7,1460.0,Approved
APP101879,21,Female,Yes,1,Graduate,Yes,Salaried,7.5,3660.0,0.0,20.9,180,643.0,0,0.298,1,Urban,34200.0,4.9,38820.0,Approved
APP104121,53,Male,Yes,0,Not Graduate,No,Salaried,17.3,1440.0,1800.0,17.9,12,616.0,2,0.392,1,Rural,8900.0,4.7,9620.0,Rejected
APP102005,49,Male,Yes,1,Not Graduate,No,Business Owner,3.6,2490.0,0.0,10.0,60,610.0,0,0.185,1,Urban,92900.0,10.8,11140.0,Approved
APP100326,63,Male,Yes,0,Not Graduate,No,Business Owner,0.5,7020.0,6520.0,57.4,240,711.0,0,0.546,1,Urban,24400.0,16.3,1810.0,Rejected
APP100604,45,Male,Yes,0,Not Graduate,No,Self-Employed,3.3,4410.0,0.0,17.1,36,,0,0.278,1,Urban,18900.0,0.5,23970.0,Rejected
APP104233,34,Female,Yes,1,Not Graduate,No,Salaried,2.3,2330.0,1730.0,21.8,60,592.0,1,0.334,1,Urban,20100.0,7.7,3380.0,Rejected
APP103077,52,Male,No,3+,Graduate,No,Self-Employed,3.5,6400.0,0.0,23.0,180,609.0,0,0.262,1,Urban,36200.0,13.3,1950.0,Approved
APP102630,23,Male,Yes,0,Graduate,No,Salaried,2.2,3380.0,2210.0,32.5,240,515.0,0,0.12,1,Urban,21800.0,1.4,15280.0,Rejected
APP104366,57,Male,No,0,Graduate,No,Salaried,0.7,4620.0,2660.0,21.0,84,606.0,1,0.048,1,Semiurban,13500.0,0.8,1030.0,Rejected
APP104691,42,Female,Yes,0,Graduate,No,Salaried,3.2,5190.0,0.0,20.7,60,586.0,1,0.509,1,Urban,16800.0,2.5,8440.0,Rejected
APP103248,62,Female,No,0,Not Graduate,No,Business Owner,8.6,6560.0,0.0,25.7,180,632.0,0,0.235,1,Rural,64200.0,0.8,11280.0,Approved
APP104972,23,Female,Yes,,Graduate,No,Salaried,1.6,4180.0,1210.0,24.4,84,787.0,1,0.364,1,Urban,18000.0,0.2,13780.0,Approved
APP103392,38,Male,No,2,Not Graduate,No,Business Owner,1.6,1350.0,0.0,10.0,240,539.0,1,0.32,1,Semiurban,,5.2,4310.0,Rejected
APP101471,21,Female,Yes,1,Graduate,No,Salaried,2.5,9560.0,980.0,31.1,36,605.0,2,0.361,1,Rural,14700.0,5.1,3000.0,Rejected
APP101773,37,Male,Yes,0,Not Graduate,No,Salaried,4.4,2960.0,0.0,10.0,240,578.0,0,0.326,0,Urban,20700.0,6.0,1770.0,Rejected
APP102784,27,Male,Yes,0,Graduate,No,Business Owner,2.1,6420.0,1680.0,39.6,12,791.0,1,0.374,1,Urban,33900.0,2.1,27320.0,Approved
APP100789,25,Female,Yes,0,Graduate,No,Salaried,12.7,20710.0,0.0,121.9,240,666.0,1,0.303,1,Semiurban,58600.0,9.4,18120.0,Approved
APP102354,49,Female,Yes,2,Graduate,No,Salaried,5.8,2010.0,0.0,10.0,180,556.0,1,0.421,1,Semiurban,46100.0,0.2,10490.0,Approved
APP102925,44,Male,Yes,0,Graduate,No,Salaried,14.0,12500.0,3350.0,36.3,240,635.0,1,0.198,1,Urban,26300.0,10.8,4180.0,Approved
APP101545,38,Male,No,0,Graduate,No,Salaried,2.1,2690.0,0.0,11.7,120,598.0,0,0.079,1,Semiurban,56500.0,2.3,9890.0,Approved
APP100871,38,Female,Yes,0,Graduate,No,Salaried,6.3,3540.0,2860.0,11.0,60,528.0,2,0.281,1,Urban,14600.0,0.3,19420.0,Rejected
APP104392,59,Male,Yes,0,Graduate,No,Business Owner,9.9,1530.0,940.0,10.0,180,635.0,0,0.21,1,Rural,24600.0,3.0,6190.0,Approved
APP101371,43,Female,Yes,0,Not Graduate,Yes,Unemployed,0.0,1580.0,0.0,10.0,240,655.0,0,0.048,1,Urban,77000.0,4.7,1420.0,Rejected
APP103078,38,Male,No,0,Graduate,No,Business Owner,0.3,6460.0,4100.0,44.4,12,479.0,1,0.137,1,Rural,21800.0,2.3,2370.0,Rejected
APP100073,29,Female,No,0,Graduate,No,Salaried,13.9,6020.0,4700.0,50.7,120,589.0,1,0.465,1,Semiurban,,0.7,8790.0,Rejected
APP101815,63,Female,No,2,Graduate,No,Salaried,0.1,1200.0,0.0,10.0,12,556.0,1,0.113,1,Urban,32300.0,0.1,2200.0,Rejected
APP104403,21,Male,No,1,Graduate,No,Salaried,2.6,10880.0,0.0,21.6,12,735.0,1,0.332,1,Rural,60300.0,0.2,3400.0,Approved
APP102264,28,Female,No,1,Graduate,No,Salaried,0.4,4960.0,1310.0,31.9,180,552.0,1,0.174,1,Semiurban,48200.0,2.2,1330.0,Rejected
APP103994,39,Male,Yes,3+,Graduate,No,Salaried,2.0,3540.0,0.0,20.7,36,538.0,1,0.23,1,Urban,68700.0,0.5,35380.0,Rejected
APP102011,32,Male,Yes,0,Graduate,No,Salaried,2.9,4180.0,850.0,24.3,84,653.0,1,0.222,1,Urban,38100.0,11.3,1700.0,Rejected
APP104620,22,Female,Yes,0,Graduate,Yes,Salaried,11.8,3970.0,0.0,22.9,360,713.0,0,0.076,0,Urban,12700.0,1.0,9630.0,Approved
APP103882,38,Male,Yes,0,Not Graduate,No,Salaried,1.0,1360.0,0.0,10.0,360,813.0,0,0.503,1,Urban,46600.0,0.1,7150.0,Approved
APP102287,39,Female,No,0,Not Graduate,Yes,Self-Employed,2.9,6610.0,250.0,27.9,120,555.0,0,0.128,1,Semiurban,13900.0,0.9,18590.0,Rejected
APP102943,33,Male,No,1,Graduate,No,Self-Employed,1.4,6710.0,4320.0,57.5,84,702.0,1,0.09,1,Urban,16000.0,2.0,2640.0,Rejected
APP103825,35,Male,No,1,Graduate,No,Salaried,0.1,2260.0,5720.0,47.5,12,628.0,0,0.386,1,Semiurban,12300.0,8.7,1620.0,Rejected
APP100494,26,Male,No,0,Not Graduate,No,Unemployed,0.0,5800.0,490.0,21.8,180,741.0,0,0.212,1,Urban,25700.0,9.8,6470.0,Approved
APP103194,39,Male,Yes,0,Not Graduate,,Salaried,2.6,1380.0,0.0,10.0,120,733.0,1,0.134,1,Rural,34400.0,8.8,1720.0,Approved
APP102232,53,Female,Yes,2,Graduate,No,Salaried,2.2,7310.0,970.0,17.2,240,454.0,1,0.189,1,Rural,32800.0,9.2,2390.0,Rejected
APP104910,22,Male,Yes,0,Graduate,Yes,Self-Employed,12.5,3270.0,1580.0,,12,675.0,0,0.476,1,Urban,19600.0,0.0,23490.0,Rejected
APP101164,29,Male,No,0,Graduate,,Salaried,0.6,3020.0,0.0,14.7,36,562.0,0,0.382,1,Semiurban,277600.0,3.2,2720.0,Approved
APP103292,28,Female,No,2,Graduate,No,Salaried,3.7,11910.0,2180.0,23.7,84,810.0,1,0.405,1,Semiurban,17600.0,2.6,1840.0,Approved
APP102364,21,Female,No,1,Not Graduate,No,Unemployed,0.0,5100.0,0.0,28.5,360,760.0,1,0.404,1,Semiurban,20600.0,11.8,3300.0,Rejected
APP103638,42,Male,No,1,Not Graduate,,Salaried,7.6,2400.0,1450.0,20.2,12,570.0,0,0.151,1,Urban,47100.0,1.4,42120.0,Approved
APP102221,40,Male,Yes,1,Graduate,No,Salaried,5.9,2100.0,0.0,10.0,36,740.0,1,0.25,0,Semiurban,54900.0,7.6,2960.0,Approved
APP104262,55,Female,Yes,1,Graduate,No,Salaried,9.6,3900.0,620.0,22.4,240,756.0,0,0.223,1,Rural,40700.0,1.5,3840.0,Approved
APP100618,26,Male,No,2,Graduate,No,Salaried,7.3,3880.0,0.0,12.2,360,676.0,1,0.169,1,Semiurban,32100.0,12.8,4790.0,Approved
APP104343,34,Female,Yes,3+,Graduate,No,Salaried,2.8,2760.0,0.0,13.9,84,525.0,0,0.14,1,Urban,21800.0,4.6,5920.0,Rejected
APP104470,41,Male,Yes,0,Not Graduate,,Self-Employed,3.9,4510.0,0.0,13.2,12,624.0,1,0.106,1,Rural,60200.0,2.4,1920.0,Approved
APP104821,48,Male,Yes,0,Graduate,No,Business Owner,0.8,3170.0,1600.0,12.9,120,492.0,2,0.268,1,Semiurban,37700.0,1.8,2570.0,Rejected
APP104520,43,Male,Yes,0,Graduate,No,Salaried,3.6,5400.0,0.0,15.8,60,636.0,0,0.38,1,Semiurban,17900.0,3.4,5860.0,Rejected
APP102114,26,Male,Yes,1,Graduate,No,Salaried,1.7,4410.0,1820.0,36.6,120,619.0,1,0.522,1,Semiurban,11400.0,0.7,7830.0,Rejected
APP103478,38,Female,No,0,Not Graduate,No,Salaried,2.0,1820.0,5790.0,41.8,60,610.0,2,0.138,0,Rural,26000.0,1.0,880.0,Rejected
APP100869,43,Female,No,3+,Graduate,No,Business Owner,1.3,10370.0,0.0,38.2,12,659.0,1,0.614,1,Semiurban,25200.0,6.3,7540.0,Rejected
APP103809,29,Male,No,3+,Not Graduate,No,Salaried,0.3,4940.0,1830.0,28.2,36,641.0,1,0.32,1,Urban,24500.0,21.3,5810.0,Approved
APP101042,33,Male,No,,Not Graduate,No,Salaried,12.8,3690.0,3570.0,,12,631.0,0,0.345,1,Rural,115600.0,2.7,3210.0,Approved
APP101405,28,Male,Yes,0,Graduate,No,Salaried,5.6,4810.0,2600.0,39.7,60,792.0,1,0.274,0,Rural,54900.0,13.5,1710.0,Approved
APP100356,34,Male,Yes,0,Not Graduate,No,Self-Employed,0.5,2320.0,1510.0,15.2,240,625.0,1,0.269,1,Urban,25500.0,1.5,9000.0,Rejected
APP101162,31,Female,Yes,0,Not Graduate,No,Business Owner,7.7,2460.0,0.0,10.0,240,706.0,0,0.188,1,Urban,20500.0,20.6,7340.0,Approved
APP102820,55,Female,Yes,0,Graduate,No,Self-Employed,1.0,2080.0,4710.0,30.0,240,608.0,1,0.262,0,Semiurban,18700.0,3.9,1280.0,Rejected
APP101935,30,Male,Yes,2,Graduate,No,Self-Employed,13.0,13880.0,1350.0,37.4,180,740.0,0,0.316,1,Semiurban,46300.0,3.6,3840.0,Approved
APP104004,32,Male,Yes,0,Graduate,Yes,Salaried,8.3,1720.0,0.0,10.0,180,511.0,1,0.139,1,Rural,72500.0,0.2,1730.0,Rejected
APP103888,22,Female,No,,Not Graduate,No,Salaried,4.1,3990.0,0.0,21.5,240,624.0,0,0.186,1,Semiurban,57600.0,0.9,20430.0,Approved
APP103595,34,Male,Yes,0,Not Graduate,No,Unemployed,0.0,2100.0,3150.0,14.5,60,680.0,0,0.396,1,Semiurban,11900.0,5.9,10570.0,Rejected
APP103616,21,Male,Yes,0,Graduate,No,Salaried,5.1,4370.0,1430.0,21.5,84,628.0,1,0.41,1,Urban,64800.0,11.8,1020.0,Rejected
APP103712,22,Male,No,1,Not Graduate,No,Salaried,1.8,5920.0,1450.0,40.3,12,464.0,2,0.428,0,Semiurban,73200.0,3.5,10280.0,Rejected
APP103802,33,Male,Yes,1,Graduate,Yes,Salaried,7.0,4060.0,0.0,10.0,120,575.0,1,0.209,1,Urban,26400.0,4.6,2390.0,Approved
APP102907,43,Female,No,0,Graduate,No,Salaried,5.5,4000.0,1900.0,30.7,120,531.0,0,0.463,1,Urban,74300.0,4.6,2720.0,Rejected
APP100332,24,Male,Yes,0,Not Graduate,No,Salaried,17.6,1200.0,1960.0,10.0,240,639.0,0,0.456,1,Rural,30100.0,2.3,5620.0,Rejected
APP101340,41,Male,Yes,2,Graduate,No,Unemployed,0.0,3960.0,2560.0,16.9,360,585.0,1,0.309,1,Rural,18800.0,0.6,9240.0,Rejected
APP103062,29,Female,Yes,2,Graduate,No,Business Owner,7.1,17690.0,0.0,42.4,36,747.0,0,0.365,1,Urban,35500.0,6.1,6440.0,Approved
APP102929,35,Female,Yes,0,Not Graduate,No,Salaried,0.8,7310.0,0.0,,36,779.0,0,0.385,1,Semiurban,81700.0,17.3,14720.0,Approved
APP101258,34,Female,Yes,0,Graduate,No,Unemployed,0.0,4240.0,2060.0,12.5,12,524.0,1,0.531,1,Rural,60500.0,6.3,7960.0,Rejected
APP103740,26,Female,Yes,2,Graduate,Yes,Salaried,7.4,9150.0,0.0,16.6,180,608.0,2,0.136,1,Semiurban,130700.0,0.1,350.0,Approved
APP104306,32,Male,Yes,0,Graduate,No,Salaried,2.2,2930.0,0.0,13.4,180,677.0,1,0.247,1,Semiurban,45200.0,3.3,21430.0,Rejected
APP101116,38,Male,Yes,0,Graduate,No,Business Owner,4.0,2200.0,3240.0,15.1,360,646.0,1,0.244,1,Rural,,19.0,6850.0,Rejected
APP101918,31,Male,No,0,Graduate,No,Self-Employed,0.1,26350.0,1780.0,131.8,240,642.0,2,0.242,1,Semiurban,17500.0,0.7,7000.0,Rejected
APP103624,21,Male,Yes,0,Not Graduate,No,Business Owner,5.7,1360.0,1530.0,13.7,36,686.0,0,0.568,1,Semiurban,27300.0,2.8,14250.0,Rejected
APP103875,52,Male,Yes,2,Graduate,No,Business Owner,2.2,7770.0,0.0,34.7,120,719.0,0,0.399,1,Semiurban,16200.0,2.1,1700.0,Approved
APP102600,59,Male,No,2,Graduate,No,Self-Employed,1.2,5120.0,1330.0,37.5,12,683.0,2,0.252,1,Urban,46300.0,2.1,4320.0,Rejected
APP103331,55,Female,Yes,3+,Graduate,No,Salaried,1.9,4760.0,0.0,12.1,60,633.0,0,0.112,1,Urban,33700.0,6.3,2010.0,Rejected
APP101421,59,Female,Yes,1,Graduate,No,Self-Employed,2.3,5630.0,1280.0,10.8,120,609.0,2,0.2,1,Rural,19100.0,25.4,7190.0,Rejected
APP100445,38,Male,Yes,0,Not Graduate,No,Business Owner,0.1,4160.0,0.0,10.0,180,705.0,1,0.257,1,Semiurban,28700.0,0.5,10490.0,Approved
APP102288,29,Male,No,0,Graduate,No,Salaried,7.8,2260.0,930.0,10.0,180,755.0,1,0.491,1,Rural,23200.0,12.4,1580.0,Rejected
APP100452,43,Female,No,0,Not Graduate,No,Salaried,1.0,2890.0,3710.0,12.0,240,612.0,0,0.504,1,Semiurban,124300.0,1.3,2520.0,Approved
APP103867,34,Female,No,0,Graduate,No,Salaried,8.4,3110.0,1230.0,10.0,36,714.0,0,0.265,0,Urban,83200.0,3.6,4520.0,Approved
APP104478,45,Male,Yes,2,Not Graduate,No,Unemployed,0.0,6330.0,850.0,27.4,60,,2,0.133,1,Urban,32500.0,6.2,8370.0,Approved
APP103014,21,Male,Yes,0,Graduate,Yes,Salaried,1.4,3800.0,2660.0,13.2,240,642.0,1,0.168,1,Rural,76900.0,12.8,33310.0,Approved
APP100014,21,Male,No,0,Graduate,No,Unemployed,0.0,3740.0,0.0,14.8,180,613.0,2,0.098,1,Urban,21500.0,0.1,2460.0,Rejected
APP102998,32,Female,No,0,Not Graduate,No,Self-Employed,9.0,2870.0,0.0,10.1,360,598.0,1,0.282,1,Urban,27300.0,1.2,2670.0,Approved
APP100945,34,Male,No,0,Graduate,No,Salaried,0.2,3400.0,0.0,10.0,120,657.0,1,0.415,1,Urban,79800.0,0.0,6010.0,Approved
APP100247,32,Male,Yes,0,Graduate,No,Salaried,3.3,8050.0,1440.0,39.8,120,564.0,1,0.418,1,Rural,40400.0,5.2,29400.0,Rejected
APP104334,40,Female,Yes,1,Not Graduate,No,Unemployed,0.0,4210.0,0.0,24.3,84,738.0,1,0.187,1,Semiurban,20900.0,5.5,8840.0,Rejected
APP100360,39,Female,No,0,Not Graduate,No,Salaried,1.5,5690.0,0.0,10.0,12,646.0,2,0.07,0,Semiurban,107400.0,1.0,1510.0,Approved
APP104703,47,Male,Yes,2,Graduate,No,Salaried,3.8,5250.0,590.0,13.8,84,658.0,1,0.106,1,Semiurban,22300.0,1.4,5710.0,Rejected
APP101595,21,Male,Yes,0,Not Graduate,,Salaried,3.5,6900.0,4650.0,55.4,36,614.0,2,0.397,1,Semiurban,54600.0,0.5,10680.0,Rejected
APP104580,37,Male,No,1,Not Graduate,No,Salaried,6.1,3040.0,6640.0,50.6,12,499.0,0,0.155,1,Urban,86900.0,1.3,3060.0,Approved
APP102347,44,Male,Yes,3+,Not Graduate,No,Salaried,9.8,1440.0,4530.0,12.2,36,,1,0.2,1,Semiurban,16600.0,7.1,3630.0,Rejected
APP104412,33,Male,Yes,2,Not Graduate,No,Business Owner,5.3,1460.0,0.0,10.0,12,653.0,1,0.337,1,Semiurban,11300.0,4.1,3180.0,Rejected
APP103548,39,Male,Yes,1,Graduate,No,Salaried,11.5,2360.0,2030.0,10.2,60,507.0,0,0.306,1,Semiurban,23200.0,8.3,1140.0,Rejected
APP102052,32,Female,Yes,0,Graduate,No,Salaried,0.5,5830.0,5360.0,34.0,240,652.0,1,0.362,1,Urban,25400.0,0.6,1030.0,Rejected
APP103560,34,Male,Yes,0,Not Graduate,No,Self-Employed,5.1,3480.0,1690.0,16.6,180,628.0,1,0.466,1,Semiurban,13500.0,14.8,7080.0,Rejected
APP101383,38,Male,Yes,0,Not Graduate,No,Salaried,1.6,4880.0,0.0,10.1,120,618.0,0,0.391,1,Rural,13300.0,12.0,12860.0,Rejected
APP104934,39,Female,No,3+,Not Graduate,No,Business Owner,3.7,2870.0,0.0,14.7,36,719.0,0,0.273,1,Urban,24000.0,14.3,5590.0,Approved
APP104851,39,Female,No,0,Not Graduate,No,Business Owner,0.8,2980.0,1030.0,11.5,84,539.0,1,0.385,1,Urban,16600.0,1.2,1270.0,Rejected
APP100490,47,Female,Yes,0,Not Graduate,No,Business Owner,9.9,6260.0,2140.0,23.0,12,,0,0.343,1,Semiurban,5800.0,0.3,1710.0,Rejected
APP100862,23,Male,Yes,0,Not Graduate,No,Self-Employed,2.4,3070.0,1380.0,10.6,84,502.0,0,0.023,1,Semiurban,16000.0,8.3,6230.0,Rejected
APP101803,49,Female,No,0,Not Graduate,No,Salaried,9.5,4150.0,2160.0,30.9,60,636.0,0,0.373,1,Rural,7200.0,8.8,2030.0,Rejected
APP103406,41,Male,Yes,1,Graduate,No,Salaried,0.5,4670.0,0.0,10.7,12,790.0,0,0.582,1,Rural,40200.0,2.3,11260.0,Approved
APP101945,61,Female,Yes,2,Not Graduate,No,Salaried,0.5,2890.0,4940.0,28.4,84,674.0,0,0.639,1,Rural,29300.0,2.8,1250.0,Rejected
APP104647,30,Male,No,1,Graduate,No,Unemployed,0.0,3370.0,1730.0,17.7,60,654.0,2,0.257,1,Semiurban,40400.0,0.4,4040.0,Rejected
APP103654,45,Female,Yes,1,Graduate,No,Self-Employed,2.3,5240.0,0.0,28.2,240,647.0,1,0.185,1,Rural,78800.0,3.9,11080.0,Approved
APP100506,46,Female,Yes,0,Graduate,Yes,Self-Employed,3.3,1530.0,0.0,10.0,84,570.0,3,0.151,1,Semiurban,15500.0,5.3,1030.0,Rejected
APP104162,39,Male,No,0,Not Graduate,No,Self-Employed,1.3,3240.0,2330.0,15.1,60,726.0,0,0.368,1,Semiurban,19100.0,6.4,5000.0,Rejected
APP100025,55,Female,Yes,0,Graduate,No,Salaried,23.2,3360.0,0.0,16.9,12,828.0,1,0.142,0,Semiurban,,30.9,7140.0,Approved
APP102329,49,Male,Yes,0,Graduate,No,Salaried,0.1,7810.0,1940.0,40.1,84,732.0,1,0.295,1,Semiurban,64800.0,6.0,1330.0,Approved
APP101222,24,Male,Yes,0,Not Graduate,No,Business Owner,2.3,6000.0,0.0,14.1,84,595.0,1,0.386,1,Semiurban,59200.0,2.7,1780.0,Rejected
APP101113,43,Female,Yes,1,Not Graduate,No,Salaried,1.8,7820.0,3120.0,37.6,360,698.0,0,0.293,1,Semiurban,107600.0,4.1,2950.0,Approved
APP103422,36,Female,No,1,Not Graduate,No,Business Owner,5.2,6200.0,0.0,20.3,120,,1,0.439,0,Urban,40100.0,8.5,8770.0,Rejected
APP103491,32,Female,No,0,Graduate,No,Salaried,7.9,3440.0,2310.0,28.1,36,672.0,0,0.145,1,Urban,16600.0,9.4,1590.0,Approved
APP104425,27,Male,Yes,1,Graduate,No,Self-Employed,5.3,3230.0,770.0,10.0,60,635.0,0,0.254,1,Urban,51500.0,2.1,2910.0,Approved
APP104719,42,Male,Yes,0,Graduate,Yes,Business Owner,6.7,1270.0,0.0,10.0,240,500.0,2,0.364,1,Semiurban,30400.0,6.8,13810.0,Rejected
APP100433,23,Female,Yes,2,Not Graduate,No,Self-Employed,3.0,1880.0,3030.0,22.3,120,844.0,1,0.31,1,Semiurban,26800.0,8.9,2030.0,Approved
APP102107,23,Male,Yes,0,Not Graduate,No,Self-Employed,4.1,2240.0,0.0,11.6,36,766.0,1,0.208,1,Urban,71400.0,19.0,2020.0,Approved
APP103865,37,Male,Yes,1,Graduate,No,Self-Employed,5.0,5650.0,2030.0,28.1,360,568.0,2,0.138,1,Semiurban,116100.0,8.2,84380.0,Approved
APP102893,58,Male,Yes,1,Graduate,Yes,Salaried,8.4,3660.0,0.0,18.1,12,641.0,0,0.214,1,Semiurban,15600.0,0.9,1870.0,Approved
APP102133,43,Male,No,0,Not Graduate,No,Unemployed,0.0,1830.0,1690.0,17.7,36,611.0,1,0.15,1,Semiurban,46400.0,0.7,5430.0,Rejected
APP104005,30,Female,No,0,Graduate,No,Salaried,3.7,1550.0,0.0,10.0,240,526.0,2,0.14,1,Rural,25900.0,1.3,3020.0,Rejected
APP103227,34,Male,Yes,0,Graduate,Yes,Salaried,3.8,4500.0,2670.0,24.7,120,616.0,0,0.201,1,Urban,,0.7,850.0,Approved
APP102173,32,Male,Yes,0,Graduate,No,Salaried,1.8,7370.0,0.0,37.8,60,366.0,0,0.177,1,Urban,54500.0,7.0,8220.0,Rejected
APP103563,21,Male,Yes,0,Graduate,No,Self-Employed,2.3,2130.0,0.0,10.7,180,489.0,0,0.302,1,Urban,82900.0,2.1,9890.0,Rejected
APP104755,52,Female,No,0,Graduate,No,Salaried,2.9,3450.0,1400.0,11.5,84,657.0,1,0.089,1,Semiurban,54600.0,1.1,43630.0,Approved
APP101102,47,Male,No,0,Not Graduate,No,Salaried,1.4,5080.0,0.0,21.5,120,754.0,0,0.266,1,Urban,11400.0,0.1,1260.0,Approved
APP102309,21,Female,Yes,1,Not Graduate,No,Salaried,2.6,3850.0,0.0,16.0,120,666.0,1,0.121,1,Urban,21000.0,0.8,840.0,Rejected
APP101504,43,Male,No,0,Not Graduate,No,Salaried,1.5,5940.0,1320.0,25.1,360,657.0,0,0.206,1,Semiurban,29900.0,10.5,5320.0,Approved
APP103148,43,Female,Yes,1,Not Graduate,No,Salaried,1.3,1710.0,0.0,10.0,12,512.0,1,0.249,1,Urban,66800.0,5.9,3320.0,Rejected
APP103916,27,Male,Yes,0,Graduate,No,Salaried,3.3,1200.0,1770.0,12.7,12,629.0,1,0.234,1,Urban,93500.0,1.4,1340.0,Approved
APP100156,37,Male,Yes,0,Graduate,No,Self-Employed,0.0,5450.0,0.0,18.2,84,559.0,1,0.129,1,Urban,71600.0,5.3,4280.0,Rejected
APP103039,30,Male,No,0,Not Graduate,No,Salaried,5.5,9240.0,0.0,24.3,84,506.0,0,0.163,1,Semiurban,91200.0,1.1,5040.0,Rejected
APP104194,41,Female,No,0,Graduate,No,Self-Employed,1.0,2700.0,0.0,13.0,36,574.0,0,0.411,1,Rural,52700.0,10.0,5130.0,Rejected
APP100615,46,Female,Yes,0,Not Graduate,No,Salaried,6.9,1200.0,2000.0,12.1,60,538.0,0,0.273,1,Rural,49700.0,3.7,10220.0,Rejected
APP100643,38,Male,No,0,Graduate,No,Unemployed,0.0,2200.0,0.0,10.7,180,554.0,0,0.366,1,Semiurban,30600.0,13.4,7700.0,Rejected
APP104895,52,Female,No,,Graduate,No,Business Owner,1.6,7130.0,0.0,30.7,12,529.0,0,0.208,1,Urban,5800.0,8.0,9260.0,Rejected
APP104278,43,Male,Yes,3+,Graduate,No,Business Owner,1.2,5930.0,0.0,33.7,36,577.0,2,0.251,1,Semiurban,50600.0,4.0,2460.0,Rejected
APP101068,35,Male,Yes,0,Graduate,No,Self-Employed,5.8,6640.0,6840.0,30.3,12,605.0,1,0.145,1,Urban,71700.0,2.5,12390.0,Approved
APP103350,38,Male,No,1,Graduate,No,Salaried,0.7,8980.0,2420.0,28.7,180,627.0,0,0.301,1,Semiurban,17000.0,2.9,7180.0,Rejected
APP102697,45,Female,No,0,Graduate,No,Salaried,8.0,5760.0,1780.0,17.9,60,638.0,0,0.176,1,Semiurban,123100.0,11.7,13460.0,Approved
APP104283,26,Male,No,0,Graduate,Yes,Salaried,13.3,1280.0,0.0,10.0,120,737.0,1,0.113,1,Semiurban,195000.0,3.5,2950.0,Approved
APP101566,55,Male,Yes,1,Graduate,No,Salaried,8.1,2070.0,2290.0,10.0,360,761.0,0,0.137,1,Urban,56700.0,2.2,2380.0,Approved
APP100330,33,Female,Yes,0,Not Graduate,No,Business Owner,2.3,2620.0,1210.0,10.0,240,570.0,1,0.15,1,Rural,49100.0,26.6,13390.0,Rejected
APP101675,53,Female,Yes,2,Not Graduate,Yes,Salaried,3.1,6110.0,1220.0,21.6,120,639.0,0,0.327,1,Urban,34700.0,8.7,1610.0,Approved
APP102698,29,Female,No,0,Graduate,Yes,Salaried,11.9,5230.0,1770.0,25.9,36,602.0,0,0.037,1,Rural,49600.0,3.4,7750.0,Approved
APP103681,42,Female,Yes,0,Graduate,,Salaried,7.9,2760.0,0.0,10.2,240,685.0,1,0.132,1,Semiurban,139600.0,0.0,430.0,Approved
APP100622,31,Male,No,1,Not Graduate,No,Salaried,3.3,2570.0,0.0,10.0,120,620.0,0,0.179,0,Urban,113700.0,4.6,8540.0,Rejected
APP101654,45,Male,Yes,0,Not Graduate,No,Salaried,5.3,5090.0,1040.0,10.0,36,705.0,0,0.535,1,Rural,41500.0,5.8,3950.0,Rejected
APP102369,32,Male,Yes,2,Graduate,No,Business Owner,12.3,6190.0,1550.0,23.5,36,692.0,0,0.507,1,Rural,36400.0,2.1,540.0,Approved
APP103725,48,Female,No,0,Not Graduate,No,Self-Employed,2.7,8410.0,0.0,37.7,180,621.0,1,0.57,1,Semiurban,20900.0,6.7,6410.0,Rejected
APP102960,34,Male,Yes,0,Not Graduate,Yes,Salaried,1.3,1690.0,1250.0,10.0,84,722.0,0,0.455,1,Urban,22100.0,1.1,1680.0,Rejected
APP102242,33,Male,Yes,0,Graduate,No,Salaried,5.7,7190.0,0.0,37.6,240,640.0,1,0.209,1,Semiurban,45600.0,5.9,2110.0,Rejected
APP101617,38,Female,Yes,0,Graduate,No,Self-Employed,8.0,3700.0,1290.0,22.5,360,721.0,0,0.525,1,Rural,41800.0,3.7,2920.0,Approved
APP102763,21,Male,No,0,Graduate,No,Salaried,2.7,5110.0,1510.0,33.4,120,637.0,3,0.202,1,Rural,136400.0,7.1,5250.0,Approved
APP100755,38,Male,Yes,0,Graduate,No,Business Owner,0.0,6860.0,2250.0,49.1,60,735.0,1,0.142,1,Rural,22100.0,0.4,4440.0,Approved
APP100518,21,Male,Yes,3+,Graduate,Yes,Business Owner,3.9,12140.0,0.0,62.6,36,571.0,1,0.168,1,Urban,26600.0,0.8,7280.0,Rejected
APP104159,26,Male,No,2,Graduate,No,Salaried,7.0,5810.0,2840.0,43.8,60,556.0,0,0.314,1,Rural,20100.0,34.6,2520.0,Rejected
APP100032,21,Male,No,2,Graduate,Yes,Unemployed,0.0,2170.0,0.0,10.0,84,786.0,1,0.177,1,Semiurban,100800.0,0.1,18570.0,Approved
APP103689,36,Male,Yes,1,Graduate,No,Salaried,5.4,4340.0,2790.0,15.6,36,608.0,3,0.219,1,Semiurban,76300.0,3.5,9720.0,Approved
APP101157,32,Female,No,3+,Graduate,,Business Owner,2.6,1420.0,3270.0,25.2,360,698.0,0,0.071,1,Rural,15600.0,6.5,15890.0,Approved
APP100744,53,Male,No,0,Graduate,No,Self-Employed,9.0,5560.0,1890.0,23.3,240,617.0,3,0.311,1,Urban,35300.0,2.0,7050.0,Approved
APP102036,21,Female,Yes,1,Not Graduate,Yes,Unemployed,0.0,3120.0,2470.0,26.3,36,772.0,1,0.327,1,Semiurban,30800.0,0.2,2790.0,Rejected
APP102447,27,Male,Yes,2,Graduate,No,Salaried,3.0,5830.0,0.0,19.3,240,717.0,2,0.053,1,Urban,19300.0,8.4,9800.0,Rejected
APP101697,52,Male,Yes,0,Not Graduate,Yes,Business Owner,1.7,4590.0,0.0,22.6,84,702.0,0,0.301,1,Semiurban,27400.0,7.9,9640.0,Approved
APP102642,22,Male,Yes,0,Graduate,No,Salaried,1.5,3530.0,1590.0,15.5,240,639.0,2,0.45,0,Semiurban,8500.0,1.7,8260.0,Rejected
APP100783,43,Male,Yes,0,Graduate,No,Business Owner,5.9,1300.0,2100.0,10.0,120,661.0,0,0.076,1,Rural,43800.0,14.2,2040.0,Approved
APP101835,41,Male,No,0,Graduate,,Salaried,8.7,5060.0,0.0,29.3,240,540.0,0,0.066,1,Urban,280000.0,5.1,7070.0,Approved
APP102554,23,Male,No,0,Graduate,No,Salaried,7.5,2800.0,1290.0,10.0,240,624.0,1,0.137,1,Urban,55900.0,0.8,2170.0,Approved
APP100229,52,Female,Yes,0,Graduate,No,Self-Employed,10.4,7930.0,2680.0,47.2,360,571.0,0,0.432,1,Urban,52800.0,3.4,33240.0,Rejected
APP100857,41,Male,No,0,Not Graduate,No,Salaried,5.7,5140.0,1640.0,27.5,240,607.0,1,0.429,1,Urban,30100.0,11.6,23830.0,Rejected
APP102887,42,Female,Yes,0,Not Graduate,,Business Owner,10.5,3690.0,2910.0,29.3,84,620.0,0,0.362,1,Urban,32000.0,4.4,9400.0,Approved
APP102406,43,Male,Yes,2,Graduate,,Salaried,4.8,5110.0,2420.0,24.5,36,667.0,0,0.379,1,Urban,35100.0,2.1,1330.0,Rejected
APP100408,37,Male,Yes,1,Graduate,No,Self-Employed,2.1,6970.0,0.0,33.2,240,648.0,0,0.295,1,Rural,48000.0,7.7,1330.0,Rejected
APP100170,49,Male,Yes,1,Graduate,No,Salaried,4.1,7380.0,1210.0,19.1,36,602.0,0,0.204,1,Urban,29200.0,7.5,5930.0,Rejected
APP100540,41,Male,No,0,Not Graduate,No,Unemployed,0.0,2670.0,0.0,12.1,36,596.0,1,0.72,1,Urban,57600.0,3.4,2710.0,Rejected
APP103381,32,Male,Yes,2,Not Graduate,No,Business Owner,0.6,15190.0,2080.0,57.7,360,650.0,0,0.347,1,Rural,61500.0,2.8,2090.0,Rejected
APP102348,34,Male,No,2,Graduate,No,Self-Employed,0.9,2840.0,2320.0,14.0,240,859.0,0,0.16,1,Rural,15600.0,20.6,27650.0,Approved
APP104563,38,Male,No,2,Not Graduate,No,Salaried,1.7,8620.0,0.0,36.1,360,593.0,2,0.442,1,Urban,99000.0,4.1,2500.0,Approved
APP100613,38,Male,Yes,0,Not Graduate,No,Salaried,0.1,4930.0,1190.0,31.9,240,503.0,0,0.216,1,Semiurban,51600.0,3.6,2610.0,Rejected
APP104270,38,Male,No,3+,Not Graduate,Yes,Salaried,9.0,3160.0,0.0,15.2,240,576.0,0,0.181,1,Rural,27400.0,1.5,530.0,Rejected
APP102857,27,Female,Yes,2,Graduate,No,Salaried,13.9,3850.0,860.0,23.0,120,662.0,0,0.126,1,Semiurban,11200.0,11.3,1220.0,Approved
APP104669,35,Male,Yes,0,Graduate,No,Salaried,3.8,6520.0,0.0,12.2,12,601.0,0,0.183,1,Rural,49000.0,0.6,1230.0,Rejected
APP101161,31,Male,No,0,Not Graduate,No,Business Owner,1.6,4120.0,0.0,21.4,120,,1,0.215,1,Semiurban,33200.0,8.3,3730.0,Rejected
APP102101,52,Female,Yes,0,Graduate,No,Salaried,1.1,4340.0,0.0,21.1,84,641.0,1,0.171,1,Urban,131800.0,1.9,4670.0,Approved
APP102409,23,Female,Yes,,Not Graduate,No,Salaried,5.7,5800.0,5220.0,30.1,84,555.0,1,0.187,1,Rural,39800.0,1.0,4980.0,Rejected
APP102486,43,Male,Yes,0,Not Graduate,No,Self-Employed,0.3,7870.0,0.0,35.9,120,696.0,0,0.467,1,Semiurban,68100.0,5.5,8520.0,Approved
APP101669,49,Male,No,0,Not Graduate,No,Self-Employed,18.3,4220.0,750.0,10.0,360,613.0,1,0.184,1,Urban,63900.0,6.8,21790.0,Approved
APP104842,52,Female,Yes,0,Graduate,No,Self-Employed,2.0,3750.0,2830.0,28.4,36,643.0,0,0.496,1,Rural,28300.0,7.7,19480.0,Rejected
APP103317,32,Female,Yes,1,Graduate,No,Salaried,0.4,5910.0,6790.0,26.2,36,742.0,1,0.412,0,Semiurban,31500.0,3.6,5810.0,Rejected
APP100564,25,Male,Yes,2,Not Graduate,No,Self-Employed,2.0,2440.0,850.0,14.6,360,569.0,2,0.317,0,Semiurban,20200.0,1.6,6130.0,Rejected
APP103801,39,Male,No,0,Graduate,No,Self-Employed,2.5,4870.0,2020.0,12.7,36,761.0,0,0.174,1,Urban,15300.0,0.2,4140.0,Approved
APP104291,40,Female,Yes,0,Graduate,No,Salaried,5.8,5460.0,0.0,25.8,180,579.0,1,0.44,1,Urban,,8.6,2230.0,Rejected
APP101860,42,Female,No,1,Graduate,No,Unemployed,0.0,3870.0,1120.0,15.2,120,801.0,2,0.132,1,Rural,33700.0,9.5,1760.0,Approved
APP103781,21,Female,No,0,Not Graduate,Yes,Salaried,5.3,2360.0,0.0,10.0,12,513.0,1,0.249,1,Urban,30000.0,7.9,2990.0,Rejected
APP101744,44,Male,Yes,0,Not Graduate,Yes,Business Owner,7.2,3000.0,0.0,16.1,180,638.0,0,0.153,1,Semiurban,45700.0,7.6,730.0,Rejected
APP104818,22,Female,Yes,0,Graduate,No,Salaried,3.5,6080.0,1490.0,31.5,360,707.0,0,0.066,1,Urban,39100.0,3.6,24250.0,Approved
APP104978,36,Female,No,1,Not Graduate,Yes,Unemployed,0.0,2320.0,1260.0,10.9,360,620.0,0,0.262,1,Urban,36600.0,1.1,22890.0,Rejected
APP103545,32,Female,No,1,Graduate,No,Salaried,3.7,7140.0,0.0,21.8,84,677.0,0,0.116,1,Semiurban,134400.0,1.7,1950.0,Approved
APP101588,42,Female,Yes,,Graduate,No,Business Owner,9.4,3870.0,950.0,13.1,120,559.0,0,0.382,1,Urban,,28.5,11690.0,Rejected
APP102437,39,Male,Yes,0,Not Graduate,No,Salaried,3.3,2760.0,1270.0,10.8,36,606.0,2,0.611,1,Semiurban,20100.0,7.7,3000.0,Rejected
APP102531,43,Female,Yes,2,Not Graduate,Yes,Salaried,0.6,3650.0,5820.0,51.3,36,633.0,1,0.152,0,Urban,61300.0,5.0,16980.0,Rejected
APP102598,52,Male,Yes,1,Not Graduate,No,Salaried,1.0,1200.0,0.0,10.0,84,637.0,0,0.182,1,Semiurban,38200.0,11.6,2240.0,Rejected
APP101172,55,Male,No,0,Graduate,No,Salaried,8.5,3650.0,0.0,10.0,84,697.0,1,0.278,1,Rural,16200.0,3.9,2480.0,Approved
APP104149,30,Male,No,1,Graduate,Yes,Salaried,1.6,4040.0,1450.0,31.2,120,580.0,0,0.299,1,Semiurban,49800.0,2.9,25610.0,Rejected
APP100325,21,Male,Yes,2,Not Graduate,Yes,Salaried,6.5,5170.0,0.0,29.6,240,619.0,3,0.27,1,Semiurban,34900.0,2.9,1920.0,Rejected
APP101051,34,Male,Yes,0,Graduate,No,Salaried,8.7,4610.0,1820.0,,84,385.0,2,0.163,1,Semiurban,37400.0,9.0,6290.0,Rejected
APP103860,45,Female,Yes,0,Graduate,No,Salaried,1.9,1690.0,2410.0,19.3,180,668.0,0,0.132,1,Urban,34500.0,4.3,11770.0,Approved
APP103360,45,Female,Yes,0,Graduate,Yes,Salaried,13.1,2300.0,1060.0,10.0,36,743.0,0,0.254,1,Urban,8600.0,5.6,11690.0,Approved
APP102944,21,Female,Yes,1,Graduate,No,Salaried,5.1,5480.0,840.0,29.6,36,523.0,0,0.047,1,Urban,65400.0,0.2,15180.0,Approved
APP104326,42,Female,Yes,0,Graduate,No,Self-Employed,5.4,3330.0,1220.0,15.6,180,546.0,1,0.401,1,Rural,11400.0,13.3,53620.0,Rejected
APP104225,26,Male,No,1,Not Graduate,No,Self-Employed,0.7,8060.0,0.0,36.9,240,760.0,0,0.36,1,Rural,35700.0,4.1,20370.0,Approved
APP101196,21,Male,Yes,0,Graduate,No,Salaried,9.3,8400.0,0.0,31.5,240,756.0,1,0.305,1,Rural,29400.0,2.0,25010.0,Approved
APP100620,46,Female,Yes,0,Not Graduate,No,Business Owner,1.5,2330.0,0.0,10.0,240,585.0,0,0.15,1,Urban,37300.0,5.5,12460.0,Rejected
APP102378,47,Female,No,0,Graduate,No,Salaried,2.4,9110.0,2160.0,45.4,240,629.0,0,0.456,1,Rural,28500.0,3.5,2400.0,Rejected
APP103853,44,Female,Yes,0,Graduate,No,Business Owner,3.9,2510.0,1600.0,11.1,84,674.0,1,0.263,1,Rural,31200.0,0.2,6270.0,Approved
APP101189,25,Male,Yes,2,Not Graduate,No,Business Owner,1.7,4410.0,0.0,16.5,360,596.0,1,0.253,1,Rural,54400.0,5.8,8480.0,Rejected
APP100328,45,Male,Yes,2,Not Graduate,No,Self-Employed,1.5,3720.0,0.0,12.2,120,619.0,2,0.341,1,Urban,96000.0,1.1,2000.0,Approved
APP100648,37,Female,Yes,0,Not Graduate,No,Salaried,4.5,2250.0,0.0,10.0,240,558.0,0,0.114,1,Semiurban,27000.0,25.3,13570.0,Approved
APP100897,35,Male,No,1,Graduate,No,Self-Employed,5.9,4310.0,850.0,17.5,180,599.0,1,0.138,1,Rural,47200.0,0.1,5810.0,Approved
APP103071,22,Female,Yes,3+,Not Graduate,No,Self-Employed,4.7,2410.0,1950.0,17.1,180,700.0,0,0.15,1,Semiurban,,5.4,2620.0,Approved
APP101123,24,Male,Yes,0,Graduate,No,Business Owner,3.1,6240.0,1750.0,14.4,360,,1,0.38,1,Semiurban,22700.0,3.8,7130.0,Rejected
APP101961,41,Female,Yes,3+,Graduate,Yes,Business Owner,1.1,2910.0,2840.0,34.2,180,656.0,0,0.369,1,Urban,6700.0,7.2,4950.0,Rejected
APP104690,42,Female,No,1,Graduate,No,Salaried,0.7,13140.0,1640.0,58.1,60,585.0,0,0.497,1,Urban,74700.0,3.8,3570.0,Approved
APP103978,41,Male,No,0,Graduate,No,Self-Employed,2.1,3620.0,0.0,10.7,360,,0,0.344,1,Urban,45300.0,0.3,13030.0,Approved
APP102004,54,Male,Yes,1,Graduate,No,Salaried,1.1,5570.0,1420.0,20.4,60,592.0,1,0.309,1,Urban,,8.3,16970.0,Approved
APP103253,21,Male,Yes,,Graduate,No,Self-Employed,2.7,5160.0,0.0,22.5,360,674.0,1,0.527,1,Urban,120600.0,13.6,12560.0,Approved
APP102497,38,Female,Yes,1,Graduate,No,Salaried,0.9,3720.0,0.0,15.0,120,556.0,0,0.107,1,Semiurban,54000.0,5.3,15620.0,Approved
APP103378,56,Female,No,0,Graduate,No,Salaried,4.1,3210.0,0.0,16.5,360,,1,0.511,1,Urban,34400.0,13.2,2740.0,Rejected
APP102304,40,Female,No,2,Graduate,No,Self-Employed,0.5,4670.0,0.0,20.3,120,687.0,0,0.455,1,Urban,28600.0,10.0,6730.0,Rejected
APP101600,27,Male,No,0,Not Graduate,Yes,Salaried,0.0,1360.0,1420.0,15.2,180,715.0,0,0.32,1,Semiurban,19100.0,7.1,9330.0,Approved
APP103799,35,Male,Yes,0,Graduate,No,Business Owner,8.1,13040.0,3360.0,75.0,120,620.0,0,0.221,1,Rural,44600.0,0.4,4500.0,Approved
APP101023,35,Female,No,1,Graduate,No,Business Owner,0.9,4950.0,1980.0,10.6,36,657.0,0,0.286,1,Semiurban,18300.0,0.5,3170.0,Approved
APP102045,37,Female,No,0,Graduate,No,Unemployed,0.0,8930.0,0.0,13.5,180,455.0,2,0.233,1,Semiurban,51100.0,1.4,530.0,Rejected
APP101943,28,Female,Yes,0,Graduate,No,Unemployed,0.0,1570.0,3700.0,27.5,240,618.0,1,0.458,1,Semiurban,4700.0,3.5,6780.0,Rejected
APP104643,35,Male,No,1,Graduate,Yes,Self-Employed,3.1,5180.0,0.0,10.8,60,694.0,1,0.257,1,Semiurban,324800.0,0.9,5890.0,Approved
APP102952,31,Male,Yes,2,Graduate,No,Salaried,34.1,4920.0,2850.0,30.8,120,,0,0.25,0,Rural,63900.0,4.3,2000.0,Rejected
APP104987,34,Female,Yes,2,Graduate,No,Salaried,2.9,2660.0,1510.0,10.0,60,447.0,1,0.154,1,Urban,34500.0,3.6,7190.0,Rejected
APP100809,25,Male,No,0,Not Graduate,No,Self-Employed,25.4,9160.0,5980.0,85.4,60,664.0,1,0.225,1,Semiurban,10500.0,6.2,14780.0,Approved
APP103235,48,Female,Yes,0,Graduate,Yes,Business Owner,2.1,3700.0,1650.0,31.3,84,791.0,0,0.335,1,Urban,69600.0,9.6,7820.0,Approved
APP100978,22,Male,Yes,0,Graduate,Yes,Salaried,0.5,5040.0,1860.0,37.1,60,662.0,0,0.373,1,Rural,118300.0,29.6,4200.0,Approved
APP103002,28,Female,No,0,Graduate,No,Salaried,1.6,4860.0,2090.0,34.0,120,619.0,0,0.345,1,Semiurban,21400.0,0.6,1180.0,Rejected
APP102743,21,Female,Yes,2,Not Graduate,No,Self-Employed,6.3,1840.0,0.0,10.6,240,,1,0.292,1,Rural,30800.0,1.9,5770.0,Rejected
APP101746,21,Male,Yes,0,Not Graduate,No,Salaried,6.1,3880.0,1230.0,24.2,84,585.0,1,0.108,1,Semiurban,17800.0,10.9,8680.0,Approved
APP104253,44,Male,Yes,0,Graduate,No,Business Owner,3.0,6980.0,5740.0,59.1,12,706.0,0,0.242,1,Rural,24800.0,2.2,5120.0,Approved
APP101451,30,Female,No,0,Graduate,No,Salaried,1.5,15750.0,0.0,78.1,180,680.0,2,0.16,1,Rural,48200.0,13.1,2510.0,Rejected
APP103471,21,Female,No,0,Graduate,No,Salaried,1.5,9460.0,3400.0,70.1,240,723.0,1,0.244,1,Semiurban,35000.0,18.7,20590.0,Approved
APP104980,40,Male,Yes,0,Not Graduate,No,Self-Employed,0.2,2390.0,2590.0,24.3,360,654.0,0,0.579,1,Semiurban,47500.0,8.5,4450.0,Rejected
APP102822,30,Male,Yes,0,Graduate,No,Business Owner,4.8,4260.0,0.0,10.0,180,578.0,0,0.276,0,Rural,46700.0,5.9,2480.0,Rejected
APP103666,59,Male,Yes,1,Graduate,No,Business Owner,3.0,1210.0,1260.0,13.7,240,,0,0.211,1,Semiurban,61600.0,7.0,700.0,Approved
APP100174,32,Male,Yes,0,Graduate,Yes,Salaried,13.8,2100.0,1870.0,10.2,12,567.0,2,0.262,1,Urban,,3.3,840.0,Approved
APP101652,21,Female,Yes,0,Graduate,No,Self-Employed,2.6,3230.0,0.0,12.9,36,531.0,0,0.272,1,Rural,49600.0,5.8,7340.0,Rejected
APP103080,53,Female,Yes,1,Graduate,No,Unemployed,0.0,4600.0,0.0,10.0,36,758.0,0,0.55,1,Urban,23100.0,8.0,9040.0,Rejected
APP101532,35,Female,Yes,1,Graduate,No,Salaried,4.9,28070.0,0.0,,180,659.0,1,0.275,1,Urban,158700.0,7.0,1740.0,Approved
APP104506,24,Female,No,2,Graduate,No,Salaried,10.3,8490.0,0.0,22.8,12,616.0,1,0.315,1,Semiurban,32300.0,5.5,2100.0,Approved
APP100217,54,Female,Yes,1,Graduate,Yes,Salaried,1.9,4300.0,2440.0,26.4,240,538.0,1,0.265,1,Semiurban,40600.0,4.1,9700.0,Rejected
APP104822,47,Male,Yes,2,Not Graduate,No,Business Owner,0.1,2700.0,0.0,10.0,240,720.0,1,0.331,1,Rural,47500.0,7.6,1260.0,Approved
APP103793,53,Female,Yes,0,Graduate,No,Business Owner,0.2,2410.0,2540.0,25.7,120,,0,0.423,1,Rural,15100.0,4.9,13140.0,Rejected
APP101444,48,Male,Yes,1,Graduate,No,Self-Employed,1.6,2580.0,0.0,14.8,12,460.0,0,0.284,1,Urban,42300.0,3.9,250.0,Rejected
APP100690,36,Male,No,3+,Graduate,No,Salaried,1.3,6840.0,4150.0,58.4,120,789.0,0,0.353,1,Semiurban,76300.0,6.8,25910.0,Approved
APP102628,28,Female,Yes,0,Graduate,Yes,Business Owner,13.8,3120.0,7630.0,61.0,360,540.0,0,0.515,1,Semiurban,17900.0,4.2,1980.0,Rejected
APP102276,45,Female,No,0,Graduate,No,Salaried,10.2,5500.0,1150.0,15.5,84,635.0,0,0.352,1,Urban,31900.0,3.8,8510.0,Rejected
APP102457,33,Male,Yes,0,Graduate,No,Self-Employed,0.0,3050.0,1480.0,19.1,180,705.0,1,0.374,1,Rural,28900.0,2.1,4610.0,Approved
APP101106,56,Male,No,3+,Graduate,No,Salaried,2.3,4760.0,8590.0,29.1,120,562.0,0,0.072,1,Semiurban,160400.0,3.1,25130.0,Approved
APP102157,49,Female,No,0,Graduate,No,Salaried,4.2,1780.0,1550.0,12.6,240,836.0,1,0.557,1,Urban,31600.0,1.5,2510.0,Approved
APP102111,48,Female,Yes,1,Graduate,No,Business Owner,0.4,2230.0,1840.0,23.5,84,515.0,1,0.343,1,Rural,9500.0,6.8,4820.0,Rejected
APP101583,25,Female,Yes,0,Graduate,Yes,Salaried,7.6,5610.0,1850.0,16.6,12,453.0,1,0.296,1,Urban,64300.0,3.6,7640.0,Rejected
APP100611,45,Male,Yes,2,Not Graduate,No,Salaried,1.3,5110.0,0.0,13.7,360,682.0,2,0.416,1,Semiurban,20200.0,18.0,5690.0,Rejected
APP103307,21,Male,Yes,1,Graduate,No,Unemployed,0.0,2330.0,0.0,10.8,36,655.0,1,0.266,1,Semiurban,9800.0,2.3,7370.0,Rejected
APP103784,41,Male,No,1,Graduate,No,Business Owner,0.7,6020.0,0.0,28.5,120,718.0,1,0.404,1,Urban,33800.0,5.8,2190.0,Approved
APP100576,34,Female,No,0,Not Graduate,No,Salaried,8.4,2740.0,0.0,16.2,360,623.0,0,0.233,1,Semiurban,,0.8,4540.0,Approved
APP102104,28,Male,Yes,0,Graduate,No,Salaried,4.8,2550.0,5640.0,27.3,84,584.0,1,0.385,1,Urban,27800.0,17.2,5510.0,Rejected
APP104480,41,Female,No,3+,Graduate,No,Self-Employed,0.2,3460.0,1750.0,20.8,84,698.0,2,0.299,1,Urban,59500.0,5.0,13530.0,Approved
APP101180,39,Female,Yes,1,Not Graduate,Yes,Salaried,11.3,8660.0,2150.0,38.6,12,642.0,0,0.426,1,Semiurban,51500.0,4.8,14200.0,Approved
APP100888,33,Female,Yes,0,Graduate,No,Salaried,3.8,4100.0,1170.0,18.5,180,748.0,0,0.184,1,Urban,19700.0,11.6,2930.0,Approved
APP103192,54,Male,Yes,,Graduate,Yes,Salaried,1.8,4400.0,0.0,12.9,60,631.0,2,0.33,1,Semiurban,12800.0,11.3,9200.0,Rejected
APP102432,47,Male,Yes,2,Graduate,No,Business Owner,5.1,7990.0,0.0,40.9,180,651.0,0,0.48,1,Semiurban,16800.0,5.7,9750.0,Rejected
APP103074,40,Male,Yes,0,Not Graduate,No,Salaried,2.2,5000.0,0.0,23.3,36,600.0,0,0.12,1,Semiurban,33600.0,3.6,9560.0,Approved
APP100817,43,Male,No,3+,Graduate,No,Salaried,6.1,4360.0,2270.0,15.1,240,675.0,2,0.122,1,Rural,31100.0,4.9,42660.0,Approved
APP104677,62,Male,No,1,Graduate,No,Business Owner,3.3,5210.0,0.0,18.7,60,717.0,0,0.277,1,Semiurban,30500.0,6.6,16120.0,Approved
APP103318,42,Male,No,0,Graduate,No,Salaried,0.4,2830.0,0.0,10.0,60,683.0,0,0.214,1,Urban,16100.0,1.9,2040.0,Rejected
APP100208,39,Male,Yes,0,Graduate,Yes,Salaried,2.7,9410.0,0.0,28.6,120,583.0,0,0.09,1,Rural,52500.0,9.5,4320.0,Approved
APP100293,23,Male,Yes,0,Graduate,No,Salaried,22.1,2070.0,0.0,10.0,360,604.0,0,0.211,1,Semiurban,14400.0,5.8,520.0,Approved
APP101119,21,Female,No,2,Not Graduate,Yes,Salaried,1.3,10480.0,3760.0,70.1,240,613.0,1,0.06,1,Semiurban,21100.0,0.7,1320.0,Rejected
APP104729,30,Female,Yes,0,Graduate,No,Self-Employed,3.2,10180.0,5750.0,83.5,12,759.0,0,0.419,1,Urban,65900.0,5.5,2680.0,Approved
APP104394,44,Male,No,0,Graduate,No,Salaried,7.9,3750.0,0.0,14.9,60,646.0,2,0.385,1,Rural,24100.0,0.2,6280.0,Rejected
APP101264,44,Female,Yes,0,Graduate,No,Business Owner,3.3,4530.0,0.0,15.2,120,651.0,0,0.375,1,Urban,,3.4,6360.0,Rejected
APP100990,26,Male,Yes,0,Not Graduate,Yes,Business Owner,0.2,8030.0,1470.0,38.1,60,594.0,0,0.299,1,Rural,81600.0,2.9,3260.0,Rejected
APP102317,52,Male,Yes,1,Not Graduate,No,Salaried,0.9,4600.0,0.0,11.2,60,653.0,0,0.263,1,Rural,220100.0,11.2,10190.0,Approved
APP104240,26,Female,Yes,2,Not Graduate,,Self-Employed,6.8,2910.0,0.0,15.6,12,803.0,0,0.492,0,Urban,41700.0,2.4,17980.0,Rejected
APP103431,58,Male,Yes,0,Graduate,Yes,Salaried,1.6,16710.0,0.0,57.9,180,483.0,0,0.153,1,Semiurban,22300.0,1.8,3970.0,Rejected
APP100353,50,Female,No,0,Graduate,No,Salaried,4.1,2130.0,2370.0,21.3,240,436.0,1,0.617,1,Urban,5400.0,4.8,5390.0,Rejected
APP101921,50,Female,No,0,Graduate,No,Salaried,3.3,7270.0,1390.0,42.0,60,675.0,1,0.274,1,Semiurban,24100.0,11.2,7740.0,Rejected
APP101538,31,Male,No,0,Not Graduate,,Self-Employed,5.2,3310.0,1470.0,,60,506.0,0,0.25,1,Semiurban,197300.0,4.1,2650.0,Approved
APP103458,59,Female,Yes,0,Graduate,No,Self-Employed,15.5,12230.0,1320.0,34.8,84,749.0,2,0.161,1,Rural,31400.0,2.5,32740.0,Approved
APP101489,26,Male,No,3+,Graduate,No,Salaried,0.1,1850.0,1590.0,,36,691.0,0,0.315,1,Urban,49800.0,0.2,5440.0,Approved
APP103833,42,Male,No,0,Graduate,No,Salaried,5.5,6270.0,1960.0,28.3,240,719.0,1,0.224,1,Urban,18300.0,21.8,6200.0,Approved
APP103722,23,Female,No,0,Not Graduate,No,Self-Employed,6.8,3480.0,3520.0,29.6,60,602.0,0,0.232,1,Semiurban,45400.0,2.2,15470.0,Approved
APP101228,40,Male,No,0,Not Graduate,No,Unemployed,0.0,2510.0,1400.0,12.7,12,617.0,0,0.218,0,Urban,40900.0,9.7,28360.0,Rejected
APP100259,22,Male,No,3+,Graduate,No,Salaried,1.2,7520.0,2210.0,20.1,180,557.0,1,0.182,1,Urban,16400.0,3.3,24000.0,Rejected
APP103537,34,Female,No,0,Graduate,No,Salaried,26.7,3760.0,0.0,18.3,120,675.0,0,0.161,1,Rural,205500.0,2.0,11790.0,Approved
APP104730,47,Female,No,2,Graduate,No,Salaried,19.5,3030.0,5240.0,20.6,36,725.0,1,0.393,1,Semiurban,40600.0,0.1,2990.0,Approved
APP104788,27,Female,Yes,0,Graduate,No,Business Owner,3.5,3030.0,880.0,21.7,180,663.0,1,0.359,0,Urban,47800.0,7.6,3660.0,Rejected
APP101833,40,Female,Yes,0,Graduate,No,Salaried,2.6,15200.0,0.0,27.9,84,836.0,1,0.495,1,Urban,63800.0,3.4,5280.0,Approved
APP102591,39,Male,No,0,Not Graduate,No,Business Owner,0.1,2620.0,0.0,10.0,120,,1,0.252,1,Semiurban,55200.0,1.9,1010.0,Rejected
APP100052,41,Male,No,2,Not Graduate,,Business Owner,3.2,2580.0,0.0,10.2,36,699.0,0,0.238,1,Semiurban,18600.0,5.7,7960.0,Approved
APP102617,47,Male,Yes,0,Not Graduate,No,Salaried,9.1,6390.0,1420.0,24.9,360,503.0,1,0.142,1,Urban,8700.0,9.6,1380.0,Rejected
APP104508,21,Male,Yes,2,Not Graduate,No,Salaried,2.5,1880.0,3210.0,14.2,84,714.0,1,0.128,1,Semiurban,56900.0,8.7,1810.0,Approved
APP102236,30,Female,No,1,Graduate,,Salaried,8.8,4150.0,2110.0,32.8,180,664.0,0,0.142,1,Semiurban,27300.0,12.8,16330.0,Approved
APP103429,56,Male,No,0,Not Graduate,No,Business Owner,1.7,8460.0,0.0,45.2,60,602.0,2,0.505,1,Urban,77300.0,4.8,11920.0,Rejected
APP103116,32,Male,Yes,2,Graduate,No,Self-Employed,3.5,3750.0,1430.0,24.6,240,708.0,0,0.176,1,Urban,17800.0,6.9,21960.0,Approved
APP102388,47,Female,No,0,Not Graduate,Yes,Salaried,4.6,1510.0,5500.0,40.8,12,574.0,0,0.397,1,Rural,76300.0,1.3,15350.0,Approved
APP101479,35,Male,No,0,Graduate,No,Self-Employed,8.3,3460.0,3450.0,32.8,180,692.0,1,0.193,1,Rural,19600.0,8.6,10760.0,Approved
APP101507,63,Male,Yes,1,Graduate,Yes,Salaried,0.2,5550.0,0.0,28.2,120,699.0,1,0.432,1,Semiurban,38400.0,4.8,8190.0,Rejected
APP101033,30,Male,Yes,2,Not Graduate,Yes,Unemployed,0.0,2550.0,0.0,10.2,180,661.0,0,0.326,1,Semiurban,35200.0,4.0,6470.0,Rejected
APP101097,52,Male,No,0,Not Graduate,No,Unemployed,0.0,4970.0,0.0,10.0,360,758.0,0,0.393,1,Urban,134800.0,2.3,3410.0,Approved
APP101469,48,Male,No,0,Graduate,No,Business Owner,6.7,6030.0,0.0,33.2,180,712.0,1,0.379,1,Semiurban,,9.7,1330.0,Rejected
APP100543,57,Male,No,2,Not Graduate,No,Salaried,0.3,6490.0,0.0,36.6,180,683.0,0,0.106,1,Urban,109300.0,1.1,1720.0,Approved
APP101046,49,Male,No,0,Graduate,No,Salaried,8.0,3240.0,0.0,10.0,120,701.0,3,0.236,0,Urban,44500.0,8.6,6290.0,Approved
APP104039,38,Female,Yes,0,Not Graduate,,Self-Employed,0.9,3000.0,1280.0,10.0,360,788.0,0,0.663,1,Semiurban,28100.0,0.8,29750.0,Rejected
APP101630,33,Male,No,0,Graduate,No,Salaried,4.1,7760.0,2960.0,36.4,120,638.0,2,0.29,1,Urban,65300.0,19.9,750.0,Rejected
APP100030,49,Female,Yes,0,Not Graduate,Yes,Salaried,6.1,14540.0,0.0,68.0,84,616.0,0,0.223,1,Rural,26700.0,3.6,32650.0,Rejected
APP100725,53,Male,No,1,Graduate,No,Salaried,4.4,8260.0,1200.0,44.1,36,689.0,2,0.081,1,Urban,23100.0,0.4,3210.0,Approved
APP103270,23,Male,Yes,0,Not Graduate,No,Salaried,0.3,8840.0,2770.0,53.0,240,604.0,1,0.618,1,Semiurban,209400.0,5.4,4570.0,Approved
APP102138,39,Male,No,2,Not Graduate,No,Salaried,1.7,5780.0,2970.0,50.1,12,784.0,0,0.303,1,Urban,21100.0,2.0,4990.0,Rejected
APP103980,38,Male,Yes,0,Graduate,No,Business Owner,0.8,2560.0,1190.0,18.2,12,715.0,1,0.332,1,Semiurban,259000.0,7.1,4360.0,Approved
APP101426,52,Male,No,0,Graduate,Yes,Self-Employed,5.4,5430.0,2820.0,24.6,36,628.0,0,0.159,1,Semiurban,59600.0,2.9,3220.0,Rejected
APP103749,28,Male,Yes,1,Graduate,No,Self-Employed,5.2,5170.0,0.0,27.6,180,617.0,0,0.404,1,Urban,75800.0,0.9,6910.0,Rejected
APP100436,58,Male,Yes,2,Graduate,No,Salaried,3.2,1200.0,0.0,10.0,84,652.0,0,0.474,1,Urban,,13.1,4380.0,Rejected
APP102517,42,Male,Yes,0,Graduate,No,Salaried,11.8,4660.0,0.0,10.0,12,664.0,1,0.105,1,Semiurban,10100.0,6.0,9750.0,Approved
APP100912,33,Male,No,0,Not Graduate,No,Salaried,2.2,5830.0,900.0,25.8,84,666.0,1,0.254,1,Semiurban,52800.0,9.0,15580.0,Rejected
APP104265,40,Female,Yes,0,Graduate,No,Salaried,6.7,1660.0,1870.0,14.8,84,767.0,1,0.041,1,Rural,106900.0,11.3,7450.0,Approved
APP104327,51,Male,Yes,2,Not Graduate,Yes,Unemployed,0.0,2990.0,2160.0,25.4,36,785.0,0,0.29,1,Rural,18600.0,11.5,4160.0,Rejected
APP104557,43,Female,No,0,Not Graduate,No,Self-Employed,1.0,2400.0,3010.0,27.7,360,664.0,1,0.106,1,Urban,8200.0,2.4,9880.0,Rejected
APP104860,33,Male,Yes,1,Graduate,Yes,Salaried,4.4,12060.0,0.0,49.7,36,628.0,1,0.116,1,Urban,23800.0,6.9,17920.0,Approved
APP102331,30,Male,Yes,0,Graduate,No,Salaried,10.6,15220.0,0.0,48.9,12,708.0,0,0.09,1,Semiurban,37500.0,9.2,2840.0,Approved
APP104746,36,Female,Yes,0,Graduate,No,Salaried,5.0,2790.0,0.0,10.0,240,696.0,1,0.422,1,Rural,31500.0,7.1,8040.0,Rejected
APP101238,27,Male,No,0,Graduate,No,Salaried,0.5,3490.0,1250.0,15.0,240,763.0,0,0.081,1,Urban,8400.0,18.7,6200.0,Approved
APP100903,39,Female,Yes,1,Graduate,No,Salaried,9.2,1740.0,1820.0,20.6,180,731.0,3,0.319,0,Semiurban,136700.0,0.5,2450.0,Approved
APP101837,48,Male,No,2,Graduate,No,Unemployed,0.0,3420.0,3340.0,34.7,36,570.0,1,0.253,1,Rural,45200.0,23.0,650.0,Rejected
APP103208,32,Male,Yes,3+,Graduate,No,Unemployed,0.0,5350.0,0.0,11.9,240,638.0,0,0.368,1,Rural,97000.0,12.7,12840.0,Rejected
APP104254,55,Male,No,0,Not Graduate,No,Salaried,9.7,2530.0,0.0,10.0,360,668.0,0,0.645,1,Urban,28100.0,1.3,1170.0,Rejected
APP100507,46,Female,Yes,0,Not Graduate,No,Unemployed,0.0,2670.0,1020.0,10.6,12,603.0,1,0.172,1,Rural,20200.0,2.2,28440.0,Rejected
APP104350,27,Male,Yes,2,Graduate,No,Self-Employed,5.8,6930.0,0.0,21.1,84,875.0,3,0.174,1,Urban,20200.0,2.2,900.0,Approved
APP100183,57,Female,Yes,3+,Graduate,No,Business Owner,5.7,3160.0,6370.0,52.1,120,604.0,0,0.329,1,Urban,,18.9,450.0,Rejected
APP104151,62,Female,Yes,,Graduate,No,Salaried,1.7,3900.0,2230.0,31.4,36,693.0,3,0.215,1,Semiurban,17900.0,10.0,2790.0,Rejected
APP101497,58,Female,No,0,Not Graduate,No,Self-Employed,0.7,5310.0,600.0,33.3,180,629.0,1,0.612,1,Rural,18200.0,1.1,9650.0,Rejected
APP103305,48,Female,Yes,2,Graduate,Yes,Self-Employed,0.8,10190.0,0.0,51.4,84,647.0,1,0.274,0,Semiurban,27600.0,1.0,2220.0,Rejected
APP100321,47,Female,Yes,2,Graduate,No,Salaried,15.8,2920.0,0.0,14.6,360,695.0,0,0.039,1,Rural,22200.0,0.9,3390.0,Approved
APP101840,32,Male,No,1,Graduate,No,Salaried,0.3,7820.0,1850.0,33.6,180,,0,0.212,1,Urban,,7.2,27750.0,Rejected
APP102715,42,Female,Yes,1,Graduate,Yes,Salaried,1.6,11760.0,3140.0,51.9,60,646.0,1,0.453,1,Semiurban,31700.0,3.6,3760.0,Rejected
APP104663,47,Male,Yes,0,Graduate,No,Salaried,3.8,9880.0,0.0,39.7,60,559.0,3,0.454,1,Urban,84300.0,2.7,3560.0,Rejected
APP103708,23,Female,No,2,Graduate,Yes,Business Owner,5.5,9700.0,0.0,26.3,240,583.0,0,0.101,1,Urban,131200.0,4.6,6260.0,Approved
APP101844,52,Female,Yes,1,Graduate,No,Self-Employed,0.4,3080.0,0.0,12.9,36,509.0,0,0.163,1,Semiurban,,4.0,1170.0,Approved
APP101909,21,Female,Yes,0,Not Graduate,No,Business Owner,1.1,5370.0,2720.0,42.0,36,708.0,1,0.162,1,Rural,46300.0,0.0,1030.0,Approved
APP104556,31,Male,Yes,0,Not Graduate,No,Salaried,7.3,5290.0,0.0,28.4,84,721.0,2,0.058,0,Rural,44500.0,12.4,3000.0,Approved
APP101551,50,Female,No,1,Graduate,No,Salaried,3.9,10130.0,4940.0,71.2,240,566.0,0,0.048,1,Semiurban,24100.0,7.5,1710.0,Approved
APP104482,37,Female,No,0,Not Graduate,No,Salaried,4.9,1650.0,0.0,10.0,360,507.0,1,0.308,1,Rural,36900.0,1.8,2440.0,Rejected
APP101146,39,Male,Yes,0,Not Graduate,No,Unemployed,0.0,5790.0,1430.0,42.1,180,753.0,1,0.436,1,Urban,70100.0,3.5,690.0,Rejected
APP102110,49,Male,Yes,0,Graduate,No,Self-Employed,8.4,3700.0,0.0,10.0,84,735.0,0,0.221,1,Rural,9600.0,1.2,1720.0,Approved
APP100044,22,Male,Yes,0,Not Graduate,No,Salaried,1.5,3660.0,4590.0,47.8,240,705.0,1,0.196,0,Urban,6100.0,5.3,23900.0,Rejected
APP103938,41,Male,No,1,Graduate,,Business Owner,3.3,7850.0,1320.0,14.4,60,645.0,2,0.313,1,Urban,80600.0,1.8,1980.0,Approved
APP102492,30,Female,Yes,2,Graduate,No,Unemployed,0.0,4750.0,0.0,20.4,360,625.0,1,0.307,1,Semiurban,38900.0,8.9,3610.0,Rejected
APP101891,29,Male,Yes,2,Not Graduate,No,Salaried,1.1,2480.0,0.0,10.0,84,741.0,0,0.26,1,Urban,33400.0,0.1,1730.0,Approved
APP101378,22,Male,Yes,,Not Graduate,No,Salaried,3.4,2120.0,2010.0,13.6,120,540.0,0,0.45,1,Semiurban,32500.0,20.1,129680.0,Rejected
APP102439,25,Female,Yes,0,Not Graduate,No,Salaried,3.4,8400.0,1750.0,54.4,180,671.0,1,0.273,1,Urban,20400.0,2.6,1940.0,Approved
APP104993,23,Male,Yes,0,Graduate,Yes,Salaried,0.5,3330.0,0.0,16.4,84,607.0,0,0.411,1,Semiurban,29700.0,4.8,9670.0,Rejected
APP100413,35,Female,Yes,3+,Not Graduate,No,Salaried,12.0,5520.0,0.0,25.4,84,686.0,1,0.385,1,Rural,15000.0,0.6,22220.0,Rejected
APP104811,34,Female,Yes,0,Not Graduate,No,Salaried,3.5,6920.0,0.0,14.5,240,806.0,0,0.416,1,Urban,14700.0,0.9,3140.0,Rejected
APP101407,47,Male,Yes,3+,Graduate,No,Salaried,3.9,2930.0,0.0,10.0,36,656.0,1,0.394,1,Semiurban,22100.0,5.2,9010.0,Rejected
APP101720,23,Male,Yes,2,Graduate,No,Salaried,1.4,6990.0,0.0,33.6,240,900.0,0,0.191,1,Rural,30300.0,5.5,2490.0,Approved
APP100801,46,Male,Yes,3+,Graduate,No,Business Owner,2.3,4300.0,1300.0,14.5,240,517.0,2,0.188,0,Semiurban,30500.0,0.2,4840.0,Rejected
APP101288,26,Male,Yes,0,Graduate,No,Business Owner,11.6,3780.0,2660.0,21.9,60,578.0,0,0.214,1,Rural,56600.0,4.2,2370.0,Approved
APP101558,64,Male,No,,Not Graduate,No,Salaried,3.1,1800.0,4560.0,36.7,12,536.0,1,0.058,1,Rural,35500.0,11.3,700.0,Rejected
APP102224,55,Female,Yes,0,Not Graduate,No,Salaried,0.4,15970.0,0.0,43.0,360,719.0,1,0.298,1,Urban,192200.0,19.4,3340.0,Approved
APP102487,29,Male,Yes,1,Not Graduate,Yes,Salaried,2.7,8860.0,0.0,19.1,60,786.0,1,0.084,0,Semiurban,101700.0,1.5,2440.0,Approved
APP101666,33,Female,No,1,Not Graduate,No,Self-Employed,2.4,3700.0,0.0,10.0,240,540.0,0,0.274,1,Urban,19100.0,3.4,3860.0,Rejected
APP104318,49,Female,Yes,1,Not Graduate,No,Business Owner,0.8,7440.0,0.0,16.4,360,536.0,0,0.119,1,Rural,84100.0,8.0,9510.0,Approved
APP100256,43,Female,No,2,Not Graduate,No,Salaried,10.3,3730.0,0.0,10.0,36,611.0,0,0.164,1,Urban,14100.0,4.4,3270.0,Approved
APP101859,34,Female,Yes,3+,Graduate,Yes,Salaried,6.2,17180.0,0.0,90.1,60,640.0,0,0.201,1,Semiurban,44600.0,6.2,1990.0,Rejected
APP101751,43,Male,Yes,,Graduate,No,Salaried,6.5,5040.0,650.0,14.7,180,606.0,0,0.566,1,Rural,42400.0,0.8,10500.0,Rejected
APP101151,53,Male,Yes,3+,Not Graduate,No,Business Owner,2.6,6130.0,2960.0,35.0,360,744.0,2,0.288,1,Urban,43000.0,3.6,2050.0,Approved
APP102939,21,Female,Yes,0,Graduate,No,Salaried,1.7,7320.0,0.0,18.7,60,592.0,0,0.339,1,Urban,33100.0,2.3,8590.0,Approved
APP100647,64,Female,No,2,Graduate,Yes,Self-Employed,7.9,3450.0,1780.0,22.8,120,618.0,0,0.175,1,Urban,83200.0,7.2,3620.0,Approved
APP104597,26,Male,Yes,1,Graduate,No,Unemployed,0.0,2790.0,0.0,10.0,60,511.0,0,0.354,1,Rural,,2.5,860.0,Rejected
APP103664,41,Male,No,0,Graduate,Yes,Business Owner,0.9,2820.0,5050.0,43.0,120,466.0,1,0.095,1,Semiurban,75700.0,16.6,6190.0,Rejected
APP101765,26,Female,Yes,0,Graduate,No,Self-Employed,0.9,5300.0,0.0,20.5,180,734.0,0,0.187,1,Semiurban,74000.0,8.6,2050.0,Approved
APP103526,32,Male,No,2,Graduate,No,Salaried,0.6,7840.0,0.0,23.4,60,787.0,0,0.318,1,Urban,94300.0,1.4,3320.0,Approved
APP102509,33,Male,No,2,Not Graduate,No,Unemployed,0.0,2460.0,0.0,10.0,360,646.0,1,0.341,1,Urban,21800.0,6.4,950.0,Rejected
APP103841,33,Male,Yes,0,Not Graduate,Yes,Salaried,13.2,5590.0,1430.0,36.7,180,589.0,2,0.402,1,Semiurban,53000.0,1.8,4400.0,Approved
APP101315,47,Female,Yes,1,Not Graduate,No,Self-Employed,1.7,3510.0,1350.0,16.4,240,839.0,0,0.205,1,Semiurban,30200.0,40.0,2900.0,Approved
APP101088,42,Female,No,3+,Graduate,No,Salaried,2.5,8880.0,3970.0,69.9,60,672.0,1,0.49,1,Urban,21600.0,5.2,5600.0,Rejected
APP104789,41,Male,Yes,2,Not Graduate,No,Self-Employed,2.2,1860.0,0.0,10.0,36,620.0,1,0.13,1,Semiurban,75900.0,0.0,3930.0,Approved
APP102512,38,Male,Yes,0,Graduate,Yes,Self-Employed,11.2,2190.0,0.0,10.0,240,,0,0.254,1,Rural,107900.0,13.3,850.0,Approved
APP102992,37,Female,Yes,2,Graduate,Yes,Unemployed,0.0,3940.0,0.0,15.0,36,596.0,1,0.251,1,Urban,10700.0,13.3,4080.0,Rejected
APP101350,32,Male,Yes,0,Not Graduate,No,Salaried,1.1,5250.0,3860.0,26.9,12,630.0,0,0.158,1,Urban,10600.0,13.0,4120.0,Approved
APP102547,28,Female,Yes,0,Graduate,Yes,Salaried,12.4,3970.0,0.0,15.7,36,741.0,0,0.616,1,Urban,35400.0,2.5,16500.0,Approved
APP100112,38,Female,Yes,0,Graduate,No,Salaried,2.0,5500.0,0.0,29.5,120,626.0,1,0.079,1,Semiurban,76700.0,3.6,9220.0,Approved
APP103197,39,Male,No,0,Graduate,No,Salaried,3.4,9440.0,2220.0,36.3,12,754.0,0,0.304,1,Rural,78600.0,5.1,7300.0,Approved
APP100263,45,Male,Yes,2,Graduate,No,Salaried,0.4,1590.0,2000.0,19.3,12,467.0,1,0.4,1,Rural,7000.0,0.1,14790.0,Rejected
APP101393,29,Female,Yes,,Graduate,Yes,Salaried,2.0,7890.0,0.0,13.9,60,607.0,0,0.351,1,Semiurban,,1.6,3080.0,Approved
APP102623,49,Female,Yes,0,Not Graduate,Yes,Salaried,12.3,3890.0,0.0,10.5,120,751.0,1,0.203,1,Urban,55500.0,6.9,8690.0,Approved
APP101186,43,Male,No,2,Graduate,No,Salaried,0.0,3120.0,1550.0,12.1,240,606.0,1,0.084,1,Semiurban,49200.0,7.4,7380.0,Approved
APP104119,39,Male,Yes,2,Graduate,No,Salaried,4.0,5710.0,0.0,15.5,84,627.0,0,0.015,0,Rural,46100.0,4.4,6770.0,Rejected
APP100056,45,Female,Yes,2,Graduate,,Salaried,3.1,3800.0,0.0,13.9,180,535.0,1,0.221,1,Urban,88700.0,0.4,3810.0,Rejected
APP101309,45,Female,Yes,0,Not Graduate,No,Unemployed,0.0,3690.0,0.0,14.1,360,645.0,1,0.193,1,Semiurban,33600.0,0.9,1630.0,Rejected
APP100695,60,Female,Yes,0,Graduate,No,Salaried,2.2,6790.0,1390.0,40.0,240,526.0,0,0.36,1,Urban,14700.0,8.9,27340.0,Rejected
APP104246,49,Male,Yes,0,Not Graduate,No,Salaried,1.7,8310.0,0.0,,60,552.0,3,0.43,1,Rural,,2.0,6930.0,Rejected
APP103960,35,Male,No,0,Graduate,No,Salaried,3.1,11170.0,1350.0,67.6,180,742.0,1,0.4,1,Urban,53800.0,24.0,8850.0,Approved
APP101789,43,Male,Yes,3+,Graduate,,Business Owner,0.4,2680.0,1340.0,16.3,12,617.0,1,0.39,1,Semiurban,32800.0,4.3,2850.0,Rejected
APP102346,23,Female,Yes,1,Not Graduate,No,Salaried,5.5,3860.0,1140.0,13.3,12,802.0,0,0.49,1,Rural,,10.9,2220.0,Approved
APP104319,38,Male,Yes,0,Graduate,Yes,Self-Employed,1.9,3460.0,0.0,11.0,240,641.0,0,0.509,1,Urban,102000.0,1.5,29070.0,Rejected
APP100319,44,Male,Yes,0,Not Graduate,No,Business Owner,0.1,3240.0,1440.0,26.1,60,576.0,1,0.21,1,Urban,35700.0,3.4,20980.0,Rejected
APP102330,48,Male,Yes,,Graduate,No,Salaried,1.6,7210.0,0.0,20.9,180,675.0,0,0.098,0,Semiurban,15900.0,6.4,4780.0,Rejected
APP101589,28,Male,Yes,0,Graduate,No,Salaried,2.4,3900.0,1120.0,21.6,360,622.0,1,0.63,1,Rural,36000.0,3.4,6030.0,Rejected
APP100682,47,Male,No,0,Graduate,Yes,Salaried,9.8,4190.0,4420.0,17.4,240,626.0,1,0.241,1,Semiurban,32700.0,3.0,2260.0,Approved
APP103737,36,Female,Yes,0,Not Graduate,No,Business Owner,5.2,2280.0,1470.0,21.7,60,661.0,1,0.386,1,Semiurban,44500.0,7.1,4520.0,Rejected
APP103279,47,Male,Yes,0,Graduate,,Unemployed,0.0,8060.0,1260.0,42.0,180,738.0,1,0.161,0,Rural,14700.0,2.9,20700.0,Rejected
APP100479,26,Male,No,1,Graduate,No,Salaried,0.3,2560.0,3600.0,25.2,120,723.0,0,0.153,1,Semiurban,20900.0,3.7,8470.0,Rejected
APP103976,31,Male,Yes,2,Graduate,,Salaried,2.1,3930.0,0.0,21.6,84,591.0,1,0.195,1,Rural,21200.0,6.1,2980.0,Approved
APP104193,55,Female,No,2,Not Graduate,No,Salaried,2.0,5540.0,0.0,13.4,180,636.0,0,0.226,1,Semiurban,36200.0,9.2,18800.0,Approved
APP100286,47,Female,No,2,Graduate,No,Salaried,5.8,6370.0,1300.0,18.6,240,613.0,0,0.043,1,Semiurban,10300.0,14.5,11080.0,Approved
APP101965,32,Female,Yes,0,Graduate,,Self-Employed,5.6,2720.0,1580.0,19.5,36,649.0,0,0.097,1,Semiurban,33800.0,0.3,12850.0,Approved
APP103114,42,Male,Yes,0,Graduate,Yes,Salaried,2.4,2560.0,2300.0,22.0,12,618.0,1,0.192,1,Urban,17800.0,4.7,2850.0,Rejected
APP102459,25,Male,Yes,3+,Graduate,No,Salaried,14.3,3610.0,0.0,20.3,180,650.0,0,0.411,1,Semiurban,18100.0,0.6,3170.0,Approved
APP101782,29,Male,Yes,0,Graduate,No,Self-Employed,2.7,5520.0,0.0,,180,584.0,1,0.307,1,Semiurban,14200.0,2.1,6300.0,Rejected
APP103296,40,Male,Yes,0,Not Graduate,,Self-Employed,2.3,1390.0,1170.0,10.8,120,745.0,1,0.225,1,Urban,19200.0,0.1,5020.0,Approved
APP103838,40,Male,Yes,1,Not Graduate,Yes,Salaried,1.7,4620.0,2320.0,12.0,180,795.0,0,0.156,1,Urban,7500.0,19.1,7240.0,Approved
APP101598,55,Female,No,1,Not Graduate,Yes,Self-Employed,0.8,5720.0,0.0,20.0,360,638.0,0,0.345,1,Rural,16100.0,3.3,25850.0,Rejected
APP104915,43,Female,Yes,1,Not Graduate,No,Salaried,15.5,2740.0,0.0,10.0,360,637.0,0,0.236,1,Semiurban,121100.0,18.3,13880.0,Approved
APP102124,42,Male,No,0,Graduate,No,Salaried,0.5,3000.0,0.0,10.0,12,510.0,1,0.158,1,Urban,74800.0,0.1,1090.0,Rejected
APP100736,37,Male,Yes,1,Graduate,No,Salaried,4.5,2960.0,0.0,10.0,240,761.0,0,0.184,1,Semiurban,55300.0,7.7,2570.0,Approved
APP103209,41,Male,No,2,Graduate,No,Self-Employed,0.3,7850.0,1490.0,41.2,60,559.0,1,0.636,1,Rural,17100.0,1.2,4060.0,Rejected
APP100336,28,Female,Yes,0,Graduate,,Business Owner,1.5,2570.0,0.0,10.0,180,697.0,0,0.321,1,Urban,77900.0,14.7,6000.0,Approved
APP102704,39,Female,Yes,1,Not Graduate,No,Self-Employed,13.3,3860.0,2920.0,38.4,12,682.0,1,0.184,1,Urban,48200.0,1.3,1080.0,Approved
APP102826,33,Male,No,1,Graduate,No,Unemployed,0.0,3300.0,0.0,10.0,360,582.0,0,0.426,1,Urban,77200.0,3.1,4770.0,Rejected
APP104920,40,Male,Yes,0,Graduate,No,Business Owner,20.3,4420.0,0.0,17.5,120,652.0,1,0.195,1,Urban,70300.0,0.3,1000.0,Approved
APP104448,53,Female,Yes,2,Graduate,No,Unemployed,0.0,7140.0,2040.0,49.6,240,732.0,1,0.035,1,Semiurban,23600.0,1.6,2940.0,Approved
APP101071,44,Male,Yes,0,Graduate,Yes,Salaried,2.2,4150.0,1130.0,11.5,240,626.0,3,0.23,0,Semiurban,37200.0,4.8,17380.0,Rejected
APP104536,54,Female,Yes,0,Not Graduate,No,Salaried,2.4,6760.0,3430.0,38.2,120,677.0,3,0.653,0,Semiurban,116200.0,4.4,4570.0,Rejected
APP104850,26,Female,Yes,,Graduate,No,Salaried,1.1,1930.0,0.0,10.0,120,738.0,3,0.379,1,Urban,133600.0,4.9,1290.0,Approved
APP102865,28,Male,No,0,Graduate,No,Unemployed,0.0,4900.0,0.0,17.4,36,756.0,1,0.091,1,Urban,19800.0,4.0,3040.0,Approved
APP102366,42,Female,No,0,Graduate,Yes,Salaried,12.9,5310.0,0.0,10.0,36,699.0,2,0.567,1,Rural,51200.0,3.3,4420.0,Approved
APP104155,28,Female,No,0,Graduate,No,Self-Employed,15.7,9830.0,0.0,37.6,120,532.0,0,0.097,1,Semiurban,77200.0,3.3,8640.0,Approved
APP104002,53,Female,No,0,Not Graduate,No,Self-Employed,3.8,6070.0,0.0,31.0,36,900.0,1,0.223,1,Urban,15900.0,5.9,6800.0,Approved
APP103434,24,Female,No,1,Graduate,No,Self-Employed,0.6,10070.0,0.0,33.6,60,699.0,2,0.232,0,Urban,31200.0,9.2,15800.0,Rejected
APP101488,23,Male,Yes,,Not Graduate,Yes,Self-Employed,4.3,4240.0,1200.0,29.7,36,580.0,0,0.165,1,Urban,32400.0,2.3,3810.0,Rejected
APP100498,32,Male,No,0,Graduate,Yes,Self-Employed,11.5,6070.0,0.0,27.5,84,653.0,0,0.265,1,Semiurban,28800.0,2.3,8840.0,Approved
APP104388,21,Male,Yes,0,Not Graduate,No,Unemployed,0.0,1980.0,1980.0,10.0,60,783.0,2,0.157,0,Semiurban,23900.0,12.5,1960.0,Rejected
APP103240,58,Male,Yes,3+,Not Graduate,Yes,Salaried,5.8,1700.0,680.0,10.0,84,787.0,0,0.404,1,Urban,48900.0,3.1,4290.0,Approved
APP102927,21,Female,Yes,1,Graduate,No,Business Owner,3.8,8080.0,0.0,37.7,360,588.0,1,0.364,1,Urban,40700.0,4.7,12120.0,Rejected
APP102384,51,Male,Yes,3+,Graduate,Yes,Self-Employed,6.3,4180.0,0.0,10.0,36,486.0,0,0.246,1,Rural,57600.0,5.7,7280.0,Approved
APP102980,42,Female,Yes,3+,Graduate,No,Salaried,2.1,4300.0,1030.0,18.3,180,604.0,1,0.202,0,Urban,15100.0,7.0,6710.0,Rejected
APP104956,38,Male,Yes,0,Not Graduate,No,Self-Employed,2.1,2080.0,0.0,10.0,36,592.0,2,0.239,1,Urban,85800.0,1.3,1240.0,Approved
APP102380,21,Female,No,0,Not Graduate,No,Salaried,1.7,1850.0,0.0,10.0,360,612.0,1,0.419,1,Urban,12800.0,3.1,8960.0,Rejected
APP101610,22,Male,Yes,0,Graduate,No,Self-Employed,2.3,2950.0,2990.0,22.3,240,544.0,0,0.298,1,Urban,67000.0,2.4,9060.0,Rejected
APP103089,56,Male,No,0,Not Graduate,Yes,Salaried,12.6,1790.0,1380.0,17.6,120,681.0,0,0.179,1,Urban,70800.0,1.2,25990.0,Approved
APP103829,54,Male,Yes,0,Not Graduate,No,Salaried,2.8,6730.0,2840.0,55.6,84,654.0,0,0.503,1,Urban,62100.0,8.4,490.0,Approved
APP104619,47,Female,Yes,0,Graduate,No,Salaried,0.5,7510.0,3260.0,25.1,60,647.0,0,0.033,1,Urban,106500.0,0.9,2540.0,Approved
APP101022,43,Female,No,0,Not Graduate,Yes,Salaried,0.4,2390.0,0.0,10.0,180,802.0,2,0.317,1,Urban,11000.0,0.8,23610.0,Approved
APP104586,43,Male,No,0,Graduate,No,Self-Employed,11.5,10300.0,0.0,35.9,360,749.0,0,0.424,1,Semiurban,11900.0,12.1,11880.0,Approved
APP104936,42,Male,Yes,1,Graduate,No,Self-Employed,3.2,4430.0,0.0,25.2,36,674.0,2,0.185,1,Semiurban,52600.0,7.6,2720.0,Rejected
APP104359,33,Male,Yes,0,Not Graduate,Yes,Salaried,5.9,1850.0,0.0,10.3,120,754.0,0,0.232,1,Rural,35100.0,13.6,2170.0,Approved
APP103126,50,Male,Yes,0,Graduate,No,Self-Employed,6.0,3140.0,0.0,10.0,12,618.0,0,0.063,1,Rural,193800.0,3.2,480.0,Approved
APP103230,21,Male,Yes,0,Graduate,No,Salaried,6.9,6650.0,0.0,36.7,60,493.0,1,0.318,1,Semiurban,42900.0,1.0,2890.0,Rejected
APP100665,30,Female,Yes,2,Not Graduate,No,Salaried,11.1,3950.0,0.0,17.6,120,624.0,0,0.326,1,Semiurban,21500.0,0.3,1640.0,Approved
APP104009,32,Female,Yes,2,Graduate,Yes,Business Owner,3.8,3120.0,0.0,10.0,180,,0,0.086,0,Semiurban,12200.0,28.4,5810.0,Approved
APP104945,47,Female,Yes,0,Not Graduate,Yes,Salaried,1.4,2380.0,1520.0,10.0,12,724.0,1,0.132,1,Rural,63800.0,14.3,2930.0,Approved
APP104212,39,Female,Yes,0,Graduate,Yes,Business Owner,3.2,3840.0,1140.0,13.5,360,600.0,2,0.374,1,Urban,12600.0,16.2,7950.0,Rejected
APP104309,46,Female,Yes,1,Not Graduate,,Salaried,6.7,3190.0,2630.0,22.0,84,524.0,1,0.354,1,Urban,25600.0,3.6,2490.0,Rejected
APP102291,33,Male,No,1,Not Graduate,No,Salaried,1.7,4170.0,0.0,14.4,60,652.0,2,0.309,1,Semiurban,20900.0,6.8,9320.0,Rejected
APP101017,21,Female,Yes,2,Not Graduate,No,Unemployed,0.0,6660.0,1850.0,20.4,240,724.0,0,0.37,1,Urban,17200.0,2.7,7470.0,Rejected
APP100557,43,Male,Yes,1,Graduate,,Salaried,19.6,3480.0,0.0,18.8,60,,1,0.234,1,Semiurban,28500.0,2.1,5630.0,Approved
APP104294,41,Male,Yes,1,Not Graduate,Yes,Business Owner,7.9,3820.0,2010.0,,36,703.0,2,0.192,1,Rural,67200.0,3.1,25180.0,Approved
APP101207,30,Male,Yes,1,Graduate,No,Salaried,4.8,3450.0,0.0,13.5,84,650.0,2,0.456,1,Semiurban,64100.0,4.0,19780.0,Rejected
APP104320,28,Male,Yes,0,Not Graduate,No,Business Owner,7.6,4350.0,0.0,10.0,36,713.0,0,0.103,1,Rural,30700.0,9.7,7570.0,Approved
APP102892,21,Female,Yes,0,Graduate,Yes,Salaried,11.5,10370.0,5190.0,26.2,360,735.0,0,0.607,1,Semiurban,,0.6,3100.0,Approved
APP102845,56,Male,Yes,1,Graduate,No,Salaried,0.9,5630.0,720.0,20.2,360,685.0,0,0.728,1,Rural,20200.0,6.8,1890.0,Rejected
APP101510,41,Male,Yes,3+,Graduate,No,Business Owner,4.0,4660.0,0.0,10.0,84,577.0,2,0.138,1,Rural,34300.0,5.1,5230.0,Rejected
APP102086,40,Male,Yes,0,Graduate,No,Self-Employed,2.7,1550.0,0.0,10.0,120,630.0,1,0.06,1,Rural,54100.0,8.1,120.0,Approved
APP100245,43,Female,No,0,Not Graduate,No,Self-Employed,13.2,3300.0,3090.0,31.0,120,702.0,1,0.552,1,Rural,10600.0,3.2,8360.0,Rejected
APP101163,60,Male,No,0,Graduate,No,Unemployed,0.0,2520.0,0.0,10.0,360,590.0,1,0.548,1,Rural,23300.0,5.8,2830.0,Rejected
APP103727,37,Male,No,0,Graduate,No,Self-Employed,8.4,15000.0,0.0,85.3,84,634.0,0,0.137,1,Urban,31600.0,4.1,2050.0,Approved
APP100266,21,Male,Yes,0,Graduate,No,Salaried,5.8,2870.0,0.0,10.0,120,648.0,1,0.355,1,Rural,23900.0,1.1,2460.0,Rejected
APP104161,59,Female,Yes,0,Graduate,No,Salaried,2.0,1830.0,530.0,13.4,180,596.0,1,0.706,1,Rural,,1.8,8280.0,Rejected
APP101114,30,Male,No,1,Not Graduate,No,Salaried,0.7,1640.0,1180.0,13.7,12,,3,0.476,1,Urban,43700.0,2.9,3080.0,Rejected
APP100063,55,Male,Yes,0,Not Graduate,Yes,Business Owner,0.9,7440.0,2480.0,59.0,12,615.0,0,0.36,1,Urban,32100.0,1.7,1580.0,Approved
APP101912,21,Male,No,0,Not Graduate,No,Business Owner,4.5,2740.0,3490.0,13.1,180,626.0,0,0.166,0,Rural,36400.0,2.9,6180.0,Approved
APP102643,28,Female,Yes,3+,Not Graduate,,Salaried,0.1,1490.0,1310.0,11.6,84,600.0,0,0.488,1,Rural,,7.2,3460.0,Rejected
APP102229,36,Female,Yes,3+,Not Graduate,No,Business Owner,2.0,4790.0,0.0,21.1,12,775.0,1,0.406,1,Urban,28100.0,15.9,2600.0,Approved
APP102812,44,Male,Yes,1,Not Graduate,No,Business Owner,1.0,2030.0,0.0,10.0,360,678.0,1,0.105,1,Semiurban,11600.0,0.1,7070.0,Approved
APP103827,40,Male,No,0,Graduate,No,Business Owner,6.9,2480.0,0.0,10.4,120,596.0,0,0.065,1,Rural,83400.0,4.9,3150.0,Rejected
APP103139,26,Male,No,0,Graduate,No,Salaried,1.4,10270.0,0.0,52.5,120,657.0,1,0.33,1,Rural,48100.0,10.3,10560.0,Rejected
APP103615,28,Male,Yes,1,Not Graduate,No,Salaried,5.0,3350.0,1160.0,25.6,180,544.0,0,0.383,1,Rural,53500.0,1.1,9620.0,Rejected
APP104141,37,Female,Yes,3+,Graduate,No,Business Owner,1.4,3070.0,1690.0,17.3,60,619.0,0,0.217,1,Rural,29900.0,0.1,43820.0,Approved
APP102302,39,Male,No,0,Graduate,No,Salaried,1.2,7280.0,0.0,28.8,360,680.0,0,0.139,1,Semiurban,7100.0,0.8,6760.0,Approved
APP102813,39,Male,Yes,1,Graduate,No,Business Owner,5.2,1400.0,0.0,10.0,120,466.0,0,0.191,1,Semiurban,93900.0,3.3,1610.0,Rejected
APP101723,29,Male,Yes,3+,Graduate,Yes,Self-Employed,1.1,4070.0,1190.0,10.0,84,478.0,0,0.164,1,Urban,31800.0,1.9,2710.0,Rejected
APP104699,21,Female,Yes,1,Not Graduate,No,Salaried,3.2,1200.0,0.0,10.0,36,613.0,1,0.142,1,Urban,42400.0,2.0,3280.0,Rejected
APP101237,32,Male,No,0,Graduate,No,Business Owner,1.5,7130.0,1790.0,35.8,240,574.0,0,0.543,1,Semiurban,74100.0,4.2,2720.0,Rejected
APP100103,50,Male,No,3+,Not Graduate,No,Business Owner,16.7,2700.0,0.0,10.0,240,737.0,1,0.236,1,Urban,84800.0,1.3,1100.0,Approved
APP102855,32,Male,Yes,0,Not Graduate,No,Salaried,9.8,4150.0,4760.0,45.7,12,727.0,0,0.271,1,Semiurban,32500.0,0.0,49490.0,Approved
APP100272,32,Male,Yes,0,Graduate,No,Salaried,14.5,17290.0,0.0,53.0,240,,0,0.467,1,Rural,,2.0,3770.0,Approved
APP100508,38,Male,Yes,2,Graduate,No,Business Owner,0.8,3890.0,0.0,11.4,120,689.0,1,0.321,1,Rural,63300.0,2.8,30460.0,Approved
APP102269,34,Female,Yes,0,Not Graduate,No,Business Owner,3.8,2740.0,0.0,10.0,84,565.0,1,0.545,1,Urban,9000.0,0.0,2700.0,Rejected
APP104983,58,Male,Yes,0,Graduate,No,Unemployed,0.0,9340.0,0.0,54.6,84,528.0,0,0.394,1,Semiurban,267300.0,3.5,1930.0,Rejected
APP102168,50,Female,Yes,3+,Graduate,No,Salaried,4.0,4810.0,0.0,22.8,36,570.0,2,0.143,1,Semiurban,22400.0,1.3,3180.0,Rejected
APP100865,30,Male,Yes,,Not Graduate,No,Business Owner,0.8,5630.0,1500.0,11.8,60,559.0,0,0.234,1,Rural,128900.0,1.0,4440.0,Approved
APP102478,52,Male,No,0,Graduate,No,Salaried,5.5,5850.0,0.0,15.8,180,683.0,0,0.456,1,Urban,43700.0,3.1,3220.0,Rejected
APP100908,51,Male,No,0,Graduate,No,Business Owner,2.5,2110.0,0.0,10.2,36,683.0,1,0.178,1,Urban,37600.0,10.0,2860.0,Rejected
APP102480,27,Male,No,2,Graduate,No,Self-Employed,1.3,2350.0,0.0,10.4,240,646.0,1,0.115,0,Rural,54700.0,3.6,1690.0,Approved
APP102916,38,Male,Yes,3+,Graduate,No,Salaried,1.6,2210.0,2910.0,20.6,120,574.0,1,0.094,0,Rural,19600.0,13.5,8380.0,Rejected
APP103973,39,Male,Yes,1,Graduate,Yes,Unemployed,0.0,3580.0,0.0,14.1,360,593.0,0,0.398,1,Urban,14200.0,3.3,8060.0,Rejected
APP101627,24,Male,No,2,Graduate,No,Self-Employed,3.2,4510.0,0.0,20.5,60,558.0,0,0.221,1,Urban,39900.0,4.9,4480.0,Rejected
APP102932,61,Male,Yes,1,Graduate,Yes,Business Owner,1.7,3640.0,0.0,10.0,84,,0,0.23,1,Urban,16900.0,0.6,13090.0,Approved
APP101522,37,Female,No,0,Not Graduate,Yes,Unemployed,0.0,2460.0,0.0,10.7,360,658.0,2,0.41,1,Rural,20500.0,3.5,3960.0,Rejected
APP100835,34,Female,Yes,1,Graduate,Yes,Salaried,4.8,7480.0,0.0,30.0,120,609.0,1,0.185,1,Semiurban,24700.0,15.8,1460.0,Rejected
APP100358,21,Female,No,0,Graduate,No,Business Owner,0.3,2590.0,0.0,10.0,120,664.0,0,0.109,1,Semiurban,32200.0,5.8,3890.0,Rejected
APP100138,47,Female,Yes,1,Not Graduate,No,Business Owner,3.2,5780.0,4370.0,52.9,12,561.0,1,0.17,1,Rural,10600.0,0.2,1640.0,Rejected
APP100299,37,Female,No,0,Not Graduate,Yes,Self-Employed,1.8,6570.0,0.0,10.7,36,712.0,1,0.342,1,Semiurban,17600.0,2.0,930.0,Rejected
APP101556,41,Male,Yes,0,Not Graduate,No,Salaried,8.4,5300.0,0.0,25.5,60,647.0,0,0.184,1,Semiurban,69400.0,3.5,9640.0,Rejected
APP101003,48,Male,No,2,Graduate,Yes,Unemployed,0.0,1590.0,8470.0,28.6,360,499.0,1,0.228,1,Semiurban,20100.0,6.4,8590.0,Rejected
APP100382,36,Female,Yes,0,Not Graduate,No,Salaried,5.3,1630.0,2060.0,15.4,60,,0,0.252,0,Urban,30900.0,8.6,4190.0,Rejected
APP100941,36,Female,No,1,Not Graduate,No,Business Owner,1.0,3160.0,1800.0,11.0,120,432.0,1,0.218,1,Semiurban,28700.0,1.9,35180.0,Rejected
APP104668,34,Female,Yes,0,Not Graduate,No,Business Owner,12.7,4790.0,2470.0,22.7,36,590.0,0,0.436,1,Semiurban,79700.0,23.9,35980.0,Approved
APP103821,42,Female,No,0,Not Graduate,No,Salaried,3.5,7380.0,0.0,13.6,120,675.0,0,0.044,1,Urban,49500.0,1.9,11470.0,Approved
APP100761,41,Female,No,2,Graduate,No,Self-Employed,7.3,4320.0,0.0,10.0,36,690.0,0,0.035,1,Urban,98000.0,17.4,24320.0,Approved
APP102750,46,Male,No,2,Graduate,No,Unemployed,0.0,3430.0,0.0,17.8,180,679.0,1,0.245,1,Semiurban,15300.0,12.5,3900.0,Rejected
APP101943,28,Female,Yes,0,Graduate,No,Unemployed,0.0,1570.0,3700.0,27.5,240,618.0,1,0.458,1,Semiurban,4700.0,3.5,6780.0,Rejected
APP103958,41,Female,No,1,Graduate,Yes,Salaried,2.4,5960.0,0.0,30.7,84,694.0,0,0.184,1,Urban,14200.0,17.1,2860.0,Approved
APP102127,49,Female,No,0,Graduate,No,Unemployed,0.0,3210.0,0.0,15.4,180,528.0,1,0.205,1,Urban,26600.0,1.1,6730.0,Rejected
APP102240,62,Male,No,,Graduate,No,Unemployed,0.0,2100.0,0.0,10.0,180,460.0,0,0.108,1,Semiurban,44400.0,2.1,11800.0,Rejected
APP100898,21,Male,Yes,1,Graduate,No,Salaried,3.6,2950.0,0.0,10.0,120,471.0,2,0.147,0,Urban,154800.0,2.8,2400.0,Rejected
APP104078,33,Male,Yes,0,Graduate,Yes,Salaried,3.4,4550.0,950.0,20.0,36,749.0,0,0.224,1,Urban,64100.0,8.3,1500.0,Approved
APP104522,28,Male,Yes,2,Not Graduate,Yes,Salaried,2.6,2210.0,1690.0,12.5,60,715.0,3,0.216,1,Rural,,13.8,6560.0,Rejected
APP101402,32,Female,Yes,0,Not Graduate,Yes,Salaried,1.2,2190.0,0.0,10.0,360,655.0,0,0.211,0,Semiurban,42300.0,0.1,17950.0,Approved
APP102092,32,Female,Yes,2,Graduate,No,Salaried,9.7,6510.0,0.0,,84,665.0,0,0.221,1,Rural,31600.0,13.0,24960.0,Approved
APP103858,41,Male,Yes,1,Not Graduate,No,Business Owner,8.3,5500.0,1360.0,16.5,120,628.0,1,0.041,1,Semiurban,30600.0,6.9,20480.0,Approved
APP104430,32,Male,Yes,0,Graduate,No,Self-Employed,0.6,3160.0,0.0,10.0,60,678.0,1,0.215,1,Urban,15700.0,1.2,2170.0,Approved
APP103015,42,Male,Yes,0,Not Graduate,No,Salaried,1.6,5560.0,0.0,15.4,360,607.0,0,0.221,0,Rural,38000.0,20.5,3240.0,Rejected
APP101512,47,Male,Yes,2,Not Graduate,Yes,Salaried,2.6,4950.0,0.0,15.4,12,770.0,0,0.161,1,Urban,19400.0,1.0,3550.0,Approved
APP101188,29,Female,Yes,0,Graduate,No,Salaried,2.8,1600.0,0.0,10.0,180,609.0,0,0.235,1,Urban,44600.0,19.7,13070.0,Rejected
APP103050,49,Female,Yes,0,Not Graduate,No,Unemployed,0.0,3180.0,2420.0,20.8,360,776.0,0,0.326,1,Semiurban,53200.0,3.0,3290.0,Approved
APP102088,37,Male,Yes,0,Not Graduate,No,Salaried,1.5,2980.0,1670.0,10.0,360,562.0,0,0.208,1,Urban,42000.0,0.1,570.0,Rejected
APP104584,41,Male,No,0,Not Graduate,No,Salaried,3.7,3910.0,0.0,16.5,36,594.0,1,0.291,1,Rural,47600.0,0.6,9170.0,Rejected
APP103505,26,Female,No,2,Graduate,No,Salaried,14.8,2510.0,0.0,10.0,180,687.0,0,0.482,1,Semiurban,72100.0,1.4,4690.0,Approved
APP100108,52,Male,No,1,Graduate,No,Self-Employed,12.1,3800.0,980.0,10.0,12,631.0,0,0.33,0,Semiurban,84900.0,0.0,1970.0,Approved
APP102788,48,Female,No,1,Not Graduate,No,Self-Employed,1.7,4830.0,0.0,10.0,12,626.0,2,0.094,0,Semiurban,39200.0,8.3,7650.0,Rejected
APP103134,41,Female,Yes,0,Not Graduate,No,Business Owner,0.2,4050.0,2600.0,,84,404.0,1,0.134,1,Rural,48300.0,15.1,15240.0,Rejected
APP101926,57,Female,Yes,0,Graduate,No,Salaried,2.7,9080.0,2810.0,26.4,120,708.0,1,0.127,0,Semiurban,22600.0,9.6,1770.0,Approved
APP100058,38,Female,No,1,Graduate,No,Salaried,5.4,6410.0,0.0,26.2,360,645.0,0,0.153,1,Urban,29900.0,2.8,1940.0,Approved
APP100076,48,Male,Yes,0,Graduate,No,Salaried,4.2,2140.0,650.0,14.7,180,748.0,1,0.147,1,Urban,,1.4,1280.0,Approved
APP100796,21,Male,Yes,1,Graduate,,Salaried,1.4,3850.0,3230.0,35.6,180,742.0,0,0.287,1,Urban,38000.0,14.6,9590.0,Approved
APP100368,36,Male,Yes,3+,Graduate,No,Salaried,2.7,5340.0,0.0,20.6,60,539.0,3,0.258,1,Semiurban,,9.9,29700.0,Rejected
APP104955,21,Female,Yes,1,Graduate,No,Unemployed,0.0,2710.0,0.0,10.0,84,784.0,0,0.349,1,Semiurban,46000.0,3.6,3950.0,Rejected
APP100785,54,Male,No,0,Graduate,No,Business Owner,9.8,8060.0,2870.0,46.8,180,554.0,1,0.24,1,Semiurban,19800.0,8.0,750.0,Rejected
APP103842,37,Male,No,0,Not Graduate,Yes,Unemployed,0.0,8340.0,3580.0,52.3,60,785.0,0,0.191,1,Urban,39300.0,2.9,21470.0,Approved
APP103528,43,Female,Yes,1,Not Graduate,,Salaried,4.3,3420.0,4460.0,22.7,120,546.0,1,0.659,1,Urban,30400.0,10.8,4490.0,Rejected
APP102029,33,Female,Yes,0,Graduate,No,Salaried,4.6,5520.0,1290.0,38.0,60,624.0,3,0.363,1,Semiurban,60600.0,6.3,5310.0,Rejected
APP104091,40,Male,Yes,2,Not Graduate,No,Salaried,3.4,2690.0,4130.0,,120,585.0,0,0.15,1,Urban,41400.0,3.1,7570.0,Approved
APP103011,29,Female,Yes,0,Not Graduate,No,Self-Employed,1.5,3170.0,0.0,18.0,12,511.0,1,0.328,1,Semiurban,13000.0,6.9,2300.0,Rejected
APP103603,26,Female,Yes,0,Graduate,No,Salaried,1.8,4840.0,1050.0,10.0,360,683.0,0,0.283,1,Urban,52100.0,2.4,2680.0,Approved
APP101973,31,Male,Yes,0,Graduate,No,Business Owner,15.2,7500.0,0.0,14.9,12,552.0,1,0.208,1,Semiurban,118700.0,0.2,17880.0,Approved
APP103268,33,Male,Yes,0,Not Graduate,No,Salaried,8.3,3080.0,1900.0,14.3,12,613.0,0,0.302,1,Urban,41100.0,3.8,47320.0,Approved
APP100121,48,Male,Yes,0,Not Graduate,No,Self-Employed,7.4,3230.0,920.0,11.5,12,634.0,1,0.201,1,Rural,26300.0,29.6,1160.0,Rejected
APP103635,47,Female,Yes,2,Graduate,No,Business Owner,0.8,2770.0,0.0,14.2,60,684.0,1,0.05,1,Rural,159600.0,7.9,20680.0,Approved
APP102413,21,Male,No,2,Graduate,No,Salaried,2.0,5070.0,2540.0,13.6,180,582.0,0,0.099,1,Semiurban,44100.0,2.0,980.0,Approved
APP104076,21,Male,Yes,1,Not Graduate,No,Salaried,3.4,3980.0,0.0,21.6,60,,0,0.224,1,Urban,22000.0,1.0,1010.0,Approved
APP100910,67,Female,No,0,Not Graduate,No,Business Owner,1.2,3480.0,0.0,,60,,0,0.352,1,Rural,33100.0,1.3,27070.0,Rejected
APP100124,52,Male,Yes,,Graduate,No,Salaried,5.9,4260.0,2570.0,26.9,120,656.0,0,0.137,1,Rural,24000.0,28.7,2020.0,Approved
APP102646,41,Male,Yes,,Not Graduate,Yes,Unemployed,0.0,5960.0,0.0,16.7,36,515.0,1,0.188,1,Semiurban,50200.0,17.3,920.0,Rejected
APP101586,46,Female,No,,Graduate,Yes,Business Owner,0.6,2960.0,0.0,10.0,180,678.0,0,0.032,1,Semiurban,73200.0,39.7,510.0,Approved
APP101257,26,Male,Yes,3+,Not Graduate,Yes,Self-Employed,2.8,1790.0,0.0,10.0,360,456.0,0,0.197,1,Urban,18700.0,0.5,4560.0,Rejected
APP103509,34,Female,No,2,Graduate,No,Unemployed,0.0,3040.0,5400.0,31.4,12,780.0,0,0.126,1,Urban,13200.0,5.9,1410.0,Approved
APP103550,34,Female,Yes,0,Not Graduate,No,Salaried,7.9,2500.0,0.0,10.0,360,705.0,2,0.259,1,Urban,61700.0,9.8,5340.0,Approved
APP103676,39,Female,Yes,1,Graduate,No,Self-Employed,3.2,3870.0,2470.0,10.5,360,749.0,0,0.174,1,Rural,106700.0,2.8,6580.0,Approved
APP101178,39,Male,No,0,Graduate,No,Self-Employed,9.5,4770.0,0.0,10.0,60,695.0,0,0.075,1,Semiurban,41400.0,1.3,3810.0,Approved
APP102924,53,Female,No,0,Graduate,No,Unemployed,0.0,7940.0,0.0,42.7,240,791.0,0,0.313,1,Semiurban,92300.0,6.4,1970.0,Approved
APP103539,35,Male,No,1,Graduate,No,Self-Employed,2.2,2250.0,1580.0,20.9,60,839.0,1,0.3,1,Urban,6300.0,0.9,1290.0,Rejected
APP102379,33,Male,Yes,1,Not Graduate,No,Salaried,9.7,4750.0,0.0,10.0,240,658.0,0,0.274,1,Semiurban,37300.0,27.2,1090.0,Rejected
APP102144,42,Female,Yes,3+,Graduate,No,Salaried,0.8,7250.0,0.0,38.4,60,646.0,1,0.522,1,Rural,37000.0,6.3,21700.0,Rejected
APP100442,23,Female,No,0,Not Graduate,No,Salaried,4.0,16320.0,1160.0,89.3,36,571.0,0,0.217,1,Semiurban,13200.0,1.9,2470.0,Rejected
APP102333,38,Female,Yes,0,Graduate,No,Salaried,1.5,3370.0,0.0,16.5,60,407.0,1,0.419,1,Rural,39200.0,0.1,1440.0,Rejected
APP103783,50,Male,Yes,3+,Graduate,No,Salaried,7.8,27810.0,0.0,62.8,180,702.0,0,0.034,0,Semiurban,48400.0,6.2,12720.0,Approved
APP100925,32,Female,Yes,3+,Graduate,Yes,Salaried,5.7,2500.0,880.0,18.6,84,,0,0.367,1,Urban,,1.2,2040.0,Rejected
APP104308,56,Female,Yes,2,Not Graduate,No,Salaried,7.9,1590.0,0.0,10.0,60,735.0,0,0.102,1,Semiurban,95200.0,7.5,19620.0,Approved
APP102186,47,Male,Yes,,Not Graduate,No,Salaried,1.5,6810.0,3420.0,53.8,240,600.0,0,0.148,0,Semiurban,27600.0,18.7,4130.0,Rejected
APP104819,39,Female,Yes,3+,Graduate,No,Salaried,7.3,1720.0,0.0,10.0,12,498.0,0,0.567,1,Rural,23400.0,8.0,1870.0,Rejected
APP101411,46,Female,Yes,2,Not Graduate,No,Salaried,14.4,1200.0,0.0,10.0,240,453.0,0,0.22,1,Urban,24900.0,13.4,1380.0,Rejected
APP103536,49,Male,No,0,Graduate,Yes,Self-Employed,3.6,3260.0,0.0,10.0,180,684.0,2,0.158,1,Urban,39900.0,12.2,9360.0,Rejected
APP101813,36,Male,No,1,Graduate,Yes,Unemployed,0.0,4650.0,2070.0,21.5,360,500.0,0,0.295,0,Urban,51000.0,4.7,7950.0,Rejected
APP101509,43,Male,Yes,2,Not Graduate,No,Salaried,6.7,3430.0,1110.0,16.0,60,733.0,0,0.281,1,Rural,,5.6,17030.0,Approved
APP101227,46,Female,No,0,Graduate,No,Unemployed,0.0,10730.0,0.0,,240,714.0,1,0.299,1,Urban,46200.0,4.0,14650.0,Rejected
APP103673,23,Female,Yes,3+,Graduate,No,Unemployed,0.0,3390.0,0.0,20.1,60,628.0,1,0.21,1,Rural,44200.0,5.5,2890.0,Rejected
APP102399,37,Male,Yes,0,Graduate,No,Unemployed,0.0,3040.0,1840.0,13.2,36,548.0,0,0.301,1,Rural,22800.0,15.9,1450.0,Rejected
APP104865,34,Male,Yes,1,Graduate,No,Salaried,1.2,5250.0,0.0,11.7,36,535.0,0,0.434,1,Semiurban,12600.0,7.3,16350.0,Rejected
APP103362,29,Male,Yes,2,Graduate,No,Unemployed,0.0,3580.0,0.0,17.8,360,471.0,1,0.286,1,Urban,108200.0,7.0,7820.0,Rejected
APP103346,41,Female,No,,Not Graduate,No,Salaried,4.8,2530.0,1510.0,17.3,360,556.0,0,0.24,1,Urban,61000.0,10.3,25770.0,Approved
APP100324,40,Female,Yes,3+,Not Graduate,Yes,Salaried,3.4,3880.0,1440.0,10.6,84,859.0,2,0.63,1,Rural,61400.0,1.5,3670.0,Approved
APP103142,46,Female,Yes,0,Not Graduate,No,Unemployed,0.0,3390.0,3450.0,24.2,120,713.0,1,0.578,1,Semiurban,105300.0,0.4,4840.0,Rejected
APP104896,24,Female,Yes,0,Graduate,No,Business Owner,1.7,5040.0,3320.0,38.7,180,670.0,0,0.216,1,Semiurban,51100.0,1.4,4200.0,Rejected
APP101972,33,Female,No,0,Not Graduate,No,Salaried,9.4,1370.0,0.0,10.0,360,611.0,0,0.185,1,Rural,54200.0,3.8,4380.0,Approved
APP103364,21,Male,Yes,1,Graduate,No,Self-Employed,3.5,4650.0,1310.0,12.9,240,,1,0.399,1,Rural,200400.0,3.1,5570.0,Approved
APP103097,34,Male,Yes,0,Graduate,No,Salaried,11.9,6400.0,1070.0,21.1,120,549.0,1,0.249,0,Urban,18600.0,2.2,6700.0,Rejected
APP101498,59,Female,Yes,1,Graduate,No,Salaried,5.4,2910.0,2090.0,23.1,84,699.0,1,0.097,1,Semiurban,59500.0,7.6,35280.0,Approved
APP101502,46,Male,Yes,1,Graduate,No,Salaried,1.4,3770.0,0.0,19.0,60,,0,0.258,1,Semiurban,23700.0,0.5,7510.0,Rejected
APP101006,33,Female,No,0,Not Graduate,No,Salaried,19.7,4380.0,0.0,11.5,12,600.0,0,0.372,0,Rural,11500.0,1.7,19460.0,Rejected
APP103761,32,Male,Yes,0,Graduate,Yes,Salaried,4.2,4480.0,0.0,12.4,180,709.0,0,0.44,1,Semiurban,95700.0,2.4,7860.0,Approved
APP102770,31,Female,Yes,0,Graduate,Yes,Self-Employed,5.7,6660.0,0.0,38.5,84,863.0,1,0.311,0,Semiurban,59400.0,3.4,26520.0,Approved
APP103586,45,Male,Yes,0,Graduate,Yes,Self-Employed,6.5,1910.0,0.0,11.0,60,691.0,0,0.162,1,Semiurban,137200.0,5.9,8950.0,Approved
APP101467,58,Female,Yes,2,Graduate,No,Salaried,1.4,2420.0,2100.0,20.9,60,735.0,2,0.376,0,Semiurban,,24.2,3780.0,Approved
APP101225,65,Male,Yes,0,Not Graduate,Yes,Salaried,2.2,6720.0,3040.0,37.2,360,730.0,2,0.258,1,Urban,75200.0,3.4,2790.0,Approved
APP103199,27,Male,Yes,0,Not Graduate,No,Salaried,1.2,3650.0,2090.0,16.3,84,797.0,0,0.181,1,Semiurban,64100.0,4.1,3460.0,Approved
APP102689,35,Male,Yes,1,Graduate,No,Business Owner,12.1,7900.0,0.0,25.8,240,742.0,0,0.279,1,Semiurban,36800.0,17.6,2030.0,Approved
APP102226,63,Male,Yes,0,Not Graduate,Yes,Salaried,15.9,10520.0,0.0,38.6,120,714.0,0,0.414,1,Urban,76200.0,0.5,2360.0,Approved
APP101216,28,Female,No,0,Graduate,No,Self-Employed,5.3,11250.0,0.0,,120,682.0,1,0.267,1,Semiurban,23100.0,29.9,13920.0,Approved
APP104054,64,Male,Yes,3+,Not Graduate,No,Self-Employed,0.3,4100.0,0.0,13.9,12,658.0,1,0.102,1,Rural,11200.0,14.9,8220.0,Approved
APP103568,39,Female,Yes,0,Not Graduate,No,Self-Employed,2.2,4390.0,2830.0,19.3,120,677.0,1,0.363,1,Urban,16300.0,3.9,4540.0,Rejected
APP100420,46,Female,Yes,1,Not Graduate,No,Unemployed,0.0,1200.0,1380.0,14.3,12,533.0,1,0.546,1,Urban,28200.0,0.4,2320.0,Rejected
APP104257,25,Male,Yes,2,Graduate,No,Salaried,6.5,6850.0,0.0,36.8,240,692.0,1,0.312,1,Rural,9100.0,7.8,1870.0,Rejected
APP100006,27,Male,Yes,1,Not Graduate,No,Business Owner,22.8,3630.0,0.0,10.1,12,,0,0.165,1,Urban,8900.0,16.3,1700.0,Approved
APP100932,39,Male,No,2,Graduate,No,Salaried,0.8,7600.0,1070.0,50.0,60,661.0,0,0.213,1,Semiurban,47200.0,1.8,1440.0,Approved
APP101691,40,Female,No,0,Not Graduate,Yes,Salaried,4.6,4490.0,3340.0,45.6,36,683.0,2,0.123,1,Urban,49900.0,6.9,6870.0,Rejected
APP100439,21,Female,Yes,0,Not Graduate,Yes,Business Owner,5.6,3090.0,0.0,14.9,120,635.0,0,0.255,1,Semiurban,30300.0,2.3,11410.0,Approved
APP101313,21,Female,Yes,0,Graduate,Yes,Salaried,12.1,4250.0,0.0,23.4,36,728.0,2,0.345,1,Urban,7300.0,2.4,5480.0,Rejected
APP100678,41,Female,Yes,1,Graduate,No,Business Owner,4.0,3420.0,940.0,10.5,12,591.0,2,0.179,1,Semiurban,30300.0,5.5,57360.0,Approved
APP102015,41,Male,Yes,0,Graduate,No,Salaried,3.2,6120.0,0.0,12.9,240,563.0,0,0.173,1,Urban,21500.0,0.9,2750.0,Rejected
APP104656,41,Female,No,2,Not Graduate,No,Salaried,13.2,2610.0,960.0,19.4,36,719.0,0,0.048,1,Semiurban,25300.0,1.0,8880.0,Approved
APP101888,25,Male,No,0,Not Graduate,No,Salaried,17.1,1350.0,1420.0,10.0,60,488.0,1,0.366,1,Semiurban,36400.0,8.2,32680.0,Rejected
APP102311,47,Male,Yes,3+,Graduate,No,Salaried,4.2,4200.0,0.0,21.3,36,679.0,1,0.134,1,Urban,60200.0,24.3,900.0,Rejected
APP104680,41,Male,No,1,Not Graduate,No,Self-Employed,5.9,1990.0,1440.0,14.7,12,,2,0.626,1,Urban,63100.0,1.4,10050.0,Rejected
APP103320,31,Female,Yes,0,Graduate,Yes,Salaried,9.9,3710.0,0.0,10.0,60,595.0,1,0.11,1,Semiurban,16400.0,2.8,2560.0,Rejected
APP104768,43,Female,Yes,0,Graduate,No,Self-Employed,1.2,1750.0,0.0,10.0,60,557.0,0,0.52,1,Urban,35500.0,3.6,2690.0,Rejected
APP102484,39,Female,Yes,1,Not Graduate,No,Salaried,0.3,1960.0,3880.0,27.6,120,,0,0.202,1,Urban,37900.0,5.0,7990.0,Approved
APP101086,28,Male,No,0,Not Graduate,No,Self-Employed,0.8,1620.0,8490.0,30.4,60,456.0,0,0.129,1,Urban,22700.0,1.3,5510.0,Rejected
APP103012,60,Male,No,2,Not Graduate,No,Unemployed,0.0,1810.0,5010.0,16.1,240,670.0,0,0.072,1,Semiurban,20700.0,10.4,2500.0,Approved
APP104288,49,Male,Yes,2,Not Graduate,No,Salaried,18.4,10320.0,310.0,51.8,12,549.0,0,0.077,1,Urban,14200.0,4.2,3120.0,Rejected
APP102833,52,Male,Yes,0,Not Graduate,No,Business Owner,2.8,5200.0,2840.0,39.3,180,587.0,3,0.68,1,Semiurban,192600.0,6.0,73140.0,Approved
APP102692,45,Female,No,1,Not Graduate,No,Salaried,3.4,6710.0,0.0,34.3,12,631.0,1,0.102,1,Urban,30500.0,14.7,3770.0,Approved
APP100194,43,Male,Yes,0,Graduate,No,Salaried,3.6,9900.0,2280.0,41.7,36,667.0,0,0.28,1,Rural,14800.0,2.4,10020.0,Rejected
APP101474,36,Male,Yes,1,Graduate,Yes,Business Owner,0.5,9540.0,0.0,29.2,240,731.0,0,0.124,1,Semiurban,26000.0,8.9,17010.0,Approved
APP103437,33,Female,Yes,0,Graduate,No,Business Owner,0.0,2700.0,2410.0,20.2,12,648.0,2,0.538,1,Urban,,4.6,2600.0,Rejected
APP102182,33,Female,No,1,Not Graduate,No,Salaried,11.8,2700.0,6030.0,15.2,36,848.0,1,0.13,1,Semiurban,19900.0,8.8,4310.0,Approved
APP101211,49,Male,No,0,Not Graduate,No,Salaried,8.7,2830.0,0.0,16.9,36,663.0,1,0.349,1,Urban,19600.0,8.9,8030.0,Rejected
APP104104,28,Male,No,2,Not Graduate,No,Salaried,0.1,4800.0,750.0,19.4,60,650.0,1,0.404,1,Rural,31100.0,0.1,1310.0,Rejected
APP101657,53,Male,No,0,Not Graduate,,Self-Employed,0.9,2890.0,1220.0,10.0,84,686.0,1,0.488,1,Rural,41000.0,11.1,3470.0,Approved
APP102753,32,Male,Yes,0,Graduate,,Salaried,8.3,11630.0,0.0,30.2,60,676.0,1,0.15,1,Urban,26400.0,3.7,63850.0,Approved
APP103158,41,Female,No,0,Not Graduate,No,Salaried,1.5,4260.0,1100.0,21.8,84,741.0,0,0.292,1,Semiurban,24700.0,10.2,12270.0,Rejected
APP102758,32,Male,Yes,0,Not Graduate,No,Self-Employed,0.1,3070.0,0.0,10.0,12,779.0,1,0.3,1,Semiurban,25500.0,8.6,2410.0,Rejected
APP104105,25,Male,Yes,0,Graduate,No,Salaried,1.1,3950.0,3040.0,40.2,180,669.0,0,0.175,0,Semiurban,20000.0,7.2,4300.0,Rejected
APP102213,30,Female,No,2,Graduate,No,Salaried,0.8,5150.0,570.0,17.2,84,596.0,0,0.44,0,Semiurban,,7.8,1360.0,Rejected
APP104451,25,Male,No,2,Not Graduate,No,Salaried,0.6,2310.0,2700.0,18.9,12,645.0,1,0.54,1,Semiurban,233300.0,9.4,21760.0,Approved
APP101130,40,Male,Yes,2,Not Graduate,No,Salaried,7.4,3350.0,0.0,12.9,60,700.0,3,0.14,1,Urban,15700.0,9.9,1680.0,Approved
APP101461,27,Female,Yes,2,Graduate,No,Salaried,2.8,2880.0,0.0,10.0,360,683.0,0,0.199,1,Semiurban,66700.0,1.7,24120.0,Approved
APP100276,41,Male,No,0,Graduate,No,Self-Employed,3.6,9000.0,0.0,29.4,12,748.0,1,0.097,1,Rural,37600.0,5.6,940.0,Approved
APP104574,57,Female,Yes,0,Not Graduate,Yes,Salaried,1.4,5210.0,840.0,24.3,12,648.0,0,0.097,1,Rural,76700.0,0.6,12240.0,Approved
APP103650,41,Female,No,0,Graduate,No,Salaried,1.1,3420.0,0.0,17.2,360,658.0,3,0.28,1,Rural,93900.0,3.5,9140.0,Rejected
APP103372,30,Female,Yes,0,Not Graduate,No,Salaried,0.9,8070.0,0.0,26.1,180,599.0,1,0.058,1,Semiurban,13200.0,8.0,6850.0,Approved
APP103187,55,Male,Yes,2,Not Graduate,No,Unemployed,0.0,4150.0,0.0,24.3,360,758.0,0,0.035,1,Urban,59000.0,10.6,20530.0,Approved
APP101302,42,Male,No,0,Not Graduate,No,Salaried,5.4,10450.0,2430.0,56.3,36,528.0,0,0.277,1,Urban,90400.0,5.6,5960.0,Approved
APP102846,30,Female,Yes,1,Graduate,No,Salaried,0.0,4540.0,0.0,12.4,360,780.0,1,0.238,1,Semiurban,32700.0,7.9,5370.0,Approved
APP100222,42,Female,No,0,Not Graduate,Yes,Salaried,0.5,3790.0,5210.0,37.5,240,703.0,1,0.12,1,Urban,69900.0,1.3,5380.0,Approved
APP104687,43,Male,Yes,0,Graduate,No,Salaried,1.7,3890.0,1240.0,10.0,12,601.0,1,0.124,1,Rural,35200.0,5.4,6740.0,Approved
APP103656,39,Female,No,1,Graduate,No,Salaried,0.0,4200.0,1770.0,26.0,84,786.0,0,0.406,1,Rural,31300.0,13.7,3320.0,Approved
APP100573,38,Female,Yes,2,Not Graduate,No,Salaried,0.5,4140.0,0.0,23.4,180,577.0,1,0.431,1,Rural,33100.0,1.1,2670.0,Rejected
APP101236,52,Female,Yes,0,Graduate,No,Unemployed,0.0,7400.0,0.0,15.5,360,692.0,1,0.305,1,Urban,48900.0,4.3,5330.0,Rejected
APP103614,49,Male,No,2,Graduate,Yes,Self-Employed,10.0,1360.0,1250.0,10.0,84,522.0,0,0.156,1,Rural,27200.0,1.9,2730.0,Rejected
APP102174,40,Male,No,0,Graduate,No,Business Owner,1.5,4950.0,430.0,23.5,360,549.0,0,0.214,1,Urban,17300.0,11.3,1350.0,Rejected
APP102323,34,Male,Yes,0,Graduate,No,Salaried,2.5,2480.0,0.0,11.5,180,694.0,1,0.287,1,Rural,22500.0,2.4,6540.0,Rejected
APP101334,31,Female,Yes,2,Not Graduate,No,Salaried,2.0,7620.0,0.0,13.0,84,650.0,0,0.315,1,Rural,,3.6,14180.0,Approved
APP104541,38,Female,No,0,Graduate,No,Salaried,12.9,7510.0,0.0,26.1,360,724.0,2,0.349,1,Urban,,2.3,2420.0,Approved
APP104952,48,Male,Yes,0,Graduate,No,Self-Employed,1.8,2970.0,2480.0,27.3,120,671.0,1,0.265,1,Urban,24000.0,3.8,45880.0,Rejected
APP100418,35,Male,Yes,0,Graduate,Yes,Unemployed,0.0,5550.0,0.0,31.9,36,534.0,0,0.534,1,Semiurban,31300.0,2.1,9650.0,Rejected
APP100267,35,Male,Yes,2,Graduate,No,Business Owner,1.5,6320.0,1610.0,42.3,120,735.0,0,0.112,1,Semiurban,50900.0,0.2,4840.0,Approved
APP101104,30,Female,No,1,Graduate,No,Unemployed,0.0,4050.0,3950.0,18.5,360,619.0,1,0.333,1,Urban,79100.0,1.7,9790.0,Rejected
APP100257,62,Male,Yes,0,Graduate,No,Salaried,1.9,9780.0,4860.0,86.2,120,557.0,0,0.224,1,Urban,23000.0,10.6,1870.0,Approved
APP100295,41,Male,No,0,Not Graduate,No,Salaried,9.5,4370.0,0.0,12.6,60,,0,0.577,1,Semiurban,18900.0,6.1,10070.0,Approved
APP102405,43,Female,No,2,Graduate,Yes,Self-Employed,9.7,1680.0,0.0,10.0,12,508.0,0,0.28,1,Semiurban,67200.0,0.5,9070.0,Rejected
APP100386,43,Male,Yes,3+,Not Graduate,Yes,Business Owner,3.5,13460.0,0.0,32.2,60,745.0,1,0.314,1,Semiurban,35400.0,2.8,2710.0,Approved
APP104418,21,Male,Yes,1,Graduate,No,Unemployed,0.0,2050.0,2440.0,14.8,360,660.0,1,0.287,1,Urban,21500.0,7.7,1380.0,Rejected
APP103153,39,Male,No,2,Graduate,No,Business Owner,1.8,3640.0,0.0,14.8,12,668.0,0,0.117,1,Urban,33100.0,7.0,3820.0,Approved
APP102274,44,Male,No,0,Not Graduate,No,Salaried,9.0,1620.0,0.0,,60,599.0,0,0.245,0,Semiurban,86900.0,0.6,9890.0,Rejected
APP102290,42,Female,No,0,Not Graduate,No,Salaried,6.3,3030.0,0.0,16.4,360,619.0,1,0.118,1,Semiurban,204600.0,5.6,68070.0,Approved
APP104379,29,Female,Yes,0,Graduate,Yes,Self-Employed,2.7,6900.0,910.0,28.5,180,572.0,1,0.276,1,Urban,16000.0,8.4,2350.0,Rejected
APP103585,29,Male,No,1,Not Graduate,No,Salaried,5.0,4070.0,800.0,23.5,84,815.0,0,0.378,1,Semiurban,80900.0,2.0,33340.0,Approved
APP104250,39,Male,No,0,Graduate,No,Business Owner,5.6,6440.0,0.0,31.2,240,519.0,0,0.394,1,Urban,25600.0,9.5,1790.0,Rejected
APP104428,40,Male,Yes,3+,Graduate,No,Unemployed,0.0,5840.0,1110.0,30.8,84,,1,0.052,1,Rural,46000.0,1.2,7080.0,Rejected
APP101563,57,Male,Yes,0,Not Graduate,No,Salaried,2.7,7430.0,0.0,13.1,120,731.0,0,0.139,1,Urban,35800.0,7.8,3700.0,Rejected
APP101962,42,Male,No,0,Graduate,No,Salaried,8.7,12500.0,1650.0,60.6,180,769.0,0,0.172,1,Urban,80100.0,4.9,8830.0,Approved
APP101400,25,Female,No,1,Graduate,Yes,Self-Employed,5.8,13200.0,4610.0,55.4,36,638.0,0,0.335,1,Rural,19400.0,7.7,2740.0,Rejected
APP100712,38,Male,Yes,0,Not Graduate,No,Salaried,9.8,4320.0,0.0,16.7,120,604.0,0,0.176,1,Semiurban,85200.0,2.8,15130.0,Approved
APP104371,35,Female,Yes,0,Graduate,Yes,Unemployed,0.0,9010.0,0.0,53.9,180,633.0,0,0.359,1,Semiurban,19900.0,1.0,3260.0,Rejected
APP102905,38,Male,No,1,Not Graduate,No,Salaried,3.2,4760.0,3670.0,16.0,60,647.0,1,0.202,1,Urban,50800.0,3.3,4910.0,Rejected
APP100209,43,Female,Yes,1,Graduate,,Salaried,3.2,4140.0,0.0,20.9,60,648.0,0,0.322,1,Semiurban,64500.0,3.6,11850.0,Rejected
APP104020,22,Female,No,3+,Graduate,No,Salaried,6.8,2700.0,0.0,10.4,84,661.0,0,0.094,1,Semiurban,26000.0,4.2,4870.0,Approved
APP101289,38,Male,Yes,0,Graduate,No,Salaried,0.1,3640.0,0.0,20.3,84,479.0,1,0.619,1,Urban,8000.0,8.0,7130.0,Rejected
APP104878,27,Male,Yes,3+,Graduate,Yes,Business Owner,0.5,5630.0,2350.0,30.5,60,720.0,0,0.387,1,Semiurban,61900.0,6.2,2180.0,Approved
APP101842,28,Male,Yes,1,Graduate,No,Self-Employed,4.6,5830.0,0.0,21.2,12,544.0,0,0.174,1,Rural,22800.0,1.0,8530.0,Rejected
APP100449,37,Male,Yes,0,Graduate,,Self-Employed,10.4,6190.0,1710.0,29.6,240,666.0,2,0.39,1,Semiurban,25400.0,1.3,11750.0,Approved
APP104524,29,Female,No,2,Not Graduate,Yes,Salaried,5.3,3510.0,0.0,18.9,120,734.0,0,0.132,1,Semiurban,28600.0,1.2,9860.0,Approved
APP103554,46,Female,No,1,Graduate,No,Self-Employed,6.6,1400.0,1400.0,10.0,240,663.0,0,0.304,1,Urban,43100.0,11.4,6170.0,Approved
APP101820,34,Male,No,0,Not Graduate,No,Salaried,0.1,6650.0,4850.0,,360,535.0,0,0.102,1,Urban,44900.0,14.8,2470.0,Rejected
APP100958,35,Male,Yes,0,Graduate,No,Self-Employed,0.2,5840.0,3100.0,42.1,12,576.0,1,0.181,1,Urban,19900.0,5.4,6590.0,Rejected
APP101793,48,Male,Yes,3+,Not Graduate,No,Business Owner,1.2,2570.0,0.0,10.0,84,668.0,0,0.291,1,Urban,25900.0,3.7,1690.0,Approved
APP102809,25,Female,Yes,0,Graduate,Yes,Unemployed,0.0,8620.0,3420.0,69.9,12,712.0,0,0.446,1,Semiurban,64500.0,0.1,920.0,Rejected
APP100654,52,Male,Yes,0,Not Graduate,No,Salaried,4.7,3750.0,0.0,13.5,120,751.0,0,0.465,1,Semiurban,55300.0,7.2,1600.0,Approved
APP102451,33,Male,No,0,Not Graduate,No,Salaried,2.3,3050.0,0.0,10.0,36,692.0,0,0.591,0,Semiurban,45700.0,1.1,4220.0,Rejected
APP103927,50,Female,Yes,3+,Not Graduate,No,Salaried,3.9,1640.0,2620.0,17.1,180,734.0,1,0.296,1,Semiurban,45600.0,0.3,2950.0,Rejected
APP100331,35,Female,No,0,Graduate,No,Business Owner,1.6,3070.0,0.0,10.0,180,463.0,1,0.261,1,Semiurban,33000.0,1.3,12770.0,Rejected
APP101760,46,Female,Yes,0,Graduate,Yes,Self-Employed,5.1,4940.0,0.0,29.1,240,626.0,1,0.152,1,Semiurban,11200.0,3.9,3820.0,Rejected
APP104660,32,Male,Yes,,Not Graduate,No,Self-Employed,7.3,7680.0,0.0,27.8,84,536.0,4,0.165,1,Urban,29900.0,2.3,2900.0,Rejected
APP102796,35,Female,No,3+,Not Graduate,No,Unemployed,0.0,4490.0,0.0,16.8,84,608.0,0,0.35,1,Rural,69800.0,3.8,5220.0,Rejected
APP102154,28,Female,No,0,Graduate,No,Salaried,2.9,3030.0,0.0,12.3,36,690.0,0,0.21,1,Semiurban,16500.0,10.2,14280.0,Rejected
APP100411,46,Female,Yes,,Not Graduate,No,Salaried,4.0,3710.0,480.0,19.5,60,433.0,0,0.143,0,Rural,52900.0,3.5,5480.0,Rejected
APP101774,21,Male,Yes,0,Not Graduate,No,Self-Employed,3.6,2410.0,0.0,10.0,240,481.0,0,0.188,1,Semiurban,33100.0,14.5,2470.0,Rejected
APP104814,54,Female,Yes,2,Graduate,No,Salaried,5.1,4130.0,2460.0,39.0,240,482.0,1,0.297,1,Urban,47000.0,0.2,19480.0,Rejected
APP102228,45,Female,No,0,Graduate,No,Self-Employed,0.3,5260.0,2080.0,,180,674.0,1,0.385,1,Urban,87200.0,7.9,1850.0,Approved
APP102423,31,Male,Yes,0,Graduate,No,Unemployed,0.0,2290.0,0.0,10.1,360,755.0,0,0.01,1,Rural,181600.0,7.1,9010.0,Approved
APP102678,50,Female,Yes,1,Not Graduate,,Salaried,5.3,3730.0,1830.0,23.2,84,762.0,0,0.522,1,Urban,36700.0,1.5,1130.0,Rejected
APP104355,44,Male,No,0,Not Graduate,No,Salaried,1.2,3040.0,2660.0,33.1,120,730.0,1,0.332,1,Urban,19300.0,12.4,2940.0,Approved
APP104823,50,Female,No,0,Not Graduate,No,Salaried,1.3,4680.0,860.0,15.2,84,798.0,1,0.54,1,Rural,10700.0,7.1,12110.0,Approved
APP104471,43,Female,Yes,2,Graduate,Yes,Unemployed,0.0,5620.0,800.0,24.3,36,511.0,2,0.274,1,Urban,21900.0,0.4,2380.0,Rejected
APP103382,41,Male,Yes,0,Not Graduate,Yes,Salaried,0.4,4840.0,0.0,18.1,60,780.0,1,0.071,0,Semiurban,119100.0,3.6,15090.0,Approved
APP103532,35,Male,Yes,0,Graduate,No,Salaried,1.0,4760.0,790.0,16.2,84,727.0,1,0.09,1,Urban,41900.0,7.9,3790.0,Approved
APP103628,21,Male,No,0,Not Graduate,No,Salaried,18.5,1200.0,1290.0,10.0,240,673.0,0,0.501,1,Urban,19700.0,0.0,3700.0,Approved
APP102002,58,Male,Yes,0,Not Graduate,No,Salaried,0.6,5470.0,1120.0,29.6,360,695.0,0,0.211,1,Semiurban,40400.0,7.5,1880.0,Approved
APP103435,23,Female,Yes,0,Graduate,No,Business Owner,10.4,5860.0,4960.0,59.1,240,689.0,0,0.227,1,Semiurban,38500.0,12.2,11930.0,Approved
APP103447,55,Male,Yes,0,Not Graduate,No,Self-Employed,4.1,1930.0,1950.0,15.6,36,572.0,3,0.277,1,Urban,429300.0,7.3,6070.0,Approved
APP103822,47,Female,Yes,0,Graduate,No,Salaried,0.6,7770.0,2170.0,45.2,240,,0,0.245,1,Rural,20800.0,2.9,8740.0,Rejected
APP100430,53,Female,Yes,0,Not Graduate,No,Salaried,1.6,6650.0,2530.0,17.4,60,827.0,0,0.135,0,Urban,35100.0,3.5,3540.0,Approved
APP104560,21,Male,Yes,0,Not Graduate,No,Self-Employed,5.8,10470.0,0.0,59.5,120,648.0,2,0.448,1,Semiurban,64600.0,1.6,11280.0,Rejected
APP102080,45,Female,No,,Graduate,No,Salaried,5.2,3500.0,0.0,10.0,240,757.0,2,0.236,1,Urban,70400.0,4.3,41310.0,Approved
APP101366,23,Male,Yes,0,Graduate,No,Salaried,14.8,1810.0,3370.0,25.2,360,552.0,0,0.343,0,Semiurban,32700.0,1.1,2170.0,Rejected
APP100173,50,Female,Yes,0,Not Graduate,Yes,Salaried,6.2,3520.0,1370.0,22.0,240,791.0,1,0.109,1,Rural,16300.0,13.2,2020.0,Approved
APP102910,34,Female,Yes,0,Not Graduate,No,Business Owner,6.2,2700.0,3290.0,16.3,36,737.0,1,0.552,1,Semiurban,33500.0,13.4,8210.0,Rejected
APP101176,56,Female,Yes,0,Graduate,No,Business Owner,12.4,2030.0,0.0,11.1,36,,0,0.373,1,Rural,72000.0,3.5,12840.0,Approved
APP103399,29,Male,Yes,,Not Graduate,No,Self-Employed,1.3,4380.0,1610.0,,36,673.0,0,0.238,1,Semiurban,33200.0,10.5,18710.0,Rejected
APP101476,45,Female,Yes,1,Graduate,No,Self-Employed,8.8,12430.0,0.0,50.7,60,614.0,3,0.373,1,Semiurban,79900.0,2.0,18160.0,Rejected
APP103939,48,Female,No,0,Graduate,No,Salaried,3.8,3020.0,1590.0,10.0,120,543.0,2,0.304,1,Semiurban,45000.0,1.6,28350.0,Approved
APP103565,37,Female,No,0,Not Graduate,No,Salaried,0.6,2980.0,2430.0,19.3,60,745.0,0,0.164,1,Semiurban,24600.0,3.4,8950.0,Approved
APP100102,29,Female,No,0,Graduate,Yes,Salaried,4.9,3660.0,1750.0,17.6,120,619.0,1,0.616,1,Urban,40600.0,6.7,1560.0,Rejected
APP103412,55,Female,No,1,Graduate,No,Unemployed,0.0,6920.0,1150.0,48.3,12,543.0,1,0.447,1,Urban,43700.0,2.0,15140.0,Rejected
APP103264,35,Male,Yes,0,Graduate,No,Salaried,4.6,6610.0,0.0,36.2,180,762.0,1,0.168,1,Urban,30600.0,1.8,24260.0,Approved
APP101263,23,Male,Yes,0,Not Graduate,No,Salaried,1.5,2450.0,0.0,10.0,12,828.0,0,0.305,1,Semiurban,90700.0,0.9,7880.0,Approved
APP102940,33,Male,No,0,Not Graduate,Yes,Salaried,1.8,5140.0,840.0,31.5,12,740.0,1,0.543,1,Rural,178300.0,2.9,30780.0,Approved
APP103962,30,Female,No,1,Not Graduate,No,Self-Employed,3.8,3360.0,3070.0,26.8,36,662.0,1,0.12,0,Semiurban,,2.7,8580.0,Rejected
APP102572,32,Male,Yes,,Not Graduate,Yes,Business Owner,1.0,1200.0,1420.0,13.7,60,636.0,2,0.294,0,Urban,31700.0,1.6,1850.0,Rejected
APP104705,41,Female,Yes,0,Graduate,Yes,Business Owner,5.1,3160.0,8980.0,55.6,84,,1,0.094,1,Semiurban,17400.0,6.4,5450.0,Rejected
APP102794,40,Female,Yes,0,Not Graduate,No,Salaried,0.4,5650.0,1360.0,38.7,60,,0,0.149,1,Urban,20200.0,2.1,6470.0,Rejected
APP103365,34,Male,Yes,2,Graduate,No,Self-Employed,9.3,4690.0,1280.0,22.6,360,646.0,0,0.158,1,Semiurban,38000.0,8.6,7240.0,Rejected
APP104545,33,Female,Yes,1,Graduate,No,Salaried,3.1,5680.0,1810.0,,84,530.0,1,0.155,1,Semiurban,46600.0,8.7,5440.0,Rejected
APP103755,41,Female,No,2,Graduate,No,Self-Employed,18.0,7650.0,0.0,17.4,12,583.0,0,0.242,1,Semiurban,94400.0,1.0,890.0,Approved
APP101643,41,Female,Yes,0,Graduate,No,Self-Employed,7.1,3250.0,710.0,19.2,120,,0,0.162,1,Semiurban,22200.0,10.3,2410.0,Approved
APP104550,55,Female,Yes,0,Graduate,No,Business Owner,17.0,2430.0,2410.0,12.2,180,473.0,0,0.443,1,Rural,33300.0,6.5,11240.0,Rejected
APP100000,21,Male,No,1,Not Graduate,No,Business Owner,2.7,2260.0,1010.0,10.0,60,527.0,2,0.279,1,Rural,48300.0,1.3,9210.0,Rejected
APP101580,49,Female,Yes,0,Not Graduate,No,Self-Employed,7.2,5660.0,0.0,17.6,180,667.0,0,0.33,1,Rural,24500.0,2.1,1190.0,Rejected
APP104466,35,Male,Yes,,Graduate,No,Salaried,2.6,11390.0,1850.0,76.7,180,,1,0.177,1,Semiurban,,6.3,7660.0,Approved
APP104453,21,Male,Yes,0,Not Graduate,No,Unemployed,0.0,3530.0,0.0,10.0,180,690.0,1,0.195,1,Urban,34100.0,6.4,1880.0,Rejected
APP101356,63,Female,Yes,2,Graduate,No,Self-Employed,12.4,3770.0,4320.0,28.0,12,738.0,0,0.243,1,Semiurban,68600.0,2.1,1960.0,Approved
APP103459,55,Male,Yes,3+,Not Graduate,No,Salaried,2.0,2200.0,4330.0,12.6,36,530.0,0,0.067,1,Urban,64000.0,2.8,10330.0,Rejected
APP102123,21,Female,No,0,Graduate,No,Business Owner,11.3,3500.0,1770.0,12.9,240,809.0,2,0.593,1,Urban,135500.0,6.7,23620.0,Approved
APP102277,49,Male,No,2,Graduate,No,Salaried,1.4,3620.0,3410.0,37.7,12,803.0,2,0.32,1,Urban,26100.0,2.0,1030.0,Approved
APP102078,34,Female,Yes,3+,Graduate,Yes,Salaried,1.2,3920.0,0.0,10.0,12,822.0,0,0.29,1,Semiurban,22300.0,3.2,26710.0,Approved
APP104365,39,Female,No,0,Graduate,No,Salaried,4.0,8260.0,0.0,43.5,180,690.0,0,0.294,1,Urban,62900.0,12.0,1380.0,Approved
APP100396,36,Female,Yes,0,Not Graduate,No,Unemployed,0.0,6980.0,3320.0,38.5,84,715.0,0,0.253,1,Semiurban,38200.0,2.5,8590.0,Rejected
APP103529,37,Male,Yes,0,Graduate,No,Business Owner,2.3,7110.0,1600.0,13.3,240,649.0,2,0.619,1,Urban,39300.0,5.4,33100.0,Rejected
APP101064,42,Male,Yes,0,Graduate,No,Business Owner,1.6,6750.0,2230.0,29.0,60,633.0,0,0.171,1,Urban,35500.0,5.4,11060.0,Approved
APP102404,40,Male,No,0,Not Graduate,No,Unemployed,0.0,12950.0,3300.0,83.9,12,695.0,1,0.099,1,Urban,33300.0,1.0,8880.0,Rejected
APP104215,45,Female,Yes,,Graduate,No,Salaried,0.3,2050.0,660.0,13.9,180,643.0,1,0.6,1,Rural,41200.0,1.7,1550.0,Rejected
APP102195,34,Female,Yes,3+,Not Graduate,No,Salaried,6.7,4650.0,0.0,23.4,240,668.0,0,0.149,1,Rural,42000.0,11.0,4200.0,Rejected
APP100818,50,Male,Yes,1,Not Graduate,No,Salaried,3.1,4040.0,2280.0,15.7,60,544.0,1,0.39,1,Urban,49700.0,5.7,1880.0,Rejected
APP101812,39,Female,No,2,Not Graduate,No,Salaried,6.3,3100.0,1130.0,13.1,360,574.0,0,0.312,0,Urban,29400.0,8.7,29370.0,Rejected
APP102620,34,Male,No,1,Not Graduate,No,Salaried,1.1,4390.0,0.0,25.7,360,717.0,1,0.238,1,Semiurban,221700.0,8.2,2940.0,Approved
APP101552,43,Female,Yes,3+,Graduate,No,Salaried,2.9,4800.0,0.0,24.6,36,667.0,1,0.167,1,Rural,13300.0,4.5,12340.0,Rejected
APP103184,52,Female,Yes,1,Graduate,No,Salaried,0.3,5680.0,2560.0,22.1,120,592.0,2,0.165,1,Semiurban,26400.0,10.2,1360.0,Rejected
APP100816,33,Male,No,2,Not Graduate,No,Salaried,5.5,4480.0,0.0,26.4,36,717.0,0,0.231,1,Semiurban,,32.8,16790.0,Approved
APP101572,49,Female,Yes,2,Graduate,No,Business Owner,0.4,1200.0,0.0,10.0,84,725.0,0,0.052,1,Urban,55900.0,5.7,7730.0,Approved
APP103027,33,Male,Yes,1,Not Graduate,No,Salaried,2.3,6220.0,4190.0,26.0,60,770.0,0,0.181,1,Urban,10100.0,3.7,2560.0,Approved
APP101800,43,Male,No,1,Graduate,No,Salaried,6.0,1430.0,1270.0,10.0,60,619.0,0,0.36,1,Rural,43500.0,10.5,14990.0,Rejected
APP104331,66,Female,Yes,3+,Not Graduate,Yes,Business Owner,0.4,2550.0,0.0,11.8,84,582.0,1,0.235,1,Semiurban,19900.0,39.8,3000.0,Rejected
APP100381,56,Male,Yes,1,Not Graduate,No,Salaried,2.5,6600.0,4770.0,48.7,12,525.0,0,0.271,1,Semiurban,18600.0,9.8,1950.0,Rejected
APP104532,56,Male,Yes,0,Not Graduate,No,Salaried,4.6,11970.0,1730.0,52.3,180,763.0,0,0.348,1,Semiurban,14600.0,2.9,7010.0,Approved
APP103897,31,Female,Yes,3+,Graduate,No,Unemployed,0.0,10690.0,0.0,61.8,36,558.0,1,0.304,0,Urban,70600.0,0.9,4730.0,Rejected
APP102955,47,Male,Yes,1,Graduate,No,Business Owner,2.0,4400.0,3340.0,39.4,36,715.0,3,0.412,1,Rural,32800.0,17.3,450.0,Rejected
APP103573,36,Female,No,1,Graduate,No,Salaried,15.4,4320.0,0.0,11.2,36,648.0,0,0.228,1,Rural,21000.0,29.3,1700.0,Approved
APP102948,42,Male,Yes,1,Not Graduate,,Salaried,9.3,2940.0,710.0,11.6,60,575.0,1,0.3,1,Semiurban,28200.0,18.8,4730.0,Rejected
APP104368,33,Female,No,3+,Graduate,No,Salaried,14.5,2310.0,820.0,11.1,120,597.0,0,0.295,1,Semiurban,48800.0,1.9,1040.0,Approved
APP101780,31,Female,Yes,0,Graduate,No,Business Owner,3.9,2680.0,3810.0,23.8,36,753.0,0,0.206,1,Urban,40200.0,2.3,4250.0,Approved
APP102780,30,Male,Yes,0,Graduate,No,Self-Employed,7.4,4480.0,0.0,13.0,84,584.0,1,0.073,1,Urban,25500.0,1.8,10480.0,Approved
APP102481,34,Male,Yes,0,Graduate,No,Salaried,6.2,2310.0,0.0,10.0,180,665.0,1,0.108,1,Semiurban,32200.0,0.7,1560.0,Rejected
APP102377,44,Female,No,2,Graduate,No,Salaried,4.6,5310.0,0.0,14.4,180,646.0,1,0.233,1,Semiurban,16600.0,1.1,1170.0,Rejected
APP100864,46,Female,Yes,0,Graduate,No,Unemployed,0.0,14680.0,0.0,30.9,60,617.0,2,0.455,1,Urban,59600.0,9.5,1540.0,Rejected
APP103082,54,Female,Yes,0,Not Graduate,Yes,Salaried,0.6,4740.0,1340.0,32.8,60,635.0,1,0.249,1,Rural,32700.0,1.1,2220.0,Rejected
APP103970,33,Male,No,3+,Not Graduate,No,Salaried,9.2,3120.0,1640.0,20.6,120,640.0,2,0.214,1,Rural,52800.0,3.4,9360.0,Rejected
APP100554,40,Female,No,,Graduate,No,Salaried,16.5,9560.0,1390.0,19.8,360,765.0,2,0.227,1,Urban,84100.0,1.3,920.0,Approved
APP101159,48,Female,Yes,0,Not Graduate,No,Business Owner,2.0,2880.0,0.0,16.8,240,682.0,0,0.458,1,Urban,38600.0,7.6,21020.0,Rejected
APP101213,49,Male,Yes,0,Graduate,No,Self-Employed,5.6,2050.0,0.0,10.0,240,566.0,3,0.277,1,Semiurban,153400.0,16.0,1980.0,Rejected
APP102603,42,Male,Yes,1,Not Graduate,No,Business Owner,4.4,1720.0,1770.0,10.0,84,559.0,0,0.327,1,Urban,81800.0,9.5,4210.0,Approved
APP103671,39,Female,No,,Graduate,No,Self-Employed,3.1,8430.0,0.0,31.4,12,642.0,1,0.147,1,Semiurban,36800.0,5.1,1370.0,Approved
APP100048,43,Female,No,0,Not Graduate,Yes,Self-Employed,1.6,1450.0,0.0,10.0,12,782.0,1,0.08,1,Rural,40500.0,5.1,1390.0,Approved
APP102985,21,Male,No,2,Graduate,No,Salaried,4.1,4220.0,0.0,15.3,60,649.0,2,0.135,0,Rural,18000.0,8.8,5030.0,Rejected
APP100700,50,Female,No,3+,Graduate,No,Salaried,13.1,3880.0,4670.0,45.8,36,845.0,2,0.302,1,Semiurban,89200.0,4.3,2010.0,Approved
APP100652,53,Female,No,3+,Not Graduate,No,Business Owner,3.6,4200.0,0.0,10.0,36,554.0,0,0.139,1,Urban,32900.0,3.3,3090.0,Rejected
APP103221,48,Female,No,3+,Not Graduate,No,Business Owner,1.4,1810.0,3620.0,25.9,84,619.0,2,0.234,0,Urban,24500.0,4.2,1920.0,Rejected
APP103131,45,Male,No,2,Not Graduate,No,Salaried,2.5,4950.0,0.0,16.0,120,650.0,0,0.285,1,Urban,34600.0,10.2,2380.0,Approved
APP103377,56,Male,No,0,Not Graduate,No,Salaried,5.5,2230.0,950.0,10.0,180,804.0,1,0.181,1,Urban,79100.0,6.9,16600.0,Approved
APP100748,32,Male,Yes,1,Not Graduate,No,Salaried,10.3,3280.0,1220.0,25.9,36,418.0,0,0.191,1,Urban,31900.0,2.2,1560.0,Rejected
APP101455,58,Female,Yes,2,Graduate,No,Unemployed,0.0,1670.0,0.0,10.0,84,578.0,0,0.078,1,Urban,13900.0,9.6,19130.0,Rejected
APP104238,42,Male,Yes,1,Graduate,No,Self-Employed,0.3,3630.0,1170.0,18.3,36,900.0,0,0.089,1,Semiurban,27000.0,2.4,3490.0,Approved
APP102251,24,Female,Yes,2,Not Graduate,No,Business Owner,1.6,7330.0,4060.0,66.0,360,666.0,1,0.447,1,Rural,15700.0,2.6,8960.0,Rejected
APP102059,37,Male,Yes,2,Graduate,No,Unemployed,0.0,4190.0,0.0,10.0,60,692.0,0,0.362,1,Semiurban,50700.0,1.7,14740.0,Rejected
APP100866,42,Male,Yes,0,Not Graduate,No,Self-Employed,5.9,2530.0,0.0,13.1,84,616.0,1,0.065,1,Semiurban,45900.0,1.4,3350.0,Rejected
APP100752,55,Male,No,,Graduate,No,Self-Employed,0.9,2850.0,0.0,12.2,60,676.0,1,0.392,1,Semiurban,70300.0,0.1,1920.0,Rejected
APP101644,32,Female,Yes,0,Graduate,No,Unemployed,0.0,3540.0,2250.0,16.9,360,,1,0.485,1,Rural,55900.0,2.0,1170.0,Rejected
APP100092,33,Male,Yes,0,Graduate,No,Business Owner,3.4,13500.0,0.0,47.3,180,658.0,2,0.131,1,Semiurban,72900.0,13.3,5320.0,Approved
APP102881,34,Male,No,3+,Graduate,Yes,Salaried,1.5,1240.0,490.0,10.0,120,634.0,1,0.233,1,Urban,10100.0,8.1,5940.0,Rejected
APP103164,45,Male,Yes,,Graduate,No,Salaried,1.4,10330.0,0.0,40.8,120,378.0,0,0.236,1,Semiurban,,13.9,1530.0,Rejected
APP102476,29,Female,No,1,Graduate,No,Self-Employed,1.2,4070.0,0.0,10.5,12,699.0,0,0.01,1,Urban,20600.0,7.6,6070.0,Approved
APP103903,21,Female,Yes,2,Graduate,No,Salaried,5.9,3720.0,1000.0,26.1,120,571.0,0,0.333,1,Semiurban,17300.0,2.1,880.0,Rejected
APP101490,42,Male,Yes,0,Graduate,No,Salaried,16.3,6430.0,0.0,28.7,60,684.0,1,0.368,1,Urban,18500.0,1.6,2810.0,Rejected
APP102954,42,Female,No,1,Graduate,No,Self-Employed,1.7,5680.0,3200.0,26.1,180,723.0,2,0.263,1,Urban,44900.0,3.4,1730.0,Approved
APP104269,27,Male,Yes,1,Not Graduate,No,Self-Employed,4.7,1250.0,1260.0,10.0,84,551.0,2,0.126,1,Rural,48800.0,0.9,8340.0,Rejected
APP100729,52,Female,No,0,Graduate,No,Business Owner,1.4,10740.0,2560.0,69.4,240,625.0,2,0.167,1,Rural,18500.0,3.6,19080.0,Rejected
APP102771,33,Male,Yes,0,Not Graduate,Yes,Business Owner,0.5,1200.0,0.0,10.0,12,,1,0.313,1,Urban,35400.0,3.6,9490.0,Rejected
APP102518,43,Male,Yes,0,Graduate,No,Salaried,13.7,5710.0,1360.0,,12,592.0,2,0.325,1,Rural,48100.0,3.9,33660.0,Approved
APP103805,26,Male,Yes,0,Graduate,No,Salaried,1.7,12870.0,1130.0,69.6,360,567.0,0,0.169,1,Rural,40000.0,3.7,5550.0,Approved
APP101936,46,Female,No,0,Graduate,No,Salaried,14.0,6540.0,0.0,12.9,240,738.0,0,0.328,1,Semiurban,140000.0,2.4,3740.0,Approved
APP101745,22,Male,No,3+,Not Graduate,Yes,Salaried,0.0,3160.0,0.0,16.8,360,661.0,0,0.12,1,Urban,16900.0,2.7,2530.0,Approved
APP103567,21,Male,Yes,0,Graduate,No,Salaried,20.9,3140.0,2480.0,,60,676.0,0,0.029,1,Rural,41600.0,1.7,1950.0,Approved
APP103379,41,Female,No,1,Not Graduate,No,Salaried,7.7,5990.0,0.0,10.5,84,595.0,0,0.159,1,Semiurban,14500.0,12.8,1970.0,Approved
APP103631,25,Female,No,1,Not Graduate,No,Unemployed,0.0,2800.0,3400.0,35.6,60,645.0,0,0.093,1,Semiurban,55400.0,5.7,1250.0,Rejected
APP101957,29,Male,Yes,1,Graduate,No,Salaried,5.3,3690.0,0.0,15.1,84,718.0,1,0.355,1,Semiurban,64400.0,10.1,6970.0,Approved
APP101110,42,Female,Yes,0,Graduate,Yes,Salaried,1.3,1810.0,780.0,14.3,36,674.0,1,0.268,1,Urban,86200.0,6.3,2640.0,Approved
APP103405,38,Female,Yes,0,Not Graduate,No,Salaried,1.7,3010.0,0.0,14.2,180,766.0,1,0.075,1,Urban,27500.0,3.4,19880.0,Approved
APP104109,46,Male,No,0,Graduate,No,Self-Employed,15.6,1680.0,2630.0,22.9,60,683.0,2,0.302,1,Urban,51000.0,4.7,550.0,Rejected
APP104516,35,Male,Yes,3+,Graduate,No,Business Owner,1.0,4040.0,0.0,12.1,84,628.0,0,0.213,1,Semiurban,33000.0,2.0,9080.0,Approved
APP104817,39,Male,No,0,Graduate,Yes,Self-Employed,6.8,7060.0,0.0,21.6,240,529.0,2,0.154,0,Semiurban,8800.0,5.0,390.0,Rejected
APP100346,44,Male,Yes,1,Not Graduate,No,Salaried,5.9,5040.0,0.0,,12,627.0,0,0.616,1,Urban,35200.0,1.9,3830.0,Rejected
APP101185,32,Male,Yes,0,Not Graduate,No,Business Owner,1.7,2410.0,4100.0,37.1,84,635.0,1,0.454,1,Urban,65400.0,1.6,3020.0,Rejected
APP104066,58,Male,No,1,Graduate,No,Salaried,7.4,1730.0,0.0,10.4,60,589.0,3,0.429,1,Urban,15500.0,9.4,11420.0,Rejected
APP104085,47,Male,Yes,1,Not Graduate,Yes,Salaried,8.1,3650.0,0.0,10.0,360,,1,0.164,1,Rural,26400.0,3.6,13940.0,Rejected
APP101515,43,Female,Yes,0,Graduate,No,Salaried,3.1,8930.0,0.0,50.8,180,587.0,0,0.4,1,Urban,,4.2,19040.0,Rejected
APP104716,39,Female,Yes,2,Graduate,No,Salaried,17.9,1700.0,1710.0,17.7,240,584.0,0,0.269,0,Urban,36600.0,15.6,3930.0,Rejected
APP100578,22,Male,Yes,0,Not Graduate,No,Salaried,4.6,2670.0,1580.0,10.2,360,661.0,1,0.369,1,Rural,18800.0,2.1,3810.0,Rejected
APP101964,22,Male,Yes,1,Not Graduate,Yes,Salaried,2.7,5270.0,3670.0,47.4,12,614.0,2,0.291,1,Semiurban,19300.0,6.4,4810.0,Rejected
APP100075,29,Female,No,3+,Graduate,No,Self-Employed,20.5,10870.0,1510.0,47.9,36,527.0,2,0.114,1,Semiurban,27700.0,1.5,5980.0,Rejected
APP101429,21,Male,No,0,Graduate,Yes,Salaried,3.5,1810.0,870.0,11.9,180,595.0,0,0.393,1,Semiurban,25000.0,7.4,1480.0,Rejected
APP104393,33,Male,No,3+,Not Graduate,No,Salaried,5.2,3880.0,0.0,19.0,60,687.0,0,0.129,1,Semiurban,41500.0,12.7,20830.0,Approved
APP104959,31,Female,Yes,0,Not Graduate,No,Salaried,7.4,3560.0,0.0,14.9,180,683.0,0,0.534,1,Rural,29600.0,6.8,5950.0,Approved
APP104052,49,Female,No,0,Graduate,No,Unemployed,0.0,2980.0,0.0,17.1,36,603.0,1,0.142,1,Urban,23700.0,6.8,3600.0,Rejected
APP104133,27,Male,Yes,0,Graduate,No,Salaried,12.4,4340.0,1470.0,18.1,360,577.0,0,0.382,1,Semiurban,49000.0,16.1,3400.0,Approved
APP101846,23,Male,No,0,Graduate,No,Self-Employed,5.7,1200.0,2290.0,10.0,360,794.0,0,0.1,0,Urban,69400.0,10.3,21730.0,Approved
APP100131,30,Male,Yes,1,Not Graduate,Yes,Salaried,6.1,4690.0,0.0,23.3,60,,1,0.334,0,Rural,15700.0,3.6,960.0,Rejected
APP100178,41,Male,Yes,0,Not Graduate,No,Unemployed,0.0,1810.0,0.0,10.0,180,533.0,0,0.385,1,Urban,28600.0,3.0,670.0,Rejected
APP104511,36,Male,No,1,Graduate,No,Unemployed,0.0,3810.0,0.0,20.0,60,672.0,2,0.35,1,Semiurban,21700.0,1.5,3810.0,Rejected
APP102748,21,Male,Yes,0,Graduate,No,Salaried,0.8,7780.0,660.0,37.2,60,783.0,0,0.223,1,Urban,193000.0,2.1,1680.0,Approved
APP102569,36,Female,Yes,0,Not Graduate,No,Salaried,7.5,1210.0,4300.0,21.0,84,728.0,0,0.192,1,Urban,32300.0,1.9,3890.0,Approved
APP102417,39,Female,Yes,0,Graduate,No,Unemployed,0.0,13000.0,1690.0,,120,578.0,1,0.338,1,Semiurban,41200.0,8.4,43480.0,Rejected
APP104622,43,Female,No,0,Not Graduate,No,Unemployed,0.0,4390.0,3230.0,17.8,360,561.0,0,0.277,1,Rural,78300.0,12.3,3560.0,Rejected
APP100658,40,Female,Yes,0,Graduate,Yes,Salaried,1.6,7400.0,3270.0,17.3,84,745.0,0,0.159,1,Urban,22200.0,3.8,5010.0,Approved
APP101896,32,Female,Yes,0,Not Graduate,No,Salaried,1.0,5940.0,0.0,26.7,360,653.0,2,0.416,1,Rural,252400.0,1.2,4510.0,Approved
APP103384,36,Female,No,3+,Graduate,Yes,Unemployed,0.0,6060.0,6990.0,55.0,12,830.0,3,0.196,1,Urban,46500.0,2.8,9200.0,Approved
APP103163,32,Female,Yes,1,Not Graduate,No,Business Owner,0.7,11650.0,3400.0,,36,692.0,1,0.152,1,Rural,20800.0,12.3,39750.0,Approved
APP100342,22,Male,Yes,2,Not Graduate,No,Salaried,2.0,2330.0,4020.0,20.4,12,691.0,2,0.282,0,Urban,190600.0,31.2,3560.0,Approved
APP104498,42,Male,Yes,0,Not Graduate,No,Self-Employed,3.8,4400.0,2460.0,22.6,240,784.0,1,0.138,0,Urban,25800.0,2.4,6050.0,Rejected
APP100727,38,Female,Yes,0,Graduate,No,Self-Employed,0.8,4630.0,1580.0,19.4,360,584.0,1,0.699,1,Semiurban,,10.7,4360.0,Rejected
APP103856,53,Male,No,0,Not Graduate,No,Salaried,13.3,8430.0,0.0,20.1,36,654.0,1,0.403,1,Semiurban,19200.0,0.2,4100.0,Rejected
APP100976,21,Male,Yes,0,Graduate,No,Salaried,8.0,5020.0,0.0,17.4,360,692.0,0,0.537,0,Rural,30100.0,2.6,2410.0,Rejected
APP102418,34,Male,Yes,0,Graduate,,Salaried,5.0,7620.0,0.0,36.5,240,682.0,0,0.296,0,Urban,39800.0,6.5,1250.0,Rejected
APP104421,34,Female,Yes,3+,Graduate,Yes,Salaried,18.1,4390.0,2960.0,19.1,360,662.0,0,0.135,1,Semiurban,194700.0,28.3,6370.0,Approved
APP101928,34,Male,No,0,Graduate,No,Business Owner,1.5,10750.0,1340.0,67.9,180,784.0,0,0.31,1,Rural,59900.0,6.0,1860.0,Approved
APP102664,58,Male,Yes,0,Graduate,Yes,Self-Employed,4.4,1940.0,1740.0,14.9,84,626.0,1,0.226,1,Urban,18200.0,5.0,10810.0,Rejected
APP104912,28,Male,Yes,0,Graduate,No,Salaried,2.0,4770.0,1680.0,15.9,180,545.0,1,0.131,1,Urban,5100.0,5.9,5950.0,Rejected
APP101299,69,Male,Yes,0,Graduate,No,Salaried,4.1,11590.0,0.0,46.1,12,612.0,0,0.184,1,Urban,73100.0,3.1,16870.0,Approved
APP104704,43,Male,Yes,2,Graduate,No,Salaried,6.7,8010.0,0.0,33.5,120,543.0,0,0.043,1,Semiurban,22100.0,5.9,7940.0,Rejected
APP104645,42,Female,No,3+,Not Graduate,No,Salaried,5.4,1200.0,0.0,10.0,84,680.0,1,0.122,1,Rural,38500.0,2.2,3680.0,Rejected
APP100660,42,Female,Yes,0,Graduate,No,Self-Employed,4.8,2000.0,2980.0,20.3,120,603.0,0,0.181,1,Urban,16400.0,6.7,2050.0,Rejected
APP104047,49,Male,No,0,Graduate,No,Salaried,0.9,4960.0,0.0,13.1,36,752.0,0,0.205,1,Semiurban,16900.0,0.5,9530.0,Approved
APP102438,22,Male,Yes,0,Graduate,No,Unemployed,0.0,2530.0,0.0,13.7,360,563.0,0,0.175,1,Semiurban,34900.0,0.4,2980.0,Rejected
APP103706,31,Male,Yes,0,Graduate,Yes,Unemployed,0.0,3010.0,1730.0,,240,,1,0.08,1,Rural,69800.0,9.1,1270.0,Rejected
APP103036,25,Male,No,3+,Graduate,No,Self-Employed,0.5,3870.0,5060.0,26.3,60,774.0,0,0.074,1,Semiurban,29900.0,5.4,16870.0,Approved
APP102233,47,Female,Yes,1,Not Graduate,No,Business Owner,10.8,4580.0,2450.0,25.1,12,663.0,0,0.185,1,Semiurban,34600.0,3.7,3280.0,Approved
APP103113,38,Male,Yes,0,Not Graduate,No,Salaried,0.6,2930.0,0.0,10.8,60,756.0,1,0.104,1,Semiurban,23300.0,6.3,350.0,Approved
APP103998,39,Female,Yes,0,Graduate,No,Business Owner,1.7,2420.0,0.0,12.9,360,587.0,1,0.437,1,Semiurban,97500.0,0.6,1210.0,Rejected
APP103668,40,Male,Yes,,Graduate,No,Self-Employed,7.2,4230.0,2680.0,13.7,36,767.0,1,0.4,1,Urban,68400.0,3.6,13160.0,Approved
APP103256,48,Male,Yes,0,Graduate,No,Business Owner,7.8,2880.0,2290.0,16.5,60,693.0,1,0.273,1,Rural,68800.0,2.8,5500.0,Approved
APP101278,48,Female,Yes,0,Not Graduate,No,Self-Employed,13.9,5710.0,0.0,27.9,360,551.0,1,0.305,1,Semiurban,16300.0,26.6,840.0,Rejected
APP103133,53,Male,Yes,1,Graduate,No,Business Owner,19.8,1770.0,1370.0,10.0,36,723.0,0,0.206,1,Urban,25800.0,0.1,3880.0,Approved
APP101621,35,Male,Yes,0,Graduate,No,Self-Employed,0.7,6050.0,3760.0,40.9,36,698.0,0,0.261,1,Rural,54100.0,2.2,17350.0,Approved
APP103075,33,Female,No,3+,Not Graduate,No,Salaried,0.0,3080.0,1440.0,21.3,84,593.0,1,0.232,1,Semiurban,134600.0,10.3,5670.0,Approved
APP102133,43,Male,No,0,Not Graduate,No,Unemployed,0.0,1830.0,1690.0,17.7,36,611.0,1,0.15,1,Semiurban,46400.0,0.7,5430.0,Rejected
APP100067,38,Female,No,1,Graduate,,Unemployed,0.0,4520.0,1000.0,10.0,84,779.0,2,0.185,1,Urban,58400.0,1.1,5230.0,Approved
APP104740,32,Male,Yes,0,Graduate,No,Business Owner,1.0,1420.0,0.0,10.0,240,628.0,1,0.054,1,Semiurban,18200.0,7.9,4710.0,Approved
APP102167,30,Male,No,3+,Graduate,No,Salaried,1.2,4030.0,1030.0,21.5,84,,1,0.184,1,Rural,64900.0,2.4,1160.0,Rejected
APP104745,33,Female,No,2,Graduate,No,Salaried,7.8,4250.0,660.0,10.4,84,735.0,0,0.41,1,Semiurban,432000.0,0.2,2340.0,Approved
APP100820,48,Female,No,0,Graduate,No,Salaried,9.0,2920.0,1230.0,19.4,36,,0,0.172,0,Semiurban,89900.0,4.7,5750.0,Approved
APP101226,37,Female,Yes,0,Graduate,No,Salaried,3.8,9840.0,0.0,30.0,180,594.0,0,0.216,1,Rural,32900.0,0.6,6020.0,Rejected
APP103185,29,Male,Yes,0,Graduate,No,Business Owner,4.5,3170.0,0.0,10.0,360,445.0,2,0.407,1,Urban,30900.0,13.9,5960.0,Rejected
APP104890,44,Male,No,,Graduate,No,Business Owner,4.3,15310.0,2360.0,56.4,60,622.0,1,0.13,1,Semiurban,55400.0,3.0,2170.0,Approved
APP102957,41,Female,Yes,0,Graduate,No,Salaried,2.4,4670.0,0.0,14.0,120,632.0,2,0.408,1,Urban,38800.0,0.0,22600.0,Rejected
APP104502,21,Male,Yes,2,Graduate,No,Salaried,4.5,3590.0,2620.0,24.5,240,530.0,1,0.293,1,Semiurban,26600.0,7.6,15870.0,Rejected
APP104313,33,Female,Yes,0,Not Graduate,No,Self-Employed,10.4,2760.0,0.0,15.4,120,822.0,2,0.28,1,Urban,28700.0,2.7,10660.0,Approved
APP104145,21,Female,No,1,Graduate,No,Salaried,12.1,8370.0,790.0,51.2,360,586.0,0,0.128,1,Semiurban,28800.0,7.1,3510.0,Approved
APP101143,43,Female,Yes,,Not Graduate,No,Business Owner,3.6,10910.0,1570.0,55.0,36,683.0,0,0.121,1,Semiurban,22200.0,0.3,7320.0,Approved
APP100397,31,Male,Yes,3+,Graduate,No,Salaried,0.2,5240.0,0.0,15.1,180,488.0,0,0.018,1,Semiurban,31700.0,6.4,8200.0,Approved
APP104243,44,Female,Yes,0,Graduate,No,Salaried,11.7,11050.0,0.0,22.1,84,667.0,0,0.16,1,Urban,39200.0,1.1,2020.0,Approved
APP104345,26,Male,Yes,0,Not Graduate,No,Self-Employed,1.6,3070.0,6740.0,54.3,12,564.0,1,0.319,1,Semiurban,14600.0,1.6,1360.0,Rejected
APP104419,21,Female,Yes,2,Graduate,No,Business Owner,35.0,5390.0,0.0,21.0,60,459.0,1,0.424,1,Rural,40800.0,2.8,18500.0,Rejected
APP101398,44,Male,Yes,2,Graduate,No,Salaried,1.7,2390.0,0.0,12.1,36,669.0,0,0.381,1,Semiurban,22200.0,1.3,2920.0,Approved
APP101659,43,Male,No,2,Graduate,No,Salaried,11.5,5420.0,0.0,20.0,180,734.0,0,0.434,1,Rural,16100.0,15.0,7430.0,Approved
APP100979,44,Female,Yes,2,Graduate,No,Business Owner,10.9,7640.0,0.0,40.5,84,623.0,2,0.369,1,Rural,40700.0,4.3,17420.0,Approved
APP101298,38,Male,No,1,Not Graduate,No,Unemployed,0.0,2880.0,850.0,19.4,240,562.0,0,0.165,1,Urban,27600.0,10.2,940.0,Rejected
APP103660,35,Male,Yes,3+,Graduate,No,Unemployed,0.0,5910.0,2670.0,48.3,60,647.0,1,0.148,0,Rural,39000.0,1.0,2460.0,Rejected
APP100082,44,Male,Yes,,Not Graduate,No,Business Owner,0.5,2890.0,1220.0,12.3,36,763.0,0,0.352,0,Semiurban,6700.0,2.1,22850.0,Rejected
APP102225,53,Male,Yes,0,Graduate,Yes,Salaried,1.9,2750.0,2530.0,22.8,120,773.0,1,0.186,1,Urban,24800.0,9.0,2420.0,Approved
APP102505,44,Female,Yes,2,Graduate,No,Unemployed,0.0,8420.0,0.0,19.2,240,497.0,1,0.106,1,Rural,36600.0,5.7,2510.0,Rejected
APP104316,48,Male,Yes,2,Not Graduate,No,Self-Employed,1.3,5930.0,4480.0,25.0,36,,0,0.234,1,Semiurban,68700.0,2.3,910.0,Approved
APP104708,24,Male,Yes,0,Graduate,,Unemployed,0.0,2920.0,2110.0,17.2,84,565.0,0,0.269,1,Semiurban,37100.0,2.4,1040.0,Rejected
APP104098,25,Male,No,2,Not Graduate,No,Salaried,5.7,1970.0,1600.0,17.3,240,625.0,0,0.141,1,Rural,85000.0,9.8,1030.0,Approved
APP100423,38,Male,Yes,0,Graduate,Yes,Salaried,9.0,4490.0,0.0,17.8,60,463.0,0,0.035,1,Urban,160800.0,15.0,8140.0,Approved
APP104383,41,Female,Yes,0,Graduate,No,Salaried,5.4,4760.0,0.0,,36,616.0,0,0.246,1,Urban,42500.0,2.2,1360.0,Rejected
APP101904,21,Male,Yes,0,Graduate,No,Business Owner,8.6,8960.0,0.0,15.8,180,574.0,1,0.13,1,Urban,19200.0,20.7,23740.0,Rejected
APP104678,31,Female,Yes,0,Graduate,No,Business Owner,4.8,4250.0,0.0,10.0,360,498.0,1,0.123,1,Semiurban,10700.0,22.0,10470.0,Rejected
APP104056,35,Male,Yes,0,Graduate,No,Self-Employed,4.4,4640.0,1180.0,15.1,84,799.0,1,0.462,1,Rural,29900.0,6.5,4410.0,Approved
APP103165,52,Male,Yes,0,Not Graduate,No,Self-Employed,1.0,3880.0,1050.0,,180,,0,0.271,1,Urban,60100.0,6.3,8140.0,Approved
APP101565,21,Female,Yes,1,Graduate,No,Salaried,8.7,11510.0,0.0,,36,784.0,0,0.244,1,Urban,21300.0,2.5,4880.0,Approved
APP103423,39,Male,Yes,0,Graduate,No,Salaried,1.1,9450.0,0.0,54.5,12,662.0,1,0.366,1,Semiurban,30100.0,0.2,8460.0,Rejected
APP100839,56,Female,No,3+,Graduate,No,Self-Employed,7.4,3680.0,0.0,15.0,60,721.0,0,0.014,1,Urban,107400.0,8.9,9090.0,Approved
APP100500,36,Male,Yes,3+,Not Graduate,Yes,Salaried,3.0,1480.0,0.0,10.0,84,683.0,0,0.01,1,Rural,25500.0,0.3,6890.0,Rejected
APP100141,50,Female,No,0,Graduate,No,Unemployed,0.0,2810.0,3550.0,35.8,36,642.0,1,0.395,1,Urban,33800.0,2.4,5050.0,Rejected
APP101377,44,Male,Yes,0,Not Graduate,No,Salaried,6.1,5360.0,2070.0,27.0,60,697.0,1,0.093,1,Semiurban,9200.0,1.5,12870.0,Approved
APP103770,27,Male,No,0,Not Graduate,Yes,Salaried,0.8,3570.0,0.0,17.2,240,639.0,1,0.159,1,Urban,31400.0,2.1,2100.0,Rejected
APP102570,21,Male,No,,Graduate,,Salaried,4.2,4140.0,0.0,10.0,84,700.0,2,0.357,1,Rural,,2.6,2650.0,Rejected
APP101138,29,Male,Yes,0,Graduate,No,Salaried,7.7,5210.0,0.0,12.1,240,654.0,0,0.202,0,Semiurban,25200.0,3.0,1100.0,Approved
APP102594,44,Female,Yes,0,Graduate,No,Self-Employed,2.9,7980.0,0.0,47.7,60,551.0,0,0.449,1,Rural,79900.0,12.8,5050.0,Rejected
APP101787,21,Male,Yes,0,Not Graduate,No,Salaried,8.9,4200.0,4280.0,16.4,36,651.0,1,0.402,1,Semiurban,70300.0,2.8,6780.0,Approved
APP102615,38,Female,No,1,Graduate,No,Unemployed,0.0,3840.0,1130.0,10.3,180,576.0,0,0.06,1,Urban,120300.0,3.0,18970.0,Approved
APP100550,38,Female,No,0,Graduate,No,Salaried,3.4,6020.0,630.0,27.6,240,754.0,0,0.114,1,Urban,12400.0,6.3,9670.0,Approved
APP103162,24,Female,No,0,Graduate,No,Business Owner,0.3,3820.0,4380.0,29.1,240,596.0,1,0.584,1,Rural,51100.0,9.1,7740.0,Rejected
APP102019,21,Male,Yes,0,Graduate,,Salaried,12.2,8100.0,0.0,36.8,240,736.0,0,0.447,1,Semiurban,83400.0,3.9,3580.0,Approved
APP100948,53,Male,Yes,0,Not Graduate,No,Salaried,7.6,4020.0,3340.0,39.5,360,596.0,1,0.587,1,Urban,36900.0,2.7,1570.0,Rejected
APP102303,23,Male,Yes,0,Graduate,,Salaried,2.5,6430.0,0.0,14.8,180,571.0,0,0.57,0,Semiurban,43500.0,7.8,3440.0,Rejected
APP100532,45,Male,Yes,0,Graduate,No,Salaried,6.1,1460.0,0.0,10.0,120,815.0,2,0.161,0,Urban,30700.0,28.2,950.0,Rejected
APP101829,54,Female,Yes,0,Graduate,No,Salaried,6.3,8010.0,0.0,40.8,360,405.0,1,0.034,1,Semiurban,48200.0,4.7,2230.0,Approved
APP104847,55,Female,Yes,0,Not Graduate,No,Salaried,2.4,3780.0,2670.0,19.3,180,688.0,0,0.093,1,Urban,15900.0,0.6,4760.0,Rejected
APP104462,40,Male,No,0,Graduate,No,Unemployed,0.0,1360.0,6280.0,43.6,120,,1,0.326,1,Rural,96200.0,2.2,2300.0,Approved
APP103947,25,Male,Yes,1,Graduate,No,Salaried,1.0,8220.0,0.0,41.5,12,526.0,0,0.014,0,Urban,61400.0,1.0,20930.0,Approved
APP101602,52,Male,Yes,2,Not Graduate,No,Unemployed,0.0,8450.0,0.0,26.4,180,478.0,1,0.176,1,Rural,19200.0,3.0,9180.0,Rejected
APP100639,30,Male,Yes,0,Not Graduate,,Salaried,12.7,5010.0,0.0,29.1,120,572.0,0,0.198,1,Semiurban,22400.0,17.1,24980.0,Rejected
APP104881,56,Male,No,,Graduate,Yes,Salaried,4.2,2070.0,2950.0,10.0,120,671.0,1,0.417,1,Urban,14800.0,0.6,3460.0,Rejected
APP100967,52,Male,No,0,Graduate,No,Salaried,0.7,5150.0,0.0,25.0,180,680.0,1,0.139,1,Semiurban,29700.0,1.0,23830.0,Rejected
APP104281,48,Male,Yes,0,Graduate,No,Salaried,2.5,6080.0,0.0,23.1,36,593.0,1,0.627,1,Urban,205800.0,0.1,3910.0,Approved
APP102677,41,Male,No,0,Not Graduate,No,Salaried,0.3,2090.0,0.0,10.0,12,645.0,0,0.204,1,Rural,40700.0,25.6,6160.0,Rejected
APP101683,38,Female,No,2,Graduate,No,Salaried,5.8,4490.0,0.0,26.5,120,711.0,0,0.195,1,Semiurban,,1.5,1280.0,Rejected
APP104515,44,Male,Yes,0,Graduate,No,Salaried,18.3,4170.0,480.0,19.0,60,771.0,1,0.243,1,Rural,33700.0,6.7,1840.0,Approved
APP104544,41,Male,Yes,1,Graduate,No,Salaried,6.5,3060.0,0.0,18.0,36,637.0,0,0.218,1,Rural,30600.0,11.3,5560.0,Approved
APP100155,27,Female,Yes,,Not Graduate,Yes,Self-Employed,9.5,4890.0,0.0,10.4,60,650.0,1,0.123,1,Urban,38300.0,4.8,13160.0,Approved
APP102534,39,Male,Yes,2,Not Graduate,No,Salaried,0.8,2060.0,0.0,10.2,180,566.0,0,0.345,1,Semiurban,18700.0,17.1,29120.0,Rejected
APP103704,49,Male,Yes,0,Graduate,No,Self-Employed,1.8,2200.0,3730.0,34.8,180,638.0,0,0.58,1,Urban,28600.0,1.3,14930.0,Rejected
APP101089,31,Male,Yes,0,Graduate,No,Business Owner,6.7,4530.0,2040.0,17.9,180,599.0,0,0.25,1,Semiurban,21800.0,19.5,26050.0,Approved
APP102707,23,Male,Yes,0,Graduate,,Self-Employed,4.8,4820.0,2890.0,17.8,360,665.0,0,0.207,1,Semiurban,16200.0,0.6,26730.0,Rejected
APP104284,36,Male,Yes,0,Not Graduate,No,Salaried,7.0,4840.0,3310.0,45.5,60,560.0,1,0.135,1,Semiurban,27300.0,3.8,920.0,Rejected
APP100288,40,Female,Yes,,Graduate,No,Self-Employed,4.2,12200.0,0.0,31.9,12,757.0,1,0.167,1,Urban,37700.0,5.3,5190.0,Approved
APP100930,40,Female,Yes,2,Graduate,No,Unemployed,0.0,25800.0,0.0,117.3,360,717.0,1,0.196,1,Urban,,15.4,3760.0,Approved
APP102584,41,Male,Yes,0,Graduate,No,Business Owner,2.1,14120.0,1260.0,76.7,180,649.0,0,0.178,1,Rural,14000.0,1.2,720.0,Rejected
APP102305,51,Female,Yes,0,Graduate,No,Unemployed,0.0,5950.0,1640.0,36.6,36,594.0,0,0.466,1,Semiurban,46300.0,8.6,36790.0,Rejected
APP103439,37,Male,Yes,1,Graduate,Yes,Business Owner,7.8,6460.0,1370.0,45.2,180,562.0,3,0.204,1,Semiurban,13500.0,9.9,3170.0,Rejected
APP104133,27,Male,Yes,0,Graduate,No,Salaried,12.4,4340.0,1470.0,18.1,360,577.0,0,0.382,1,Semiurban,49000.0,16.1,3400.0,Approved
APP103357,30,Male,Yes,1,Graduate,Yes,Salaried,5.2,8630.0,550.0,25.6,180,609.0,1,0.184,0,Urban,26900.0,7.3,2130.0,Rejected
APP100942,38,Male,Yes,3+,Graduate,Yes,Salaried,3.4,11620.0,0.0,51.9,180,684.0,1,0.138,1,Urban,18100.0,5.5,5030.0,Approved
APP103934,44,Female,No,0,Graduate,No,Salaried,16.0,7140.0,2560.0,27.3,120,530.0,0,0.1,1,Rural,17500.0,19.3,4090.0,Approved
APP104709,39,Female,No,0,Graduate,No,Salaried,4.7,5730.0,1070.0,15.8,36,584.0,2,0.36,1,Rural,22800.0,12.3,1150.0,Rejected
APP101698,26,Female,No,1,Not Graduate,,Self-Employed,3.9,2880.0,0.0,10.0,360,547.0,1,0.269,1,Urban,22500.0,4.3,2520.0,Rejected
APP104756,38,Male,Yes,,Graduate,No,Business Owner,4.3,3670.0,0.0,12.5,360,668.0,0,0.384,1,Urban,21000.0,6.7,36550.0,Approved
APP103016,30,Female,No,,Not Graduate,,Salaried,8.8,3290.0,0.0,12.4,360,697.0,0,0.327,1,Semiurban,18300.0,0.0,710.0,Rejected
APP103647,39,Female,No,3+,Graduate,No,Self-Employed,4.0,15750.0,0.0,8906.688624163518,180,595.0,0,0.263,1,Semiurban,11500.0,16.9,12180.0,Rejected
APP103912,21,Female,No,1,Not Graduate,No,Business Owner,1.0,3110.0,0.0,10.0,36,670.0,1,0.187,1,Urban,17200.0,0.0,9670.0,Rejected
APP100985,38,Male,Yes,,Not Graduate,No,Salaried,2.0,6540.0,0.0,14.8,12,700.0,0,0.132,1,Rural,11300.0,10.0,9440.0,Approved
APP102827,21,Male,Yes,0,Graduate,Yes,Business Owner,2.3,2630.0,1060.0,21.7,180,636.0,0,0.166,1,Urban,19500.0,9.0,13040.0,Approved
APP102231,48,Female,No,0,Not Graduate,No,Business Owner,0.7,3810.0,4790.0,16.4,360,900.0,0,0.228,1,Urban,41300.0,0.3,3210.0,Approved
APP102267,37,Male,Yes,0,Graduate,No,Self-Employed,7.6,10510.0,0.0,51.7,180,737.0,2,0.29,1,Urban,115600.0,18.3,2230.0,Approved
APP104826,27,Female,No,0,Graduate,No,Business Owner,0.3,13470.0,2490.0,75.9,84,545.0,0,0.376,1,Urban,33000.0,5.5,3630.0,Rejected
APP100981,30,Male,Yes,1,Not Graduate,No,Salaried,2.3,3010.0,1650.0,19.4,36,561.0,3,0.465,1,Semiurban,,3.1,10120.0,Rejected
APP103407,35,Male,Yes,0,Graduate,No,Self-Employed,1.0,1200.0,1500.0,11.2,12,712.0,0,0.157,1,Rural,58300.0,11.0,1190.0,Approved
APP104527,33,Female,No,0,Not Graduate,Yes,Salaried,5.0,6350.0,1860.0,,60,583.0,0,0.122,1,Semiurban,15900.0,5.0,7530.0,Rejected
APP103225,35,Female,Yes,0,Not Graduate,Yes,Salaried,3.0,4910.0,710.0,15.3,12,521.0,0,0.218,1,Semiurban,26500.0,8.0,1300.0,Rejected
APP103001,22,Female,No,0,Graduate,No,Salaried,1.2,2400.0,0.0,10.0,240,531.0,1,0.083,1,Rural,28100.0,9.7,2030.0,Rejected
APP104587,34,Male,Yes,0,Not Graduate,,Salaried,0.8,4280.0,0.0,24.0,240,696.0,0,0.202,1,Urban,24300.0,1.3,2200.0,Rejected
APP103919,48,Male,No,0,Graduate,No,Self-Employed,0.2,7560.0,3990.0,59.1,120,588.0,1,0.578,1,Semiurban,208100.0,0.2,740.0,Rejected
APP101457,27,Female,Yes,3+,Graduate,No,Salaried,1.3,18160.0,0.0,61.6,36,672.0,0,0.145,1,Semiurban,51900.0,1.3,5770.0,Approved
APP101395,51,Male,No,0,Graduate,No,Salaried,0.7,1990.0,2490.0,16.3,36,677.0,0,0.096,1,Semiurban,29400.0,1.5,16790.0,Rejected
APP100264,47,Male,Yes,1,Not Graduate,No,Business Owner,0.1,2810.0,3980.0,18.1,84,531.0,0,0.425,1,Semiurban,76600.0,7.4,1060.0,Rejected
APP102440,21,Male,No,0,Not Graduate,No,Salaried,0.8,2270.0,1550.0,10.6,120,670.0,0,0.308,1,Semiurban,59600.0,1.9,2900.0,Approved
APP100929,40,Male,Yes,0,Not Graduate,Yes,Self-Employed,3.2,1200.0,0.0,10.0,60,627.0,1,0.149,0,Semiurban,116600.0,8.5,6160.0,Rejected
APP103123,34,Male,No,,Graduate,No,Unemployed,0.0,3070.0,0.0,15.0,240,799.0,0,0.22,1,Semiurban,37700.0,0.0,14480.0,Rejected
APP102178,32,Female,Yes,0,Graduate,No,Salaried,3.0,3840.0,0.0,21.2,36,864.0,1,0.234,1,Semiurban,14700.0,29.8,4050.0,Approved
APP103570,39,Female,Yes,3+,Not Graduate,No,Business Owner,1.0,2510.0,2490.0,12.4,240,463.0,1,0.297,1,Semiurban,26300.0,5.7,3830.0,Rejected
APP100246,32,Female,Yes,0,Graduate,No,Self-Employed,4.9,4360.0,2180.0,38.6,60,735.0,1,0.287,1,Rural,22100.0,14.9,8450.0,Rejected
APP103662,43,Male,No,1,Not Graduate,No,Business Owner,9.1,2620.0,1810.0,10.0,180,661.0,1,0.445,0,Semiurban,27500.0,3.3,3230.0,Rejected
APP101758,47,Male,Yes,0,Not Graduate,No,Salaried,4.8,8100.0,1850.0,21.6,84,633.0,0,0.077,1,Rural,80000.0,8.4,3050.0,Approved
APP104914,24,Male,Yes,0,Graduate,No,Salaried,0.3,6350.0,680.0,28.0,12,599.0,0,0.095,1,Semiurban,62200.0,3.9,41230.0,Approved
APP102867,28,Male,No,1,Graduate,No,Salaried,14.7,4170.0,1410.0,15.8,120,685.0,1,0.435,1,Rural,,11.7,3420.0,Rejected
APP100923,30,Female,Yes,0,Graduate,No,Salaried,9.9,2880.0,2540.0,19.7,60,738.0,0,0.163,1,Rural,34900.0,9.2,44690.0,Approved
APP102389,30,Female,No,2,Graduate,No,Unemployed,0.0,1680.0,1400.0,12.6,60,514.0,0,0.256,1,Urban,47500.0,27.0,2660.0,Rejected
APP100268,32,Male,No,0,Graduate,No,Self-Employed,0.8,6090.0,1610.0,22.7,84,388.0,0,0.239,0,Semiurban,36500.0,2.9,4170.0,Rejected
APP100669,30,Male,Yes,0,Graduate,No,Business Owner,0.9,4080.0,4080.0,32.8,120,769.0,1,0.265,1,Semiurban,92500.0,2.6,11070.0,Approved
APP104935,36,Female,Yes,0,Graduate,No,Salaried,5.6,2390.0,6230.0,49.6,36,712.0,0,0.211,1,Semiurban,118900.0,4.9,9360.0,Approved
APP101910,46,Male,No,1,Graduate,No,Salaried,0.8,4690.0,0.0,22.5,60,539.0,1,0.285,1,Semiurban,20900.0,11.9,2070.0,Rejected
APP103046,37,Male,Yes,0,Graduate,No,Salaried,0.8,3650.0,0.0,19.7,84,507.0,0,0.032,1,Rural,6600.0,0.1,980.0,Rejected
APP101152,52,Male,Yes,2,Graduate,No,Salaried,3.7,10210.0,0.0,21.5,84,679.0,1,0.222,1,Urban,22900.0,14.6,2780.0,Rejected
APP104866,38,Female,Yes,0,Graduate,Yes,Salaried,0.2,3800.0,0.0,17.2,240,537.0,1,0.128,1,Semiurban,24400.0,2.4,3030.0,Rejected
APP103523,36,Male,Yes,0,Graduate,No,Salaried,1.5,6910.0,3440.0,33.9,84,694.0,1,0.488,1,Semiurban,,6.5,6510.0,Approved
APP104512,31,Male,Yes,2,Not Graduate,No,Salaried,8.1,3180.0,0.0,12.6,84,635.0,0,0.474,1,Urban,68900.0,1.4,8220.0,Rejected
APP103963,41,Male,Yes,2,Graduate,No,Salaried,9.1,7410.0,1970.0,25.9,36,677.0,0,0.205,1,Rural,17200.0,14.8,2480.0,Approved
APP104528,43,Female,Yes,0,Graduate,No,Salaried,9.0,3990.0,0.0,10.0,240,550.0,0,0.202,1,Rural,16400.0,1.7,1820.0,Rejected
APP103043,34,Male,No,2,Graduate,No,Business Owner,3.8,2990.0,0.0,10.0,84,515.0,2,0.426,1,Semiurban,59200.0,3.5,3090.0,Rejected
APP101915,44,Male,No,0,Graduate,No,Business Owner,2.0,5470.0,2570.0,12.9,360,665.0,0,0.062,1,Semiurban,56700.0,0.7,5140.0,Approved
APP100612,21,Male,No,0,Not Graduate,No,Salaried,2.5,2740.0,5010.0,16.5,36,562.0,1,0.088,1,Rural,18300.0,1.1,14960.0,Rejected
APP102450,53,Male,Yes,0,Not Graduate,No,Salaried,4.6,2550.0,2340.0,26.1,60,809.0,0,0.398,1,Semiurban,20000.0,1.5,4660.0,Approved
APP104124,22,Male,Yes,2,Not Graduate,No,Unemployed,0.0,4220.0,2380.0,14.2,240,700.0,0,0.135,1,Semiurban,64700.0,3.5,1800.0,Approved
APP101898,46,Female,Yes,3+,Graduate,No,Unemployed,0.0,5080.0,0.0,18.7,36,,0,0.54,1,Rural,20600.0,1.7,3720.0,Rejected
APP101649,23,Female,No,2,Not Graduate,No,Self-Employed,14.7,1450.0,3150.0,25.8,360,708.0,3,0.225,1,Urban,28900.0,2.1,2430.0,Rejected
APP102498,51,Male,Yes,1,Not Graduate,No,Self-Employed,2.9,1750.0,1220.0,17.7,84,617.0,0,0.205,1,Semiurban,95600.0,5.0,3760.0,Approved
APP100258,44,Male,Yes,0,Graduate,No,Self-Employed,0.4,6090.0,2690.0,26.6,60,696.0,3,0.327,1,Semiurban,75000.0,13.9,11240.0,Approved
APP100847,22,Male,Yes,1,Not Graduate,No,Self-Employed,7.4,4450.0,0.0,17.1,180,835.0,1,0.256,1,Rural,49600.0,4.7,13630.0,Approved
APP104295,32,Male,No,1,Graduate,No,Salaried,7.2,10790.0,1680.0,51.0,60,710.0,0,0.08,1,Urban,43000.0,6.7,2190.0,Approved
APP101233,21,Male,No,0,Not Graduate,No,Salaried,8.8,1940.0,0.0,10.0,36,642.0,1,0.238,1,Rural,75900.0,16.5,2560.0,Approved
APP101127,26,Male,Yes,0,Not Graduate,Yes,Salaried,4.8,4110.0,4760.0,25.7,60,543.0,2,0.221,1,Urban,35000.0,5.4,7600.0,Rejected
APP101967,40,Male,Yes,0,Not Graduate,Yes,Unemployed,0.0,6440.0,7570.0,75.7,180,677.0,0,0.391,1,Urban,46000.0,13.0,7410.0,Rejected
APP100558,41,Male,No,1,Graduate,,Self-Employed,4.2,8250.0,0.0,,240,543.0,1,0.332,1,Urban,223800.0,9.7,3140.0,Approved
APP103982,42,Male,No,0,Graduate,No,Salaried,4.6,1800.0,0.0,10.0,120,658.0,1,0.599,1,Semiurban,28200.0,0.7,12820.0,Rejected
APP100484,53,Male,Yes,2,Graduate,No,Salaried,12.5,5110.0,0.0,11.6,36,574.0,1,0.053,1,Urban,,6.6,28110.0,Approved
APP102211,47,Female,Yes,2,Graduate,No,Self-Employed,0.4,10510.0,0.0,52.0,60,606.0,2,0.407,1,Semiurban,,1.7,1680.0,Rejected
APP101320,23,Female,Yes,2,Graduate,No,Salaried,1.4,2630.0,0.0,10.0,360,754.0,2,0.433,1,Rural,11200.0,9.7,2560.0,Rejected
APP102574,38,Male,Yes,2,Graduate,Yes,Salaried,10.3,2000.0,0.0,10.0,60,649.0,1,0.374,0,Semiurban,23200.0,11.5,3780.0,Rejected
APP100007,29,Female,No,1,Not Graduate,No,Salaried,2.5,1800.0,3700.0,10.0,360,626.0,3,0.212,1,Rural,21100.0,0.4,7180.0,Rejected
APP104407,27,Male,Yes,0,Graduate,Yes,Salaried,2.8,6490.0,1420.0,,240,728.0,2,0.182,1,Semiurban,20600.0,7.1,10420.0,Rejected
APP103254,21,Female,No,0,Graduate,No,Salaried,0.4,5590.0,0.0,21.6,12,747.0,0,0.399,1,Rural,13000.0,1.9,6800.0,Approved
APP101450,21,Female,No,0,Not Graduate,No,Business Owner,2.5,2670.0,1690.0,16.4,240,667.0,1,0.476,1,Semiurban,43500.0,1.7,3480.0,Rejected
APP104058,36,Male,Yes,0,Graduate,Yes,Business Owner,7.7,1780.0,1780.0,10.0,36,734.0,1,0.17,1,Urban,17300.0,5.3,12210.0,Approved
APP101814,32,Female,Yes,0,Not Graduate,No,Salaried,11.1,5790.0,740.0,11.9,240,610.0,0,0.207,1,Rural,59200.0,0.8,6340.0,Rejected
APP100773,43,Male,Yes,3+,Not Graduate,No,Salaried,2.4,10040.0,3130.0,28.1,12,776.0,2,0.296,1,Urban,15800.0,7.6,4930.0,Approved
APP101011,21,Male,No,3+,Graduate,No,Salaried,4.6,20970.0,0.0,,120,644.0,0,0.244,1,Urban,23000.0,0.8,10880.0,Rejected
APP103145,42,Male,Yes,0,Not Graduate,No,Salaried,4.3,2420.0,1820.0,24.9,12,727.0,0,0.065,1,Rural,47500.0,2.5,6680.0,Approved
APP102815,37,Male,Yes,0,Graduate,No,Salaried,3.8,2770.0,3570.0,33.9,180,537.0,2,0.163,1,Urban,27700.0,8.6,4490.0,Rejected
APP101991,27,Male,Yes,0,Not Graduate,No,Business Owner,2.3,3040.0,0.0,17.6,180,669.0,1,0.518,1,Semiurban,31500.0,0.7,6800.0,Rejected
APP101277,38,Female,Yes,0,Graduate,No,Unemployed,0.0,7260.0,0.0,28.1,36,652.0,1,0.285,1,Urban,12400.0,6.8,4200.0,Rejected
APP101783,59,Male,No,2,Graduate,Yes,Salaried,1.5,1520.0,0.0,10.0,240,638.0,2,0.082,1,Semiurban,,8.2,1570.0,Rejected
APP103168,40,Female,Yes,0,Graduate,No,Salaried,2.2,3270.0,830.0,14.0,36,641.0,0,0.392,1,Urban,43100.0,5.1,4940.0,Rejected
APP100446,28,Male,No,0,Not Graduate,No,Self-Employed,2.6,6770.0,0.0,20.8,180,649.0,1,0.146,1,Rural,43700.0,9.7,2180.0,Approved
APP100880,47,Male,Yes,0,Graduate,,Salaried,1.7,1980.0,0.0,10.0,180,718.0,1,0.665,1,Rural,83900.0,0.3,790.0,Approved
APP104504,37,Female,Yes,0,Graduate,No,Unemployed,0.0,5910.0,0.0,29.1,36,640.0,2,0.484,1,Urban,10200.0,22.4,8620.0,Rejected
APP100781,34,Male,Yes,1,Not Graduate,No,Salaried,7.5,397854.513289975,0.0,10.0,60,401.0,1,0.349,0,Urban,55400.0,13.1,6280.0,Rejected
APP101749,65,Male,No,0,Graduate,No,Salaried,2.2,8950.0,750.0,55.3,36,687.0,1,0.194,1,Urban,36000.0,6.2,9840.0,Approved
APP103456,40,Female,Yes,,Not Graduate,No,Salaried,0.3,2530.0,0.0,10.0,180,636.0,2,0.801,1,Rural,42800.0,8.2,4560.0,Rejected
APP104931,62,Male,Yes,0,Not Graduate,No,Business Owner,6.0,1750.0,1880.0,12.3,180,503.0,2,0.377,0,Urban,103100.0,3.5,2310.0,Rejected
APP100883,31,Female,No,0,Graduate,No,Self-Employed,7.1,2930.0,2230.0,14.9,36,626.0,0,0.186,1,Rural,50900.0,1.7,27720.0,Approved
APP103774,25,Male,No,0,Not Graduate,No,Salaried,3.6,6370.0,0.0,13.8,240,546.0,2,0.241,1,Semiurban,36000.0,5.1,16380.0,Rejected
APP101091,41,Female,Yes,3+,Not Graduate,Yes,Salaried,1.1,2070.0,0.0,10.0,360,462.0,0,0.302,1,Rural,15800.0,16.1,1800.0,Rejected
APP102997,37,Male,Yes,2,Graduate,No,Self-Employed,2.8,2710.0,730.0,17.9,36,679.0,0,0.506,1,Urban,27600.0,0.9,600.0,Rejected
APP100531,29,Female,Yes,0,Not Graduate,No,Self-Employed,3.2,2710.0,0.0,14.3,12,638.0,1,0.597,1,Urban,82500.0,5.4,2390.0,Rejected
APP104100,34,Male,Yes,0,Graduate,,Business Owner,18.9,2270.0,0.0,10.0,180,683.0,0,0.056,1,Semiurban,62400.0,7.5,14770.0,Approved
APP104244,26,Male,Yes,0,Not Graduate,No,Unemployed,0.0,1920.0,1390.0,13.2,84,518.0,0,0.246,1,Rural,,4.2,950.0,Rejected
APP104139,24,Female,No,2,Not Graduate,Yes,Business Owner,5.9,4330.0,0.0,25.2,36,527.0,0,0.261,1,Semiurban,50600.0,2.1,3510.0,Rejected
APP101727,50,Male,No,3+,Not Graduate,No,Salaried,9.3,4170.0,3300.0,29.1,360,614.0,1,0.078,1,Semiurban,40100.0,3.5,20220.0,Approved
APP100610,40,Male,Yes,1,Graduate,Yes,Salaried,5.4,6450.0,4500.0,20.8,360,665.0,0,0.172,1,Rural,27600.0,3.1,11640.0,Rejected
APP100570,21,Male,Yes,0,Graduate,Yes,Salaried,0.3,3150.0,1910.0,10.0,120,530.0,0,0.15,1,Rural,30500.0,13.3,27380.0,Approved
APP104440,28,Male,Yes,0,Graduate,No,Salaried,5.8,2940.0,2350.0,20.7,360,764.0,1,0.107,1,Urban,21600.0,2.5,1200.0,Approved
APP104092,29,Male,No,1,Not Graduate,Yes,Salaried,5.1,4980.0,0.0,20.5,36,641.0,0,0.141,1,Urban,170400.0,12.7,7240.0,Approved
APP100343,44,Male,No,0,Graduate,No,Self-Employed,1.6,1630.0,2070.0,15.4,240,641.0,0,0.571,1,Urban,89300.0,3.6,3040.0,Rejected
APP103269,32,Female,No,3+,Graduate,No,Self-Employed,2.8,3150.0,0.0,11.3,12,604.0,2,0.311,1,Rural,60100.0,3.4,12900.0,Approved
APP103203,40,Male,Yes,0,Not Graduate,No,Self-Employed,1.8,4660.0,0.0,12.8,360,733.0,0,0.409,1,Urban,24500.0,0.3,17690.0,Approved
APP100434,38,Male,Yes,0,Graduate,No,Salaried,3.7,9360.0,2410.0,45.1,60,771.0,0,0.351,1,Semiurban,,0.0,23280.0,Approved
APP101903,21,Female,Yes,3+,Graduate,No,Business Owner,0.9,1990.0,2230.0,24.4,180,652.0,1,0.197,1,Urban,19800.0,5.7,1120.0,Approved
APP103877,52,Male,Yes,2,Not Graduate,No,Salaried,7.7,4390.0,760.0,16.0,12,565.0,1,0.408,1,Semiurban,140100.0,3.0,9600.0,Rejected
APP103285,39,Male,No,0,Not Graduate,Yes,Salaried,1.8,4480.0,5160.0,48.7,12,661.0,0,0.294,1,Urban,112300.0,4.6,2770.0,Approved
APP102069,28,Male,Yes,0,Graduate,No,Salaried,11.4,6750.0,0.0,36.4,360,724.0,0,0.324,1,Urban,30400.0,3.9,9750.0,Approved
APP101537,31,Female,Yes,0,Not Graduate,No,Salaried,3.0,3680.0,0.0,15.1,60,672.0,2,0.509,0,Semiurban,28300.0,1.4,8010.0,Rejected
APP102295,31,Female,No,0,Graduate,No,Unemployed,0.0,2820.0,1920.0,,180,677.0,0,0.351,1,Semiurban,35700.0,3.7,1950.0,Rejected
APP102988,30,Female,Yes,0,Graduate,No,Salaried,5.2,6850.0,2000.0,36.1,84,696.0,0,0.169,1,Rural,,0.6,1980.0,Approved
APP101517,43,Male,Yes,2,Not Graduate,No,Business Owner,3.6,5810.0,0.0,25.5,240,567.0,1,0.299,1,Urban,71500.0,32.4,4530.0,Approved
APP100965,49,Female,Yes,1,Graduate,No,Salaried,6.1,10110.0,2650.0,74.9,12,,0,0.293,1,Rural,31300.0,1.7,3840.0,Rejected
APP104450,38,Female,No,3+,Not Graduate,No,Salaried,6.9,5500.0,1580.0,20.7,120,633.0,0,0.298,1,Rural,24900.0,2.7,5280.0,Rejected
APP100528,35,Male,Yes,0,Not Graduate,No,Unemployed,0.0,4110.0,0.0,22.8,240,701.0,0,0.195,1,Urban,101600.0,23.1,5290.0,Approved
APP100176,56,Male,Yes,1,Graduate,No,Self-Employed,15.5,2480.0,4310.0,16.6,240,647.0,0,0.195,0,Semiurban,42300.0,1.7,21520.0,Approved
APP103552,32,Male,Yes,0,Graduate,No,Salaried,4.2,13120.0,0.0,52.3,36,689.0,0,0.201,1,Semiurban,229100.0,4.5,9350.0,Approved
APP102592,35,Male,No,0,Not Graduate,No,Unemployed,0.0,2170.0,0.0,10.0,180,591.0,2,0.078,1,Urban,49400.0,16.0,2130.0,Rejected
APP104733,21,Female,No,1,Graduate,Yes,Unemployed,0.0,2410.0,5620.0,13.6,240,538.0,0,0.073,1,Rural,81900.0,4.4,1150.0,Rejected
APP100572,36,Male,Yes,0,Graduate,,Salaried,3.0,2130.0,0.0,10.0,84,650.0,1,0.254,1,Urban,30300.0,8.9,2590.0,Rejected
APP103849,28,Male,Yes,0,Graduate,No,Business Owner,1.2,5600.0,0.0,21.6,12,632.0,0,0.2,1,Semiurban,78200.0,29.3,730.0,Approved
APP103859,49,Female,No,3+,Graduate,No,Salaried,7.9,15510.0,2040.0,27.3,12,763.0,1,0.16,0,Semiurban,50000.0,8.0,5500.0,Approved
APP102873,51,Female,No,,Graduate,Yes,Salaried,7.7,4550.0,1130.0,28.2,180,664.0,0,0.37,1,Semiurban,20200.0,6.6,1370.0,Rejected
APP103277,53,Female,No,1,Graduate,No,Business Owner,0.4,4920.0,2160.0,22.2,36,710.0,1,0.072,1,Rural,10800.0,2.0,3150.0,Rejected
APP102633,39,Female,Yes,0,Not Graduate,No,Salaried,0.1,4510.0,0.0,22.2,240,656.0,0,0.122,1,Rural,31000.0,5.4,7050.0,Approved
APP102208,30,Female,Yes,0,Graduate,Yes,Self-Employed,3.6,3320.0,1840.0,20.5,36,699.0,1,0.197,1,Rural,,0.0,12140.0,Rejected
APP102614,44,Male,Yes,2,Graduate,No,Salaried,6.2,13120.0,0.0,40.2,180,420.0,1,0.206,0,Rural,52300.0,0.4,2980.0,Rejected
APP102810,56,Female,No,2,Graduate,Yes,Business Owner,2.4,3150.0,4060.0,36.7,360,625.0,0,0.08,1,Semiurban,31500.0,3.9,5330.0,Approved
APP100383,38,Female,No,2,Graduate,No,Salaried,10.6,2650.0,0.0,13.4,180,685.0,0,0.401,1,Urban,56000.0,2.0,7410.0,Approved
APP100852,24,Female,Yes,1,Not Graduate,Yes,Self-Employed,8.5,8350.0,0.0,15.3,180,601.0,0,0.211,1,Semiurban,27700.0,12.3,2920.0,Rejected
APP101880,33,Male,Yes,1,Graduate,,Business Owner,7.1,2100.0,0.0,10.8,60,658.0,0,0.187,1,Urban,63800.0,15.4,2500.0,Approved
APP100370,27,Female,Yes,,Not Graduate,,Salaried,0.9,4160.0,0.0,10.0,360,566.0,0,0.439,1,Rural,68100.0,1.1,3460.0,Rejected
APP102422,38,Male,Yes,0,Not Graduate,No,Salaried,0.4,4180.0,1840.0,27.0,60,528.0,0,0.253,1,Urban,40200.0,3.6,3870.0,Rejected
APP104367,36,Female,No,1,Graduate,No,Salaried,8.1,10480.0,0.0,26.1,60,534.0,0,0.457,1,Urban,40800.0,0.4,1040.0,Rejected
APP101105,23,Male,Yes,0,Not Graduate,No,Salaried,4.3,1200.0,1830.0,14.7,84,752.0,0,0.286,0,Rural,14700.0,6.0,7770.0,Approved
APP104235,44,Male,Yes,0,Graduate,No,Business Owner,1.1,4340.0,0.0,23.8,36,736.0,0,0.326,1,Urban,45400.0,0.6,1440.0,Approved
APP104023,28,Male,Yes,0,Not Graduate,No,Salaried,2.8,5080.0,2150.0,12.6,84,730.0,1,0.411,1,Semiurban,23700.0,9.6,6330.0,Approved
APP101336,21,Male,Yes,0,Graduate,No,Salaried,6.0,2200.0,450.0,13.4,360,614.0,0,0.147,1,Rural,14700.0,5.2,11240.0,Rejected
APP102189,41,Male,Yes,1,Not Graduate,No,Salaried,2.5,1820.0,0.0,10.0,84,666.0,0,0.287,1,Semiurban,41000.0,3.9,10260.0,Approved
APP104639,26,Female,No,0,Graduate,No,Salaried,0.6,4900.0,0.0,17.3,36,722.0,0,0.141,1,Urban,21600.0,4.4,1870.0,Rejected
APP104275,49,Male,No,1,Graduate,Yes,Self-Employed,1.1,2160.0,1890.0,16.5,36,653.0,1,0.231,1,Urban,19100.0,9.2,7670.0,Rejected
APP103610,45,Male,No,3+,Not Graduate,,Self-Employed,3.0,8370.0,2080.0,41.3,240,679.0,1,0.178,0,Urban,38400.0,8.0,2740.0,Rejected
APP103006,30,Female,Yes,2,Graduate,No,Unemployed,0.0,2930.0,540.0,20.0,36,762.0,0,0.275,1,Semiurban,35300.0,1.1,1640.0,Rejected
APP104897,37,Male,Yes,3+,Graduate,No,Salaried,5.2,7540.0,0.0,26.5,60,513.0,0,0.129,1,Rural,40300.0,7.7,19520.0,Approved
APP101171,28,Male,No,2,Not Graduate,No,Self-Employed,2.0,1310.0,2540.0,18.1,60,615.0,1,0.128,0,Semiurban,38900.0,2.8,27420.0,Rejected
APP102644,26,Male,Yes,,Graduate,No,Self-Employed,1.2,5460.0,0.0,15.0,180,,0,0.461,1,Rural,10100.0,7.0,4940.0,Rejected
APP104003,55,Male,Yes,0,Graduate,Yes,Business Owner,4.1,8690.0,2170.0,17.5,120,830.0,1,0.387,1,Urban,46600.0,3.4,6310.0,Approved
APP101422,56,Female,No,0,Graduate,No,Self-Employed,1.8,3050.0,2580.0,27.4,12,894.0,2,0.151,1,Semiurban,44400.0,9.0,3190.0,Approved
APP102647,32,Male,Yes,0,Not Graduate,No,Salaried,1.1,2610.0,940.0,13.4,12,820.0,0,0.275,1,Semiurban,69500.0,17.0,3140.0,Approved
APP104487,36,Female,No,1,Graduate,No,Salaried,2.0,2280.0,0.0,12.0,84,766.0,2,0.308,1,Rural,17000.0,2.6,2470.0,Rejected
APP104197,36,Female,Yes,2,Not Graduate,No,Business Owner,0.1,4160.0,1140.0,19.9,120,594.0,0,0.02,1,Semiurban,21200.0,2.3,3230.0,Approved
APP101464,47,Male,No,0,Not Graduate,No,Self-Employed,2.0,6670.0,3130.0,41.2,120,893.0,0,0.297,1,Semiurban,29300.0,27.9,5650.0,Approved
APP100874,36,Female,No,1,Not Graduate,Yes,Salaried,6.3,1720.0,3310.0,10.0,120,653.0,0,0.262,1,Semiurban,91700.0,1.1,38210.0,Approved
APP102297,29,Male,Yes,2,Graduate,Yes,Salaried,1.0,5210.0,3270.0,49.2,60,652.0,1,0.181,1,Urban,15300.0,1.8,3030.0,Rejected
APP103593,21,Male,Yes,0,Graduate,No,Salaried,8.4,812227.4188480661,480.0,41.5,36,775.0,0,0.504,1,Semiurban,34900.0,6.1,6420.0,Approved
APP104384,26,Male,Yes,1,Not Graduate,No,Salaried,4.5,4700.0,1950.0,31.2,240,664.0,1,0.424,1,Semiurban,19600.0,6.8,1410.0,Rejected
APP101251,48,Female,No,0,Graduate,No,Business Owner,1.1,1820.0,530.0,11.4,240,683.0,1,0.174,1,Urban,23500.0,0.7,3170.0,Approved
APP102706,46,Male,Yes,1,Not Graduate,No,Salaried,6.5,2310.0,1870.0,16.1,84,607.0,0,0.18,1,Semiurban,11200.0,5.4,3100.0,Approved
APP100840,40,Male,No,0,Graduate,No,Salaried,2.2,3130.0,0.0,14.5,12,655.0,1,0.243,1,Semiurban,79100.0,2.7,5710.0,Approved
APP103132,35,Male,Yes,1,Graduate,No,Salaried,2.6,3490.0,0.0,18.3,360,,2,0.139,1,Semiurban,36300.0,4.2,10820.0,Rejected
APP100581,34,Male,Yes,0,Graduate,No,Business Owner,1.2,4200.0,0.0,10.0,180,664.0,0,0.275,1,Urban,8400.0,0.5,1410.0,Rejected
APP100204,48,Male,No,1,Graduate,Yes,Business Owner,0.2,3090.0,0.0,10.0,84,701.0,0,0.104,0,Semiurban,71100.0,8.8,1160.0,Approved
APP101641,32,Male,Yes,0,Graduate,No,Salaried,0.0,1940.0,2330.0,14.3,240,653.0,1,0.289,1,Rural,19100.0,9.6,5980.0,Rejected
APP102014,51,Female,Yes,0,Graduate,No,Salaried,2.1,4610.0,1410.0,12.5,240,686.0,0,0.16,1,Semiurban,21300.0,5.2,7680.0,Approved
APP100905,35,Male,Yes,0,Not Graduate,No,Self-Employed,12.1,3540.0,1320.0,10.0,360,670.0,0,0.373,1,Semiurban,59800.0,5.0,730.0,Approved
APP100631,36,Male,Yes,0,Not Graduate,Yes,Salaried,4.2,5020.0,0.0,29.6,180,762.0,1,0.176,1,Rural,16600.0,2.6,19290.0,Approved
APP104010,42,Male,No,,Graduate,No,Salaried,3.0,3300.0,0.0,14.0,360,667.0,0,0.339,1,Rural,67800.0,10.3,3610.0,Approved
APP101974,44,Female,Yes,,Graduate,No,Unemployed,0.0,21980.0,3870.0,99.7,36,594.0,0,0.278,1,Urban,28900.0,7.1,9380.0,Rejected
APP100162,51,Female,Yes,0,Graduate,Yes,Business Owner,9.8,1950.0,0.0,10.0,36,712.0,0,0.319,1,Rural,24400.0,4.4,820.0,Rejected
APP103316,30,Male,Yes,0,Not Graduate,No,Self-Employed,2.4,2840.0,6270.0,20.7,180,631.0,1,0.258,1,Semiurban,54400.0,2.0,2010.0,Approved
APP104529,53,Female,Yes,2,Graduate,No,Self-Employed,0.7,5530.0,0.0,25.1,120,502.0,1,0.635,1,Semiurban,21200.0,8.4,2640.0,Rejected
APP104540,23,Male,No,0,Graduate,No,Self-Employed,1.9,3220.0,2520.0,15.7,12,655.0,0,0.269,1,Rural,8100.0,1.5,3280.0,Rejected
APP100617,21,Male,No,3+,Graduate,No,Self-Employed,3.1,14300.0,0.0,32.9,240,604.0,0,0.496,1,Rural,38500.0,9.7,2370.0,Rejected
APP100875,33,Female,Yes,0,Not Graduate,No,Self-Employed,0.7,1910.0,0.0,10.0,240,591.0,0,0.307,1,Urban,58300.0,4.8,6060.0,Rejected
APP101431,52,Male,Yes,2,Graduate,No,Salaried,10.6,9520.0,0.0,53.8,360,640.0,2,0.286,1,Rural,14600.0,0.3,1120.0,Rejected
APP100547,29,Male,Yes,0,Graduate,No,Self-Employed,5.7,5850.0,0.0,28.4,36,613.0,1,0.112,1,Rural,52900.0,6.7,15660.0,Rejected
APP103402,60,Male,Yes,0,Graduate,No,Self-Employed,4.2,10880.0,0.0,30.9,60,648.0,0,0.179,1,Rural,29700.0,2.5,10940.0,Approved
APP104591,54,Female,No,0,Graduate,Yes,Salaried,0.1,2380.0,0.0,10.0,84,,2,0.131,1,Semiurban,44100.0,0.9,8630.0,Rejected
APP104266,28,Female,No,0,Graduate,No,Self-Employed,9.0,1240.0,3500.0,24.1,180,642.0,1,0.493,1,Urban,92900.0,5.7,3280.0,Rejected
APP103931,32,Male,Yes,0,Graduate,No,Self-Employed,1.9,10030.0,0.0,25.3,12,469.0,0,0.06,1,Rural,25800.0,1.9,9250.0,Rejected
APP102718,31,Male,Yes,,Graduate,No,Salaried,4.3,3160.0,710.0,10.0,36,665.0,1,0.364,1,Urban,14900.0,0.2,990.0,Rejected
APP104771,41,Male,No,0,Graduate,,Business Owner,1.5,5820.0,1440.0,37.7,360,715.0,0,0.205,0,Urban,23700.0,4.9,11570.0,Rejected
APP104122,41,Female,Yes,0,Not Graduate,No,Salaried,13.8,5010.0,3330.0,47.6,12,630.0,1,0.339,0,Rural,47800.0,4.6,4710.0,Rejected
APP101861,44,Female,No,2,Not Graduate,No,Salaried,1.2,8680.0,0.0,16.5,60,685.0,0,0.234,1,Rural,33200.0,12.8,11910.0,Approved
APP100640,43,Male,No,2,Not Graduate,No,Self-Employed,0.6,1510.0,1230.0,14.1,36,447.0,0,0.26,1,Semiurban,31900.0,6.3,1220.0,Rejected
APP103048,23,Female,No,2,Not Graduate,No,Business Owner,1.1,1530.0,2570.0,23.4,12,598.0,2,0.245,1,Urban,116500.0,6.6,4540.0,Approved
APP100637,21,Male,No,0,Not Graduate,No,Self-Employed,0.5,1550.0,1760.0,16.9,240,563.0,3,0.218,0,Semiurban,51800.0,6.1,1050.0,Rejected
APP104903,35,Male,Yes,2,Not Graduate,No,Salaried,1.0,3660.0,0.0,21.9,60,744.0,0,0.643,1,Urban,45600.0,6.5,5010.0,Rejected
APP104799,52,Male,Yes,0,Not Graduate,No,Salaried,24.4,4800.0,0.0,,36,760.0,3,0.447,1,Semiurban,40800.0,15.2,8770.0,Approved
APP103047,57,Male,Yes,0,Not Graduate,No,Salaried,10.3,2010.0,0.0,10.0,180,756.0,2,0.106,0,Urban,20700.0,4.5,2860.0,Approved
APP102096,23,Male,Yes,0,Graduate,No,Business Owner,20.2,2830.0,2250.0,30.0,180,728.0,0,0.244,1,Semiurban,26100.0,6.7,3150.0,Approved
APP102526,49,Female,No,1,Not Graduate,No,Salaried,4.7,6430.0,0.0,35.3,36,642.0,2,0.399,1,Semiurban,23700.0,8.3,3970.0,Rejected
APP103138,38,Male,Yes,0,Not Graduate,No,Self-Employed,1.4,1200.0,2380.0,10.0,180,611.0,0,0.32,1,Semiurban,14300.0,0.7,64140.0,Rejected
APP103747,43,Male,Yes,0,Not Graduate,No,Self-Employed,0.6,3460.0,2310.0,20.3,120,480.0,1,0.205,1,Semiurban,31600.0,34.9,8700.0,Rejected
APP102899,45,Male,Yes,0,Graduate,No,Business Owner,5.6,4250.0,0.0,10.8,36,646.0,0,0.192,1,Urban,45500.0,2.8,810.0,Rejected
APP100921,35,Female,No,0,Not Graduate,Yes,Business Owner,4.5,1750.0,670.0,10.0,36,652.0,0,0.315,1,Semiurban,171900.0,13.0,8300.0,Approved
APP100546,47,Male,Yes,1,Graduate,,Salaried,7.6,3780.0,1540.0,25.4,240,567.0,0,0.328,1,Semiurban,10500.0,12.0,24340.0,Approved
APP103739,23,Male,Yes,0,Graduate,No,Salaried,7.6,7960.0,1350.0,51.8,36,692.0,0,0.364,1,Urban,40300.0,1.0,1140.0,Rejected
APP101900,26,Male,Yes,0,Graduate,No,Salaried,2.6,2880.0,2460.0,16.4,84,631.0,0,0.108,1,Semiurban,70000.0,4.9,980.0,Approved
APP102028,38,Male,Yes,2,Graduate,No,Business Owner,7.4,9750.0,9950.0,43.7,84,744.0,1,0.34,1,Semiurban,36300.0,9.0,3930.0,Approved
APP102301,45,Male,Yes,0,Not Graduate,,Salaried,0.4,3260.0,0.0,10.9,180,689.0,1,0.213,1,Semiurban,84900.0,1.5,9350.0,Approved
APP101885,63,Male,Yes,0,Graduate,No,Self-Employed,14.7,8710.0,0.0,32.4,60,744.0,2,0.334,1,Rural,18600.0,15.8,9730.0,Rejected
APP101642,50,Male,Yes,1,Graduate,No,Self-Employed,0.4,2920.0,3790.0,36.6,180,611.0,0,0.083,1,Urban,44900.0,1.8,14090.0,Approved
APP104398,21,Female,Yes,2,Graduate,No,Salaried,3.9,4660.0,3780.0,45.9,240,677.0,0,0.243,1,Rural,29100.0,10.5,8950.0,Rejected
APP104858,57,Female,Yes,1,Graduate,No,Unemployed,0.0,3920.0,3000.0,23.7,60,802.0,0,0.502,1,Semiurban,29900.0,14.7,2140.0,Rejected
APP102097,45,Male,Yes,3+,Graduate,No,Salaried,3.6,6080.0,0.0,34.7,12,545.0,0,0.354,1,Semiurban,11600.0,1.5,20800.0,Rejected
APP104401,29,Female,Yes,0,Not Graduate,No,Salaried,0.2,3540.0,0.0,15.0,60,669.0,1,0.287,1,Urban,37500.0,30.3,11660.0,Approved
APP103633,37,Male,Yes,0,Graduate,No,Self-Employed,9.3,3970.0,0.0,10.0,120,691.0,2,0.134,1,Semiurban,18600.0,6.1,1680.0,Approved
APP104539,33,Male,No,1,Graduate,Yes,Self-Employed,3.4,6840.0,0.0,25.0,36,731.0,1,0.128,1,Urban,102800.0,7.9,5340.0,Approved
APP100963,28,Female,No,0,Graduate,No,Salaried,6.9,6300.0,2340.0,50.1,12,608.0,0,0.113,1,Urban,37800.0,5.5,1240.0,Approved
APP100836,44,Male,Yes,2,Not Graduate,No,Unemployed,0.0,3440.0,3860.0,,12,592.0,0,0.159,1,Semiurban,98700.0,2.1,1490.0,Rejected
APP100601,39,Male,No,3+,Not Graduate,Yes,Salaried,5.0,4380.0,1400.0,21.3,360,705.0,0,0.207,1,Urban,49500.0,7.8,220.0,Approved
APP102184,54,Male,Yes,3+,Graduate,,Business Owner,8.2,5200.0,0.0,16.6,360,597.0,0,0.213,1,Urban,25400.0,4.7,2140.0,Rejected
APP103941,39,Male,Yes,2,Graduate,Yes,Unemployed,0.0,2410.0,940.0,10.0,36,618.0,0,0.032,1,Urban,41400.0,1.2,12730.0,Rejected
APP102528,25,Male,No,0,Not Graduate,No,Salaried,10.2,5730.0,0.0,14.8,36,610.0,2,0.342,1,Urban,26500.0,6.2,2960.0,Rejected
APP104351,43,Male,No,0,Graduate,No,Unemployed,0.0,4890.0,0.0,23.7,240,785.0,0,0.151,0,Urban,13600.0,8.3,6240.0,Rejected
APP101582,43,Male,Yes,3+,Graduate,No,Salaried,1.3,6320.0,490.0,12.9,12,671.0,1,0.565,0,Urban,64400.0,2.4,3810.0,Rejected
APP104310,34,Male,Yes,1,Graduate,No,Salaried,1.3,1420.0,0.0,10.0,240,,1,0.349,1,Rural,46000.0,3.4,13800.0,Approved
APP103535,47,Male,Yes,2,Not Graduate,No,Salaried,0.4,3970.0,880.0,23.2,180,741.0,0,0.478,1,Semiurban,37600.0,0.3,8940.0,Rejected
APP103226,28,Male,Yes,0,Not Graduate,No,Salaried,7.6,8970.0,0.0,24.7,360,760.0,0,0.487,1,Rural,18000.0,0.2,7190.0,Approved
APP101070,22,Male,No,2,Not Graduate,No,Salaried,0.6,5450.0,0.0,18.6,84,626.0,1,0.204,1,Rural,43900.0,15.7,2350.0,Approved
APP101775,21,Female,Yes,0,Graduate,No,Salaried,8.5,6310.0,0.0,29.2,12,683.0,0,0.304,1,Urban,42200.0,4.6,6740.0,Approved
APP104857,21,Female,Yes,0,Not Graduate,No,Salaried,2.0,3430.0,0.0,17.5,36,562.0,0,0.029,1,Semiurban,47000.0,0.8,7240.0,Approved
APP101283,51,Male,Yes,0,Not Graduate,Yes,Salaried,1.5,2970.0,2780.0,34.4,84,812.0,2,0.063,1,Semiurban,83900.0,1.8,1600.0,Approved
APP103112,32,Female,Yes,1,Not Graduate,No,Salaried,4.3,3520.0,920.0,24.7,240,597.0,1,0.332,1,Urban,50200.0,33.2,10130.0,Approved
APP104802,21,Female,Yes,1,Graduate,No,Self-Employed,6.8,2770.0,930.0,10.0,360,462.0,0,0.031,1,Semiurban,49400.0,1.8,1410.0,Rejected
APP101836,46,Male,Yes,1,Graduate,Yes,Salaried,8.8,1760.0,3000.0,26.5,180,612.0,0,0.063,0,Urban,46000.0,0.1,1600.0,Approved
APP104286,24,Female,Yes,0,Not Graduate,No,Self-Employed,4.6,3400.0,3640.0,22.2,84,647.0,0,0.416,1,Rural,63300.0,0.9,12700.0,Approved
APP101019,37,Female,No,,Graduate,No,Self-Employed,9.7,4250.0,2070.0,,84,661.0,0,0.32,1,Urban,41200.0,2.4,5400.0,Approved
APP103271,37,Female,Yes,2,Graduate,Yes,Salaried,10.2,2390.0,0.0,11.2,84,714.0,0,0.674,1,Semiurban,79000.0,7.5,5290.0,Rejected
APP101326,38,Male,No,,Graduate,No,Self-Employed,2.8,3970.0,0.0,,240,850.0,1,0.176,1,Urban,44800.0,2.7,29820.0,Approved
APP100475,38,Male,Yes,1,Graduate,Yes,Salaried,16.2,5960.0,2150.0,27.1,360,670.0,1,0.324,1,Urban,59800.0,3.9,3280.0,Approved
APP103516,37,Female,Yes,0,Graduate,No,Self-Employed,0.2,3240.0,2030.0,30.9,60,762.0,0,0.114,1,Rural,112200.0,5.6,5580.0,Approved
APP101651,48,Female,Yes,0,Graduate,No,Unemployed,0.0,5180.0,0.0,20.4,180,619.0,0,0.246,0,Urban,79000.0,3.7,3340.0,Rejected
APP104077,47,Female,Yes,0,Graduate,No,Unemployed,0.0,4550.0,0.0,13.1,60,562.0,0,0.104,1,Semiurban,35700.0,3.1,900.0,Rejected
APP104329,37,Female,Yes,1,Not Graduate,No,Business Owner,0.1,2000.0,2670.0,10.0,60,673.0,0,0.234,1,Urban,33000.0,3.3,21720.0,Approved
APP104483,33,Female,Yes,0,Graduate,No,Salaried,5.3,4950.0,0.0,28.9,12,658.0,0,0.11,1,Rural,17700.0,2.6,3870.0,Rejected
APP102523,25,Male,Yes,0,Not Graduate,Yes,Business Owner,7.7,5140.0,0.0,24.3,120,,2,0.272,1,Urban,72500.0,3.5,4130.0,Rejected
APP102634,37,Female,Yes,0,Graduate,Yes,Business Owner,2.6,5970.0,0.0,35.8,84,585.0,1,0.344,1,Urban,61900.0,2.4,10150.0,Rejected
APP101373,38,Female,No,0,Not Graduate,No,Unemployed,0.0,1740.0,1930.0,10.0,240,638.0,0,0.128,1,Rural,44600.0,5.3,3530.0,Rejected
APP100739,49,Male,Yes,0,Graduate,No,Salaried,2.6,7050.0,3900.0,,180,729.0,0,0.399,1,Urban,14100.0,0.7,1340.0,Rejected
APP103691,56,Male,No,,Graduate,No,Salaried,1.4,11090.0,1800.0,57.3,12,647.0,0,0.145,1,Urban,15000.0,1.1,2870.0,Approved
APP104784,32,Male,Yes,1,Not Graduate,No,Business Owner,1.1,5890.0,1190.0,21.3,180,724.0,0,0.082,1,Rural,15300.0,2.0,3020.0,Rejected
APP100867,36,Male,Yes,0,Not Graduate,No,Salaried,10.7,2450.0,0.0,10.0,60,754.0,1,0.245,1,Rural,21600.0,11.7,18010.0,Approved
APP101140,40,Male,Yes,0,Graduate,No,Self-Employed,1.8,8470.0,4610.0,56.4,12,557.0,2,0.371,1,Urban,16100.0,1.2,2780.0,Rejected
APP100997,43,Male,No,2,Graduate,No,Salaried,5.7,6910.0,2550.0,49.1,240,844.0,0,0.221,0,Urban,322200.0,4.8,10440.0,Approved
APP101337,42,Female,Yes,0,Graduate,No,Salaried,6.5,2470.0,1800.0,10.0,240,677.0,0,0.099,1,Semiurban,55100.0,8.7,13770.0,Approved
APP100541,26,Male,Yes,0,Graduate,No,Salaried,1.8,6160.0,1270.0,21.7,84,656.0,0,0.057,1,Rural,145200.0,8.2,4140.0,Approved
APP101099,41,Female,Yes,,Graduate,Yes,Salaried,0.9,11050.0,810.0,34.2,84,725.0,1,0.419,1,Urban,111400.0,40.0,31570.0,Approved
APP101132,40,Male,Yes,0,Graduate,No,Salaried,2.2,4120.0,0.0,23.0,240,,0,0.404,1,Rural,26800.0,4.6,8210.0,Approved
APP104901,44,Male,Yes,0,Graduate,No,Salaried,0.8,3730.0,0.0,16.2,36,664.0,1,0.213,1,Semiurban,131300.0,0.0,12720.0,Approved
APP104898,56,Male,Yes,1,Not Graduate,No,Self-Employed,1.5,4170.0,1600.0,15.9,36,610.0,2,0.32,1,Semiurban,,2.5,4360.0,Rejected
APP102258,51,Male,Yes,0,Graduate,No,Salaried,15.6,4980.0,560.0,16.6,360,809.0,0,0.244,1,Semiurban,64000.0,15.2,3580.0,Approved
APP104065,32,Female,Yes,1,Not Graduate,No,Salaried,2.9,2840.0,0.0,10.0,180,613.0,2,0.501,1,Semiurban,39000.0,2.6,17330.0,Rejected
APP100059,43,Male,No,3+,Graduate,Yes,Salaried,10.9,1530.0,3240.0,15.0,360,665.0,0,0.27,1,Urban,58100.0,4.6,8200.0,Approved
APP102942,57,Male,Yes,0,Not Graduate,No,Salaried,12.9,2080.0,1830.0,18.5,360,685.0,1,0.26,0,Urban,27500.0,5.8,3220.0,Approved
APP101938,30,Female,Yes,0,Graduate,Yes,Salaried,8.5,3730.0,0.0,10.9,360,807.0,1,0.093,1,Semiurban,24800.0,14.2,2480.0,Approved
APP102627,21,Female,Yes,0,Graduate,No,Self-Employed,5.2,6200.0,0.0,33.6,360,593.0,0,0.332,1,Rural,14000.0,1.8,5960.0,Rejected
APP104986,26,Female,No,1,Not Graduate,No,Self-Employed,0.8,5420.0,2880.0,49.3,120,571.0,1,0.423,1,Urban,15500.0,9.1,2930.0,Rejected
APP101078,36,Male,Yes,2,Not Graduate,Yes,Salaried,5.3,1430.0,0.0,10.0,12,472.0,1,0.236,1,Semiurban,31800.0,8.2,1620.0,Rejected
APP102977,40,Female,Yes,0,Not Graduate,No,Salaried,7.3,3800.0,2140.0,17.7,84,706.0,1,0.188,1,Semiurban,130800.0,2.2,15700.0,Approved
APP104880,50,Male,Yes,0,Graduate,No,Unemployed,0.0,5260.0,0.0,18.2,12,625.0,3,0.207,1,Semiurban,29700.0,2.2,6820.0,Rejected
APP102535,36,Female,No,0,Graduate,No,Salaried,3.9,7100.0,0.0,39.3,84,679.0,0,0.256,1,Urban,58500.0,11.1,5480.0,Approved
APP100940,41,Male,No,2,Graduate,No,Self-Employed,23.6,2300.0,0.0,12.3,120,691.0,0,0.27,1,Semiurban,16100.0,1.1,2210.0,Rejected
APP101080,31,Male,No,0,Graduate,No,Salaried,3.9,6960.0,1360.0,26.6,84,491.0,0,0.328,1,Urban,22900.0,10.6,6540.0,Rejected
APP100187,23,Female,Yes,0,Graduate,No,Salaried,2.9,3480.0,0.0,15.2,60,683.0,1,0.098,1,Semiurban,50900.0,11.9,6700.0,Approved
APP102686,42,Male,No,0,Graduate,,Business Owner,24.8,3430.0,0.0,10.0,180,669.0,1,0.337,1,Rural,31400.0,2.5,970.0,Approved
APP102085,21,Male,No,0,Graduate,No,Salaried,2.1,4350.0,820.0,16.8,36,655.0,0,0.211,1,Semiurban,49400.0,9.0,1050.0,Approved
APP102249,36,Female,Yes,1,Graduate,No,Salaried,6.6,4020.0,4940.0,47.1,84,406.0,1,0.53,1,Semiurban,56200.0,6.8,4950.0,Rejected
APP104940,39,Female,Yes,2,Not Graduate,No,Salaried,2.3,1310.0,0.0,10.0,240,614.0,0,0.336,1,Urban,62200.0,1.3,15010.0,Rejected
APP102023,34,Female,Yes,3+,Graduate,No,Unemployed,0.0,2160.0,3100.0,30.5,60,754.0,2,0.281,1,Rural,14400.0,9.0,9700.0,Rejected
APP103782,24,Male,No,0,Not Graduate,No,Salaried,9.0,2830.0,1980.0,24.1,240,681.0,0,0.117,1,Semiurban,97300.0,2.2,4370.0,Approved
APP101492,31,Male,Yes,3+,Not Graduate,No,Salaried,2.7,5560.0,0.0,10.6,240,739.0,0,0.266,1,Urban,25800.0,8.3,1920.0,Approved
APP103679,48,Female,Yes,0,Graduate,No,Salaried,1.1,8770.0,0.0,42.6,360,545.0,1,0.3,1,Urban,12900.0,8.8,5970.0,Rejected
APP100226,49,Male,No,2,Graduate,Yes,Unemployed,0.0,5940.0,2390.0,30.9,84,636.0,0,0.052,1,Urban,56000.0,12.7,8390.0,Rejected
APP103370,31,Female,Yes,0,Not Graduate,No,Salaried,0.2,4910.0,0.0,23.6,240,690.0,2,0.193,1,Semiurban,59300.0,4.1,3010.0,Approved
APP101929,43,Male,No,1,Graduate,,Salaried,5.9,5270.0,0.0,18.7,84,543.0,1,0.371,1,Rural,13800.0,0.7,4880.0,Rejected
APP103641,55,Male,No,3+,Graduate,No,Salaried,15.4,7080.0,0.0,10.7,120,597.0,2,0.157,1,Urban,18100.0,8.3,3770.0,Approved
APP104534,26,Female,No,1,Graduate,No,Salaried,5.3,7630.0,0.0,12.3,180,668.0,0,0.442,1,Rural,44400.0,2.1,450.0,Approved
APP101404,56,Male,Yes,0,Graduate,No,Salaried,5.4,8040.0,750.0,26.0,84,544.0,0,0.286,1,Rural,22700.0,5.2,2800.0,Rejected
APP102179,37,Male,Yes,1,Not Graduate,No,Business Owner,2.8,7000.0,5480.0,55.6,240,530.0,1,0.202,1,Semiurban,57200.0,2.5,17430.0,Approved
APP100697,47,Male,Yes,0,Graduate,No,Salaried,7.0,2650.0,2490.0,11.9,60,579.0,2,0.473,1,Semiurban,53900.0,2.1,6960.0,Rejected
APP101124,34,Female,No,3+,Graduate,Yes,Salaried,20.1,4680.0,4250.0,22.3,360,625.0,1,0.186,1,Semiurban,11500.0,7.7,9180.0,Approved
APP102890,40,Male,No,1,Graduate,,Business Owner,2.3,7330.0,2200.0,30.1,84,689.0,1,0.271,1,Semiurban,15900.0,1.6,1270.0,Approved
APP102978,31,Female,Yes,0,Not Graduate,No,Self-Employed,2.0,2550.0,0.0,15.1,360,673.0,0,0.451,1,Semiurban,40700.0,4.8,1110.0,Rejected
APP101778,30,Male,Yes,1,Graduate,No,Salaried,1.2,6650.0,2260.0,34.5,180,607.0,0,0.557,1,Urban,23000.0,1.5,2210.0,Rejected
APP102917,37,Male,No,0,Not Graduate,Yes,Salaried,3.1,2900.0,0.0,,84,499.0,0,0.536,1,Urban,23700.0,8.9,8440.0,Rejected
APP101037,28,Male,Yes,2,Graduate,No,Salaried,1.8,1820.0,0.0,10.0,60,743.0,1,0.371,1,Urban,20300.0,5.9,9630.0,Rejected
APP104217,37,Female,No,1,Graduate,No,Business Owner,5.8,4450.0,0.0,22.8,180,613.0,0,0.47,1,Urban,41900.0,2.4,1850.0,Rejected
APP102256,38,Male,No,1,Not Graduate,No,Unemployed,0.0,2380.0,0.0,10.0,180,607.0,1,0.185,1,Semiurban,43000.0,4.9,7410.0,Rejected
APP100313,50,Female,No,0,Graduate,No,Salaried,1.6,8950.0,0.0,43.5,240,531.0,1,0.268,1,Urban,67900.0,8.5,2680.0,Rejected
APP102281,45,Female,No,3+,Graduate,,Salaried,3.3,4380.0,3540.0,40.9,240,737.0,0,0.516,1,Semiurban,35100.0,0.9,620.0,Approved
APP101416,43,Male,No,1,Graduate,No,Self-Employed,0.3,4770.0,2520.0,28.4,36,722.0,0,0.093,1,Semiurban,50900.0,8.9,23540.0,Approved
APP101036,44,Male,Yes,1,Graduate,No,Salaried,9.9,4740.0,0.0,14.4,180,708.0,0,0.055,1,Urban,18300.0,7.8,3390.0,Approved
APP102159,59,Male,No,1,Graduate,Yes,Business Owner,5.8,4410.0,3650.0,34.2,36,617.0,0,0.165,1,Semiurban,29800.0,2.5,25150.0,Rejected
APP104205,23,Female,Yes,,Not Graduate,No,Salaried,2.3,4530.0,1620.0,10.2,84,548.0,0,0.149,1,Urban,73900.0,6.0,2670.0,Rejected
APP101754,32,Female,No,,Graduate,No,Salaried,2.4,4800.0,0.0,19.8,360,605.0,1,0.17,1,Urban,43200.0,0.1,8240.0,Rejected
APP103176,43,Male,Yes,0,Not Graduate,No,Self-Employed,0.6,4870.0,3690.0,,36,551.0,1,0.451,1,Semiurban,55100.0,4.3,3540.0,Rejected
APP104303,51,Female,Yes,0,Graduate,No,Self-Employed,7.8,4470.0,1380.0,18.7,84,649.0,1,0.099,1,Urban,51000.0,1.4,24470.0,Approved
APP102751,53,Male,Yes,1,Not Graduate,No,Salaried,5.1,2850.0,0.0,10.0,180,611.0,1,0.423,1,Semiurban,88500.0,1.8,4960.0,Approved
APP103273,30,Male,Yes,2,Not Graduate,No,Salaried,8.1,2580.0,790.0,10.0,36,586.0,1,0.322,1,Semiurban,24900.0,0.2,3560.0,Rejected
APP103413,45,Male,Yes,0,Graduate,No,Self-Employed,15.9,7400.0,3610.0,26.2,60,849.0,1,0.381,1,Semiurban,40000.0,4.8,2850.0,Approved
APP103499,27,Male,No,1,Not Graduate,Yes,Business Owner,1.5,4390.0,0.0,10.7,84,760.0,0,0.317,1,Semiurban,,2.3,1860.0,Approved
APP101506,40,Male,Yes,0,Not Graduate,No,Salaried,1.3,2540.0,0.0,10.0,36,724.0,2,0.059,1,Semiurban,41900.0,2.3,1650.0,Approved
APP101923,41,Female,No,3+,Graduate,No,Salaried,2.4,4370.0,0.0,10.9,36,625.0,0,0.339,1,Rural,35700.0,17.4,17890.0,Approved
APP100448,22,Female,Yes,2,Graduate,No,Self-Employed,14.7,7130.0,0.0,33.5,84,664.0,0,0.425,1,Urban,42300.0,7.1,4520.0,Rejected
APP102488,28,Male,No,1,Graduate,Yes,Salaried,2.0,10680.0,1980.0,59.0,60,721.0,0,0.468,1,Urban,45500.0,5.3,7720.0,Approved
APP102576,43,Female,Yes,0,Not Graduate,No,Self-Employed,2.0,2030.0,2700.0,12.8,12,687.0,0,0.179,1,Semiurban,27600.0,1.0,5430.0,Approved
APP100015,50,Female,Yes,,Graduate,No,Self-Employed,0.2,14240.0,0.0,65.4,84,493.0,1,0.258,1,Semiurban,67900.0,1.2,10240.0,Rejected
APP104990,37,Male,No,3+,Graduate,No,Self-Employed,0.9,2460.0,0.0,10.0,180,666.0,1,0.115,1,Urban,22100.0,3.5,5190.0,Rejected
APP100361,29,Male,Yes,0,Graduate,Yes,Salaried,0.6,3140.0,0.0,15.9,240,596.0,3,0.234,1,Semiurban,92000.0,1.8,4290.0,Rejected
APP102183,35,Male,Yes,0,Graduate,No,Business Owner,7.5,10340.0,0.0,,12,522.0,0,0.18,1,Rural,32600.0,14.3,1220.0,Rejected
APP101134,44,Male,No,2,Not Graduate,No,Unemployed,0.0,6470.0,0.0,28.9,120,492.0,0,0.355,1,Semiurban,19700.0,8.2,2530.0,Rejected
APP103956,24,Male,Yes,0,Not Graduate,No,Salaried,3.4,2570.0,0.0,10.0,84,583.0,3,0.287,1,Rural,44000.0,4.9,900.0,Rejected
APP102155,33,Male,Yes,0,Not Graduate,No,Salaried,0.5,2110.0,0.0,11.3,360,629.0,1,0.308,1,Rural,12500.0,29.5,2060.0,Rejected
APP101830,42,Male,Yes,0,Graduate,No,Business Owner,4.9,4890.0,0.0,26.3,360,629.0,0,0.521,1,Semiurban,130500.0,0.9,2530.0,Rejected
APP101053,41,Female,Yes,1,Graduate,No,Salaried,0.8,11750.0,3210.0,82.1,360,654.0,1,0.417,1,Urban,13600.0,1.5,1850.0,Rejected
APP102460,61,Female,No,1,Not Graduate,No,Unemployed,0.0,2450.0,1430.0,22.2,12,499.0,1,0.233,1,Semiurban,52100.0,14.1,6590.0,Rejected
APP100022,21,Female,Yes,0,Not Graduate,No,Business Owner,8.7,4520.0,1430.0,,12,523.0,1,0.41,1,Rural,19800.0,3.6,6150.0,Rejected
APP102066,38,Male,Yes,2,Graduate,No,Business Owner,5.1,4810.0,0.0,17.0,12,599.0,1,0.35,1,Rural,24100.0,0.6,460.0,Approved
APP101653,45,Male,Yes,2,Graduate,No,Salaried,12.7,14240.0,2070.0,40.7,84,551.0,2,0.204,1,Urban,21400.0,0.4,10390.0,Rejected
APP102638,34,Female,Yes,0,Not Graduate,,Self-Employed,6.0,5050.0,1910.0,37.7,240,655.0,2,0.186,1,Semiurban,28000.0,1.9,3980.0,Rejected
APP103276,21,Male,Yes,2,Graduate,No,Salaried,5.0,3220.0,5540.0,30.3,12,574.0,1,0.108,1,Semiurban,122900.0,17.7,2750.0,Approved
APP103881,36,Female,Yes,,Not Graduate,No,Salaried,3.1,1650.0,1040.0,12.6,180,649.0,0,0.324,1,Semiurban,35200.0,23.6,1230.0,Rejected
APP104110,49,Male,No,0,Graduate,No,Self-Employed,0.6,14410.0,2410.0,86.3,240,605.0,0,0.116,1,Rural,76600.0,8.6,11140.0,Approved
APP102468,25,Female,Yes,0,Graduate,No,Unemployed,0.0,4150.0,0.0,10.0,36,643.0,0,0.312,1,Semiurban,53900.0,4.5,4630.0,Rejected
APP102325,53,Male,Yes,3+,Not Graduate,No,Self-Employed,4.6,2900.0,1890.0,10.0,60,660.0,1,0.34,1,Semiurban,25500.0,1.2,3900.0,Rejected
APP100460,31,Female,No,2,Graduate,No,Salaried,4.7,2480.0,3000.0,,36,794.0,1,0.185,1,Urban,32500.0,4.6,9890.0,Approved
APP101067,53,Female,Yes,0,Not Graduate,No,Unemployed,0.0,2100.0,0.0,12.2,120,685.0,0,0.235,1,Rural,17100.0,1.2,1900.0,Rejected
APP100087,50,Female,No,0,Graduate,No,Salaried,8.7,5380.0,4930.0,20.7,360,569.0,1,0.07,1,Rural,17600.0,7.0,2430.0,Approved
APP101430,47,Female,Yes,1,Not Graduate,,Business Owner,7.4,5080.0,0.0,10.0,120,592.0,2,0.054,1,Semiurban,74000.0,3.4,2170.0,Approved
APP102699,26,Male,Yes,3+,Not Graduate,No,Salaried,2.8,4510.0,4710.0,21.6,60,548.0,1,0.092,1,Rural,23800.0,1.0,19060.0,Rejected
APP100282,33,Female,Yes,1,Graduate,No,Salaried,7.8,1860.0,0.0,10.0,240,827.0,0,0.081,1,Urban,33300.0,0.4,4140.0,Approved
APP102483,26,Female,No,2,Graduate,No,Self-Employed,3.0,4750.0,0.0,10.0,84,473.0,0,0.287,1,Urban,91300.0,4.1,6520.0,Rejected
APP100462,43,Female,Yes,,Not Graduate,Yes,Self-Employed,3.9,3640.0,3660.0,32.9,12,625.0,1,0.118,1,Urban,44900.0,3.9,9010.0,Approved
APP100212,42,Female,Yes,0,Graduate,,Salaried,1.7,7270.0,1690.0,27.6,12,645.0,0,0.55,1,Semiurban,58100.0,8.9,7310.0,Rejected
APP103870,37,Male,Yes,0,Graduate,No,Salaried,0.6,3660.0,0.0,15.1,12,517.0,2,0.375,1,Rural,80300.0,4.5,3010.0,Rejected
APP101368,44,Male,Yes,0,Graduate,No,Salaried,3.3,5380.0,3070.0,33.7,240,806.0,0,0.18,1,Urban,31500.0,15.2,3010.0,Approved
APP100234,36,Male,No,0,Not Graduate,No,Unemployed,0.0,1540.0,2350.0,17.9,12,723.0,0,0.414,1,Urban,37300.0,6.1,1380.0,Rejected
APP102825,21,Female,No,1,Not Graduate,No,Business Owner,3.9,9220.0,690.0,43.9,60,554.0,0,0.074,1,Urban,45700.0,12.2,1760.0,Approved
APP100597,24,Male,Yes,0,Not Graduate,No,Self-Employed,0.4,1440.0,2410.0,,12,520.0,1,0.269,1,Rural,24300.0,40.0,2530.0,Rejected
APP104464,41,Male,No,0,Graduate,No,Salaried,0.9,3480.0,1290.0,21.0,120,752.0,0,0.179,1,Semiurban,40700.0,3.8,1600.0,Approved
APP102250,24,Female,Yes,1,Graduate,No,Business Owner,0.6,10930.0,0.0,20.6,360,610.0,0,0.301,0,Semiurban,23900.0,1.5,630.0,Rejected
APP104108,41,Female,Yes,1,Not Graduate,No,Salaried,1.6,1200.0,0.0,10.0,180,736.0,1,0.146,1,Urban,13100.0,2.8,22820.0,Approved
APP102283,40,Male,Yes,1,Not Graduate,Yes,Business Owner,6.4,3320.0,1000.0,16.2,240,768.0,0,0.047,1,Urban,14100.0,0.6,7970.0,Approved
APP100662,27,Female,No,0,Graduate,No,Salaried,2.0,3210.0,0.0,,360,571.0,1,0.409,1,Semiurban,29400.0,11.6,9720.0,Rejected
APP104288,49,Male,Yes,2,Not Graduate,No,Salaried,18.4,10320.0,310.0,51.8,12,549.0,0,0.077,1,Urban,14200.0,4.2,3120.0,Rejected
APP102285,38,Male,Yes,0,Graduate,No,Unemployed,0.0,2460.0,0.0,14.0,360,750.0,0,0.393,1,Semiurban,110500.0,20.0,23140.0,Approved
APP104764,41,Male,Yes,0,Graduate,No,Business Owner,0.5,8470.0,950.0,40.2,240,671.0,1,0.196,1,Semiurban,18100.0,2.2,3610.0,Rejected
APP103258,47,Male,Yes,2,Graduate,No,Salaried,7.8,2640.0,1320.0,10.0,360,663.0,2,0.417,1,Urban,37200.0,7.6,2090.0,Approved
APP102550,45,Male,Yes,2,Graduate,No,Salaried,9.0,3750.0,2060.0,24.8,120,568.0,1,0.195,1,Urban,74100.0,5.4,12190.0,Approved
APP103699,26,Male,Yes,0,Graduate,Yes,Business Owner,0.6,5090.0,0.0,27.3,36,808.0,1,0.212,1,Urban,20600.0,2.6,3510.0,Approved
APP100779,46,Male,Yes,2,Not Graduate,Yes,Self-Employed,9.4,2800.0,0.0,10.0,360,560.0,0,0.244,1,Rural,101500.0,15.9,1710.0,Approved
APP104769,29,Male,Yes,0,Not Graduate,Yes,Business Owner,7.9,4630.0,0.0,24.2,360,563.0,1,0.354,1,Urban,16000.0,6.8,4500.0,Approved
APP103494,49,Male,Yes,0,Graduate,No,Business Owner,3.9,4790.0,0.0,13.7,120,745.0,1,0.293,1,Urban,66000.0,20.8,1790.0,Approved
APP103353,21,Male,No,0,Graduate,No,Salaried,2.6,1310.0,0.0,10.0,240,623.0,2,0.414,1,Semiurban,50700.0,1.3,2640.0,Rejected
APP103262,41,Female,Yes,0,Graduate,No,Business Owner,4.0,3420.0,990.0,16.2,84,806.0,0,0.353,1,Urban,8500.0,1.8,27480.0,Approved
APP104884,23,Male,No,2,Not Graduate,No,Salaried,1.3,4520.0,800.0,20.2,84,757.0,0,0.13,1,Urban,76800.0,9.9,7870.0,Approved
APP100685,42,Male,Yes,0,Graduate,Yes,Business Owner,9.0,6500.0,0.0,,60,563.0,5,0.255,1,Semiurban,32000.0,0.4,8110.0,Rejected
APP103414,33,Male,Yes,2,Graduate,Yes,Salaried,4.0,3190.0,1660.0,,36,558.0,3,0.371,1,Semiurban,20300.0,11.3,7750.0,Rejected
APP102802,33,Male,Yes,0,Graduate,No,Salaried,2.0,4710.0,0.0,17.3,360,662.0,1,0.425,1,Semiurban,57700.0,0.3,6860.0,Approved
APP104472,43,Male,Yes,0,Not Graduate,Yes,Salaried,2.9,1900.0,4540.0,12.4,240,653.0,3,0.302,1,Urban,31400.0,3.7,59800.0,Rejected
APP102171,52,Female,No,1,Graduate,No,Salaried,1.2,2190.0,2020.0,10.2,180,804.0,1,0.426,1,Urban,138600.0,0.5,7370.0,Approved
APP103750,28,Male,Yes,3+,Graduate,No,Unemployed,0.0,1200.0,1390.0,10.0,360,470.0,1,0.245,1,Urban,35300.0,10.8,2690.0,Rejected
APP101850,39,Female,Yes,3+,Graduate,No,Salaried,18.8,4240.0,1560.0,31.4,180,650.0,1,0.134,1,Semiurban,51000.0,10.9,1340.0,Approved
APP100487,33,Female,Yes,0,Graduate,Yes,Self-Employed,17.7,5230.0,0.0,26.0,120,594.0,1,0.411,1,Urban,28900.0,3.8,1600.0,Rejected
APP101688,28,Male,Yes,3+,Graduate,No,Salaried,5.4,5150.0,1910.0,30.8,240,583.0,0,0.222,1,Urban,25600.0,1.3,24800.0,Rejected
APP102230,34,Male,Yes,2,Graduate,No,Salaried,22.9,4920.0,1960.0,29.3,120,610.0,1,0.271,1,Urban,52200.0,7.5,10470.0,Approved
APP104939,32,Male,Yes,0,Graduate,No,Business Owner,4.0,4450.0,3980.0,32.8,84,592.0,0,0.043,1,Urban,59900.0,2.2,7020.0,Approved
APP102320,34,Male,Yes,2,Graduate,Yes,Self-Employed,8.1,4380.0,0.0,12.5,360,572.0,1,0.52,1,Rural,20700.0,14.1,14000.0,Rejected
APP100782,49,Male,Yes,,Graduate,No,Business Owner,6.1,1910.0,2160.0,14.5,84,557.0,0,0.579,1,Urban,43300.0,0.9,4480.0,Rejected
APP100521,28,Female,No,0,Graduate,No,Salaried,18.9,5750.0,0.0,34.2,36,558.0,0,0.31,0,Semiurban,,13.7,18800.0,Rejected
APP100522,26,Male,Yes,0,Graduate,No,Salaried,0.7,2500.0,2140.0,20.7,12,400.0,1,0.26,1,Semiurban,45200.0,16.9,2350.0,Rejected
APP102895,31,Female,Yes,0,Graduate,No,Business Owner,0.7,6470.0,2940.0,40.0,60,639.0,1,0.101,0,Semiurban,83900.0,4.2,1490.0,Approved
APP104030,42,Female,Yes,0,Graduate,No,Self-Employed,1.4,11040.0,0.0,20.3,240,660.0,1,0.039,1,Urban,58100.0,0.7,2100.0,Approved
APP102398,48,Female,Yes,1,Graduate,No,Salaried,7.2,13810.0,1720.0,,240,608.0,0,0.249,1,Semiurban,47700.0,9.8,6860.0,Rejected
APP102207,39,Male,Yes,1,Graduate,Yes,Business Owner,6.2,2050.0,2260.0,19.1,180,540.0,0,0.585,1,Semiurban,22800.0,0.8,950.0,Rejected
APP103905,29,Female,No,0,Not Graduate,No,Unemployed,0.0,2550.0,0.0,10.0,60,651.0,0,0.099,1,Rural,12900.0,7.7,32450.0,Approved
APP103622,40,Male,No,0,Graduate,No,Business Owner,1.6,3620.0,0.0,18.8,120,687.0,1,0.185,1,Semiurban,28700.0,6.0,6340.0,Rejected
APP103810,32,Female,Yes,0,Graduate,No,Self-Employed,1.8,3600.0,0.0,10.0,36,561.0,0,0.188,1,Urban,37700.0,4.6,21560.0,Rejected
APP102879,41,Male,Yes,0,Graduate,No,Business Owner,17.2,9160.0,1680.0,31.8,360,580.0,0,0.37,1,Urban,284100.0,2.8,10150.0,Approved
APP101511,27,Male,No,0,Graduate,Yes,Salaried,1.8,2740.0,2010.0,23.7,360,764.0,0,0.296,1,Semiurban,114300.0,9.3,1570.0,Approved
APP101882,62,Female,Yes,1,Graduate,No,Self-Employed,1.9,5850.0,2950.0,35.9,36,636.0,0,0.392,1,Rural,72200.0,3.2,54690.0,Approved
APP100651,49,Female,Yes,0,Not Graduate,No,Salaried,0.5,4350.0,0.0,18.6,240,694.0,0,0.191,1,Rural,,7.6,2720.0,Approved
APP102843,39,Male,Yes,1,Graduate,No,Salaried,2.6,2420.0,1170.0,18.6,60,599.0,1,0.105,1,Rural,19700.0,2.0,7370.0,Rejected
APP103813,27,Male,No,0,Graduate,No,Salaried,0.9,8250.0,1130.0,29.2,180,503.0,1,0.392,1,Urban,56600.0,0.4,6960.0,Rejected
APP100369,48,Male,No,0,Not Graduate,No,Self-Employed,4.6,2450.0,0.0,10.0,180,505.0,0,0.235,1,Rural,9900.0,1.6,4980.0,Rejected
APP104385,26,Female,Yes,0,Not Graduate,No,Salaried,4.2,1200.0,0.0,10.0,36,531.0,3,0.477,1,Rural,81700.0,10.2,3740.0,Rejected
APP100118,36,Male,Yes,0,Graduate,Yes,Salaried,13.3,9140.0,2430.0,48.3,12,503.0,0,0.412,0,Urban,19200.0,3.7,7920.0,Rejected
APP103885,48,Female,Yes,0,Graduate,Yes,Unemployed,0.0,10460.0,0.0,49.1,360,692.0,0,0.106,1,Semiurban,16800.0,10.0,2250.0,Rejected
APP103096,43,Male,Yes,2,Graduate,Yes,Self-Employed,6.0,3640.0,5740.0,28.3,120,582.0,0,0.128,1,Semiurban,13300.0,8.3,5970.0,Rejected
APP102216,44,Male,Yes,2,Graduate,No,Salaried,5.9,3210.0,0.0,15.5,240,628.0,0,0.263,1,Semiurban,70500.0,7.5,1450.0,Rejected
APP103612,51,Male,Yes,2,Graduate,No,Self-Employed,8.9,2520.0,2550.0,21.7,180,768.0,0,0.586,1,Urban,32100.0,0.3,5920.0,Rejected
APP101613,21,Female,No,0,Graduate,Yes,Salaried,3.5,9770.0,2760.0,37.1,240,644.0,1,0.38,1,Urban,46000.0,4.9,14650.0,Approved
APP104073,36,Female,Yes,2,Graduate,No,Salaried,7.2,10200.0,0.0,43.2,240,488.0,0,0.498,1,Urban,20400.0,12.9,1740.0,Rejected
APP100962,49,Female,No,0,Graduate,No,Salaried,0.8,4020.0,0.0,23.7,180,685.0,0,0.313,1,Rural,11400.0,12.0,2630.0,Rejected
APP102510,47,Female,Yes,0,Graduate,No,Salaried,0.4,3450.0,1690.0,14.0,180,687.0,1,0.308,1,Rural,6500.0,2.5,9750.0,Approved
APP103617,29,Male,No,2,Graduate,No,Salaried,1.5,4270.0,6920.0,21.1,240,715.0,2,0.084,1,Urban,70500.0,1.8,8650.0,Approved
APP102880,70,Male,Yes,0,Graduate,No,Business Owner,2.2,6600.0,1540.0,29.6,180,630.0,0,0.158,1,Rural,15300.0,2.4,2680.0,Approved
APP103513,30,Male,Yes,0,Not Graduate,No,Self-Employed,1.1,6380.0,0.0,18.1,36,466.0,0,0.408,1,Semiurban,36600.0,14.8,37100.0,Rejected
APP103094,21,Male,Yes,0,Graduate,Yes,Salaried,1.5,4260.0,1120.0,23.5,240,612.0,3,0.318,1,Urban,,9.7,1050.0,Rejected
APP102415,32,Male,No,1,Graduate,No,Salaried,2.3,3570.0,0.0,16.0,60,682.0,2,0.567,1,Rural,52800.0,4.9,11620.0,Approved
APP104701,27,Female,No,0,Graduate,Yes,Salaried,3.2,2180.0,0.0,10.0,84,775.0,0,0.162,1,Semiurban,14800.0,8.2,5390.0,Approved
APP104280,42,Male,Yes,0,Graduate,,Salaried,0.2,2980.0,620.0,11.1,36,626.0,1,0.44,1,Urban,27100.0,14.8,3370.0,Rejected
APP102185,27,Male,Yes,0,Graduate,No,Salaried,12.2,2830.0,0.0,12.2,36,744.0,1,0.05,1,Rural,42300.0,2.6,9030.0,Approved
APP104362,55,Female,No,2,Not Graduate,No,Business Owner,0.6,4830.0,2060.0,40.5,60,620.0,0,0.181,1,Semiurban,33100.0,7.3,2040.0,Rejected
APP102567,43,Male,Yes,0,Graduate,No,Salaried,7.1,2400.0,940.0,11.9,120,620.0,0,0.411,1,Urban,37900.0,1.7,6170.0,Rejected
APP102037,32,Male,Yes,2,Graduate,No,Salaried,1.4,4230.0,2110.0,16.8,12,540.0,0,0.259,1,Urban,107000.0,3.0,3720.0,Rejected
APP104305,21,Male,Yes,0,Graduate,No,Unemployed,0.0,5030.0,0.0,,240,748.0,3,0.5,0,Rural,77000.0,0.2,8570.0,Rejected
APP100772,53,Female,Yes,2,Graduate,No,Business Owner,3.9,9270.0,2070.0,67.4,12,772.0,0,0.113,1,Urban,14400.0,2.5,1250.0,Approved
APP101284,40,Female,No,2,Not Graduate,No,Unemployed,0.0,3880.0,3090.0,31.1,180,586.0,2,0.382,1,Urban,18700.0,2.3,6880.0,Rejected
APP104649,36,Male,No,3+,Graduate,No,Self-Employed,9.7,4300.0,0.0,14.7,36,729.0,0,0.331,1,Rural,53800.0,20.1,1250.0,Approved
APP104785,52,Male,Yes,2,Not Graduate,No,Salaried,21.3,3250.0,0.0,10.0,240,704.0,1,0.27,0,Rural,26100.0,2.8,3940.0,Approved
APP104621,34,Female,Yes,0,Not Graduate,,Salaried,16.0,2020.0,0.0,11.5,12,759.0,1,0.216,0,Urban,17600.0,0.4,7050.0,Approved
APP101414,38,Male,No,2,Graduate,No,Business Owner,0.0,8150.0,0.0,27.1,120,667.0,0,0.176,1,Semiurban,74600.0,5.0,2230.0,Approved
APP101234,43,Female,No,0,Graduate,No,Business Owner,12.4,3070.0,880.0,10.0,240,694.0,1,0.033,1,Urban,24800.0,2.7,4140.0,Approved
APP103477,30,Male,Yes,0,Not Graduate,No,Salaried,3.3,3030.0,0.0,16.1,120,613.0,0,0.171,1,Urban,25000.0,2.5,1250.0,Rejected
APP100435,35,Male,No,0,Graduate,Yes,Salaried,5.8,3860.0,1660.0,32.0,180,639.0,0,0.276,1,Rural,20400.0,6.4,2370.0,Rejected
APP101674,36,Male,Yes,0,Not Graduate,No,Business Owner,1.6,2600.0,0.0,10.0,12,806.0,1,0.133,1,Rural,106000.0,2.8,16860.0,Approved
APP100365,42,Female,Yes,2,Graduate,No,Business Owner,11.4,8790.0,1010.0,56.6,240,736.0,1,0.252,1,Semiurban,31900.0,2.3,13270.0,Rejected
APP104905,40,Female,Yes,2,Graduate,No,Salaried,5.6,8020.0,2480.0,27.8,12,714.0,1,0.293,1,Urban,17900.0,0.0,14310.0,Approved
APP100231,22,Female,No,2,Graduate,No,Business Owner,0.2,3890.0,0.0,,84,511.0,1,0.133,0,Semiurban,23600.0,11.1,2370.0,Rejected
APP104311,27,Female,Yes,3+,Not Graduate,No,Salaried,2.8,2620.0,0.0,10.0,84,700.0,0,0.271,1,Urban,58300.0,2.1,5390.0,Approved
APP100147,21,Female,Yes,0,Graduate,No,Salaried,0.3,3390.0,0.0,12.6,12,859.0,1,0.344,1,Semiurban,19700.0,0.2,3540.0,Approved
APP104443,58,Male,Yes,0,Not Graduate,No,Business Owner,11.0,3500.0,4290.0,39.4,180,681.0,0,0.211,1,Urban,,1.1,6100.0,Approved
APP100407,41,Male,No,1,Not Graduate,Yes,Salaried,14.8,1990.0,2920.0,17.2,180,688.0,0,0.426,1,Rural,54600.0,6.9,9400.0,Approved
APP102090,60,Male,Yes,1,Graduate,No,Salaried,4.1,8920.0,2570.0,67.0,60,628.0,0,0.233,1,Semiurban,63600.0,11.7,15650.0,Approved
APP100086,30,Male,No,3+,Not Graduate,No,Business Owner,0.4,2610.0,7230.0,56.0,180,704.0,0,0.242,1,Urban,20600.0,0.0,1180.0,Rejected
APP100844,37,Female,Yes,0,Graduate,No,Salaried,5.1,1660.0,0.0,10.0,60,678.0,0,0.601,1,Rural,21100.0,20.0,2420.0,Rejected
APP101031,32,Female,Yes,2,Not Graduate,No,Salaried,16.7,3600.0,1370.0,20.4,60,854.0,1,0.05,1,Urban,46100.0,2.9,6550.0,Approved
APP102683,37,Female,Yes,0,Graduate,No,Salaried,0.2,8760.0,0.0,39.4,360,713.0,1,0.25,1,Semiurban,11500.0,0.5,49350.0,Approved
APP104608,43,Male,No,0,Graduate,No,Salaried,4.6,2130.0,1350.0,10.4,120,655.0,1,0.28,1,Rural,72000.0,26.5,1760.0,Approved
APP102778,60,Male,Yes,0,Graduate,No,Salaried,1.2,10010.0,4390.0,31.6,60,,4,0.455,0,Urban,13600.0,11.3,6970.0,Rejected
APP103295,45,Female,Yes,2,Not Graduate,No,Salaried,0.8,14880.0,5580.0,74.3,180,,2,0.36,1,Rural,32400.0,17.2,7440.0,Rejected
APP102906,39,Female,No,1,Not Graduate,No,Business Owner,1.7,6640.0,0.0,25.8,240,634.0,0,0.567,1,Rural,102900.0,9.3,1710.0,Approved
APP100855,35,Female,Yes,0,Graduate,No,Salaried,24.1,7550.0,2430.0,41.5,180,691.0,0,0.372,1,Urban,46500.0,8.1,10130.0,Approved
APP100078,46,Female,No,0,Graduate,No,Salaried,4.0,4390.0,1140.0,14.6,360,699.0,1,0.2,1,Rural,22700.0,5.4,9010.0,Approved
APP102247,34,Male,No,0,Not Graduate,No,Self-Employed,6.9,7150.0,7710.0,40.8,120,542.0,1,0.187,1,Semiurban,26600.0,5.8,1700.0,Rejected
APP104615,38,Male,Yes,0,Graduate,No,Unemployed,0.0,4180.0,4090.0,41.3,12,596.0,2,0.336,1,Semiurban,,12.3,2360.0,Rejected
APP103729,49,Female,No,0,Not Graduate,No,Unemployed,0.0,5240.0,0.0,25.6,60,649.0,0,0.117,1,Semiurban,14000.0,7.6,2850.0,Rejected
APP104087,37,Male,Yes,2,Graduate,No,Business Owner,2.0,1730.0,3600.0,17.0,180,598.0,1,0.131,1,Urban,18900.0,1.7,7450.0,Approved
APP102968,26,Male,Yes,0,Graduate,Yes,Self-Employed,0.2,6410.0,0.0,30.4,360,579.0,1,0.16,1,Urban,27200.0,2.2,4060.0,Rejected
APP102279,27,Male,No,3+,Not Graduate,No,Unemployed,0.0,8880.0,3080.0,67.6,120,741.0,0,0.149,1,Semiurban,65500.0,0.7,5260.0,Rejected
APP102649,42,Female,Yes,0,Not Graduate,No,Salaried,2.2,4410.0,0.0,23.7,360,559.0,0,0.134,1,Semiurban,70900.0,8.6,5740.0,Rejected
APP104201,38,Male,No,,Not Graduate,No,Salaried,10.3,3480.0,1350.0,10.4,36,652.0,0,0.314,0,Rural,175500.0,2.5,11570.0,Approved
APP103946,22,Female,No,0,Graduate,Yes,Salaried,5.9,3500.0,1870.0,18.3,36,661.0,1,0.417,1,Urban,16900.0,3.1,21880.0,Rejected
APP103496,26,Male,Yes,0,Not Graduate,Yes,Salaried,3.6,2040.0,0.0,10.0,12,672.0,1,0.563,1,Semiurban,74400.0,13.4,1030.0,Rejected
APP102176,54,Female,Yes,2,Graduate,Yes,Salaried,4.9,9240.0,0.0,29.9,60,664.0,1,0.115,1,Urban,137500.0,2.9,5890.0,Approved
APP100424,53,Male,Yes,2,Graduate,No,Unemployed,0.0,4750.0,0.0,11.2,60,709.0,0,0.16,1,Urban,41100.0,0.0,15440.0,Approved
APP100392,44,Female,Yes,0,Graduate,No,Salaried,3.6,3520.0,1440.0,22.1,360,590.0,0,0.029,1,Urban,17500.0,3.2,10630.0,Approved
APP104774,32,Male,No,2,Graduate,No,Salaried,3.9,5150.0,1430.0,36.4,12,578.0,1,0.426,1,Urban,97700.0,3.8,3270.0,Rejected
APP103483,22,Female,Yes,0,Graduate,No,Business Owner,3.3,6120.0,4520.0,30.0,360,751.0,0,0.257,1,Urban,75600.0,21.6,3790.0,Approved
APP100104,29,Male,No,1,Not Graduate,No,Unemployed,0.0,1990.0,5100.0,42.2,60,556.0,1,0.099,1,Urban,193800.0,1.6,2160.0,Approved
APP103032,34,Male,Yes,0,Graduate,No,Unemployed,0.0,13320.0,0.0,37.9,120,625.0,0,0.198,1,Semiurban,37400.0,2.7,1970.0,Rejected
APP102622,49,Female,No,0,Graduate,Yes,Salaried,6.5,1910.0,0.0,10.0,240,666.0,0,0.187,1,Semiurban,33200.0,0.5,3450.0,Approved
APP103200,43,Female,No,0,Not Graduate,Yes,Self-Employed,2.1,3730.0,920.0,10.0,36,716.0,1,0.327,1,Semiurban,24700.0,1.8,4600.0,Rejected
APP103895,21,Male,No,0,Not Graduate,Yes,Self-Employed,3.3,4710.0,3120.0,39.3,36,760.0,3,0.491,1,Semiurban,15200.0,22.5,31420.0,Rejected
APP101948,31,Male,Yes,0,Graduate,,Self-Employed,8.8,4960.0,670.0,18.1,36,531.0,0,0.067,1,Urban,85800.0,11.2,620.0,Approved
APP101459,33,Male,Yes,0,Graduate,No,Unemployed,0.0,8120.0,1500.0,17.9,360,704.0,1,0.117,1,Rural,13400.0,1.0,4130.0,Rejected
APP103323,32,Male,No,1,Not Graduate,No,Self-Employed,0.5,4860.0,0.0,21.1,84,596.0,2,0.219,1,Rural,7500.0,5.2,1620.0,Rejected
APP102860,46,Female,Yes,3+,Graduate,No,Salaried,4.2,1550.0,6600.0,16.2,180,556.0,0,0.227,0,Semiurban,18100.0,2.4,5630.0,Rejected
APP102759,42,Male,Yes,0,Graduate,No,Self-Employed,4.7,3600.0,0.0,10.6,240,659.0,1,0.105,1,Rural,53700.0,10.7,3220.0,Approved
APP104838,33,Male,Yes,1,Graduate,No,Salaried,4.2,8530.0,1500.0,26.4,12,528.0,2,0.218,1,Rural,22700.0,2.4,22340.0,Rejected
APP101587,33,Female,Yes,0,Graduate,No,Salaried,2.8,5140.0,1910.0,18.4,180,561.0,3,0.227,1,Urban,63700.0,0.4,6250.0,Rejected
APP103732,27,Female,Yes,2,Graduate,No,Salaried,9.7,2510.0,400.0,10.0,180,670.0,0,0.205,1,Urban,155400.0,2.4,690.0,Approved
APP101731,40,Male,Yes,2,Graduate,No,Salaried,1.8,3390.0,0.0,10.0,36,729.0,0,0.278,1,Semiurban,184300.0,3.4,3310.0,Approved
APP104813,21,Male,Yes,0,Not Graduate,Yes,Salaried,1.9,5370.0,0.0,14.6,360,629.0,1,0.318,1,Semiurban,148500.0,4.8,2420.0,Rejected
APP103786,34,Female,Yes,0,Not Graduate,No,Self-Employed,6.4,5220.0,1600.0,24.2,84,,0,0.443,1,Urban,24500.0,8.4,1420.0,Rejected
APP103754,54,Male,Yes,1,Graduate,Yes,Salaried,0.2,3190.0,0.0,15.2,84,586.0,0,0.364,1,Rural,84000.0,1.8,4510.0,Approved
APP101791,62,Male,Yes,0,Graduate,No,Self-Employed,1.0,1200.0,0.0,10.0,60,581.0,1,0.303,1,Rural,67100.0,2.8,3060.0,Rejected
APP102355,21,Female,Yes,0,Not Graduate,No,Salaried,0.8,2450.0,2700.0,10.0,120,620.0,1,0.372,1,Semiurban,10100.0,9.8,13450.0,Rejected
APP101940,34,Female,Yes,1,Graduate,No,Salaried,0.1,3010.0,0.0,17.6,84,379.0,1,0.518,1,Urban,,1.4,8360.0,Rejected
APP100702,44,Male,Yes,0,Graduate,Yes,Salaried,4.1,3560.0,0.0,15.4,120,,2,0.361,1,Semiurban,24200.0,7.2,1760.0,Rejected
APP102442,54,Female,Yes,1,Graduate,No,Salaried,0.5,4600.0,0.0,26.9,360,614.0,0,0.184,1,Urban,53400.0,11.4,6110.0,Rejected
APP104460,57,Male,No,1,Graduate,No,Salaried,0.6,2010.0,0.0,10.0,36,822.0,0,0.082,1,Rural,17000.0,6.0,5370.0,Approved
APP100496,30,Female,Yes,2,Graduate,No,Salaried,5.0,4270.0,0.0,13.5,180,640.0,0,0.754,1,Urban,42900.0,8.8,12780.0,Rejected
APP100464,26,Female,Yes,0,Graduate,Yes,Salaried,4.3,3180.0,1240.0,14.5,240,621.0,0,0.191,1,Urban,54500.0,2.1,5060.0,Approved
APP103101,36,Female,Yes,1,Graduate,Yes,Self-Employed,1.7,3650.0,910.0,10.0,120,657.0,0,0.579,1,Semiurban,69100.0,23.0,12900.0,Approved
APP104377,35,Female,Yes,1,Graduate,Yes,Unemployed,0.0,5550.0,1920.0,13.8,240,533.0,0,0.283,1,Semiurban,29300.0,1.3,3910.0,Rejected
APP100172,39,Male,No,1,Graduate,No,Self-Employed,13.3,2830.0,1760.0,11.1,180,746.0,0,0.225,1,Semiurban,12600.0,5.1,2280.0,Approved
APP104456,34,Male,Yes,2,Graduate,No,Business Owner,3.5,12730.0,660.0,33.5,84,607.0,0,0.383,1,Semiurban,45500.0,1.4,6590.0,Approved
APP104845,29,Male,Yes,0,Graduate,No,Self-Employed,28.5,1360.0,1380.0,10.0,360,602.0,0,0.156,1,Semiurban,90200.0,3.8,13440.0,Approved
APP102540,43,Female,Yes,0,Graduate,No,Salaried,7.6,10320.0,3040.0,51.5,120,627.0,1,0.276,1,Rural,32700.0,2.3,3630.0,Rejected
APP104809,49,Male,Yes,0,Graduate,No,Salaried,3.7,11680.0,0.0,30.7,36,754.0,1,0.462,0,Rural,14500.0,32.0,3380.0,Rejected
APP103010,26,Female,Yes,0,Graduate,No,Salaried,9.6,7080.0,0.0,17.6,360,621.0,0,0.241,1,Urban,35800.0,3.3,10950.0,Approved
APP102260,56,Female,Yes,0,Not Graduate,No,Salaried,2.4,3320.0,1040.0,10.0,36,635.0,0,0.236,1,Semiurban,14600.0,1.7,870.0,Rejected
APP102112,57,Male,No,0,Graduate,No,Self-Employed,3.1,4460.0,9030.0,50.4,36,807.0,1,0.149,1,Urban,21300.0,6.3,8860.0,Approved
APP100900,40,Male,Yes,0,Graduate,No,Salaried,1.3,6710.0,1450.0,38.9,36,,0,0.334,1,Semiurban,42900.0,11.4,6290.0,Approved
APP101446,37,Male,No,0,Not Graduate,No,Salaried,3.1,3400.0,2940.0,13.4,60,501.0,0,0.302,1,Rural,12600.0,6.6,2540.0,Rejected
APP104950,45,Female,No,0,Graduate,Yes,Salaried,2.3,4620.0,2040.0,27.3,36,621.0,1,0.273,1,Semiurban,43100.0,5.5,4650.0,Rejected
APP100741,38,Male,No,3+,Graduate,No,Self-Employed,3.9,2510.0,0.0,12.1,360,607.0,0,0.338,1,Urban,62200.0,1.3,1920.0,Rejected
APP102293,47,Male,Yes,0,Graduate,Yes,Self-Employed,1.2,6120.0,0.0,16.4,360,518.0,1,0.192,1,Semiurban,33300.0,1.7,6080.0,Rejected
APP102452,21,Female,No,0,Not Graduate,No,Self-Employed,9.0,4870.0,2160.0,32.6,180,546.0,0,0.464,1,Semiurban,19900.0,1.1,6210.0,Rejected
APP102805,32,Female,Yes,0,Graduate,No,Unemployed,0.0,3780.0,820.0,10.0,36,713.0,0,0.16,1,Semiurban,38900.0,1.6,9440.0,Approved
APP104128,32,Male,No,0,Not Graduate,No,Salaried,3.1,3660.0,0.0,17.7,60,652.0,0,0.046,1,Rural,15100.0,7.4,3320.0,Rejected
APP101206,27,Female,Yes,0,Graduate,No,Salaried,0.0,8490.0,1790.0,51.8,180,883.0,2,0.21,1,Semiurban,47800.0,3.3,1140.0,Approved
APP100509,31,Male,No,0,Graduate,No,Salaried,4.0,4240.0,850.0,16.7,180,583.0,2,0.187,1,Semiurban,112800.0,1.0,6020.0,Approved
APP104196,41,Male,Yes,2,Graduate,No,Salaried,3.2,3950.0,0.0,10.0,120,575.0,1,0.231,1,Semiurban,64200.0,0.8,5580.0,Approved
APP102672,41,Male,Yes,0,Graduate,No,Salaried,1.1,1600.0,0.0,10.0,180,,1,0.056,1,Semiurban,30000.0,16.6,13160.0,Rejected
APP102859,26,Female,Yes,0,Graduate,No,Business Owner,3.8,4360.0,3100.0,25.2,84,628.0,1,0.465,1,Urban,41100.0,0.8,2070.0,Rejected
APP103400,51,Female,Yes,0,Graduate,No,Salaried,7.8,6130.0,2580.0,23.6,240,660.0,1,0.128,0,Semiurban,84900.0,19.0,8610.0,Approved
APP101549,42,Male,No,0,Graduate,No,Unemployed,0.0,4350.0,0.0,17.8,84,432.0,0,0.52,1,Rural,14100.0,6.4,4530.0,Rejected
APP103333,42,Female,Yes,0,Graduate,No,Self-Employed,7.9,1580.0,2980.0,17.3,180,754.0,2,0.281,1,Rural,62500.0,7.0,2630.0,Approved
APP102202,22,Female,Yes,0,Not Graduate,Yes,Self-Employed,1.1,2990.0,3600.0,24.2,84,555.0,1,0.547,1,Urban,,20.2,24920.0,Rejected
APP102566,58,Male,Yes,0,Graduate,Yes,Self-Employed,0.2,2760.0,1700.0,22.1,60,496.0,1,0.206,1,Semiurban,38700.0,5.4,5690.0,Rejected
APP102732,40,Female,Yes,0,Graduate,No,Salaried,3.7,6940.0,0.0,39.2,12,588.0,1,0.097,1,Urban,10800.0,4.3,5510.0,Rejected
APP102044,40,Female,Yes,2,Not Graduate,No,Salaried,7.4,1440.0,0.0,10.0,84,629.0,0,0.348,0,Semiurban,25300.0,4.1,23900.0,Rejected
APP100767,42,Female,Yes,0,Graduate,No,Salaried,0.9,2600.0,4300.0,23.4,120,619.0,0,0.229,1,Urban,41600.0,4.6,4260.0,Approved
APP104922,24,Female,Yes,1,Graduate,No,Salaried,13.0,10150.0,2660.0,36.7,120,544.0,0,0.134,1,Semiurban,72000.0,19.4,2790.0,Approved
APP103811,27,Female,No,2,Graduate,No,Salaried,1.7,9160.0,0.0,38.7,240,692.0,1,0.105,1,Urban,105200.0,0.7,15130.0,Approved
APP100421,41,Male,Yes,0,Graduate,No,Business Owner,0.9,5890.0,2830.0,42.5,180,671.0,0,0.249,1,Semiurban,26300.0,5.9,24560.0,Approved
APP100123,39,Female,Yes,1,Graduate,No,Business Owner,0.6,11030.0,3960.0,54.8,120,480.0,0,0.127,0,Rural,36700.0,8.6,7950.0,Rejected
APP104204,28,Male,No,0,Not Graduate,Yes,Salaried,4.3,3350.0,0.0,19.5,120,504.0,3,0.409,1,Rural,43600.0,1.4,3500.0,Rejected
APP102680,34,Female,No,1,Not Graduate,,Self-Employed,9.0,2080.0,0.0,10.0,12,726.0,2,0.241,0,Urban,58400.0,5.7,3390.0,Approved
APP100819,47,Female,Yes,2,Graduate,No,Salaried,18.4,10290.0,4740.0,58.7,84,531.0,1,0.421,1,Semiurban,80200.0,15.4,1980.0,Rejected
APP101403,59,Male,Yes,,Graduate,No,Business Owner,8.5,5020.0,3100.0,43.3,360,659.0,1,0.319,1,Semiurban,35400.0,3.9,11250.0,Approved
APP101382,30,Female,Yes,0,Graduate,No,Unemployed,0.0,2230.0,940.0,10.0,60,515.0,1,0.243,1,Urban,33400.0,2.3,860.0,Rejected
APP102148,47,Male,Yes,0,Not Graduate,No,Salaried,16.3,6950.0,1460.0,42.3,84,500.0,0,0.249,1,Rural,,7.3,3890.0,Approved
APP101575,50,Male,Yes,0,Graduate,No,Salaried,2.2,4170.0,0.0,18.4,180,799.0,1,0.351,1,Rural,126600.0,9.5,3830.0,Approved
APP101638,26,Male,No,2,Graduate,No,Business Owner,0.7,3190.0,1530.0,12.0,240,657.0,2,0.334,1,Semiurban,45500.0,10.6,6870.0,Rejected
APP101795,40,Male,No,0,Graduate,No,Salaried,5.6,8900.0,0.0,53.3,84,612.0,0,0.269,1,Rural,95000.0,10.4,2340.0,Approved
APP104864,25,Female,Yes,,Not Graduate,Yes,Salaried,8.3,5840.0,0.0,18.9,84,667.0,1,0.423,1,Rural,56200.0,2.3,1360.0,Rejected
APP100399,52,Male,No,0,Graduate,Yes,Unemployed,0.0,4120.0,910.0,18.9,84,,1,0.163,1,Semiurban,15500.0,0.4,17730.0,Rejected
APP102310,40,Female,No,,Not Graduate,No,Salaried,13.3,2910.0,0.0,13.5,180,645.0,1,0.171,1,Semiurban,26100.0,2.1,950.0,Approved
APP100882,34,Male,No,2,Not Graduate,No,Salaried,2.7,2250.0,0.0,11.5,120,702.0,1,0.408,1,Urban,28500.0,2.2,7080.0,Rejected
APP100112,38,Female,Yes,0,Graduate,No,Salaried,2.0,5500.0,0.0,29.5,120,626.0,1,0.079,1,Semiurban,76700.0,3.6,9220.0,Approved
APP104626,32,Female,No,1,Not Graduate,No,Salaried,7.5,4090.0,0.0,14.0,180,602.0,0,0.167,1,Rural,34300.0,2.9,2560.0,Rejected
APP101352,30,Male,Yes,1,Graduate,No,Unemployed,0.0,5560.0,0.0,31.0,12,592.0,0,0.181,1,Urban,69800.0,14.2,1460.0,Rejected
APP104346,30,Female,Yes,1,Not Graduate,No,Business Owner,4.5,2550.0,0.0,10.0,240,626.0,0,0.336,1,Semiurban,26000.0,1.1,810.0,Rejected
APP104595,34,Female,No,1,Not Graduate,No,Salaried,0.4,6990.0,0.0,37.5,36,565.0,0,0.297,1,Semiurban,34200.0,2.0,3570.0,Rejected
APP102130,30,Female,Yes,3+,Graduate,No,Business Owner,4.5,3540.0,940.0,19.0,240,,1,0.258,1,Rural,22500.0,12.5,6990.0,Approved
APP100982,27,Female,Yes,2,Not Graduate,No,Salaried,6.7,3240.0,1790.0,21.1,240,634.0,1,0.391,1,Rural,20100.0,15.8,4100.0,Approved
APP100456,50,Female,Yes,3+,Not Graduate,Yes,Salaried,1.4,1200.0,0.0,10.0,180,831.0,0,0.106,1,Rural,15900.0,1.3,41180.0,Approved
APP103601,28,Male,Yes,1,Graduate,Yes,Salaried,7.2,2850.0,2280.0,21.2,240,695.0,0,0.117,1,Semiurban,60500.0,5.9,6400.0,Approved
APP101079,42,Male,No,0,Graduate,No,Salaried,6.0,4650.0,2450.0,26.9,12,641.0,1,0.485,1,Urban,57200.0,16.4,4730.0,Rejected
APP101950,38,Female,No,0,Not Graduate,No,Self-Employed,3.3,5760.0,740.0,26.1,120,549.0,0,0.111,1,Rural,33300.0,8.4,1710.0,Rejected
APP104358,33,Female,Yes,3+,Graduate,No,Unemployed,0.0,2540.0,1300.0,15.7,84,688.0,1,0.199,1,Semiurban,13200.0,0.6,2590.0,Rejected
APP100689,34,Female,No,0,Graduate,No,Salaried,3.6,2640.0,2580.0,23.0,360,585.0,1,0.502,1,Rural,45000.0,3.0,13410.0,Rejected
APP102429,25,Male,Yes,2,Not Graduate,No,Unemployed,0.0,4990.0,6420.0,32.2,120,742.0,0,0.225,1,Semiurban,15600.0,15.5,2830.0,Rejected
APP100641,58,Male,No,,Not Graduate,No,Self-Employed,10.3,6820.0,0.0,27.8,36,618.0,2,0.24,1,Semiurban,26700.0,5.4,25080.0,Rejected
APP102392,25,Male,No,1,Graduate,No,Salaried,2.8,4150.0,1750.0,10.0,120,685.0,0,0.247,1,Urban,91400.0,8.1,8290.0,Approved
APP101953,37,Female,No,0,Not Graduate,No,Self-Employed,15.0,5280.0,0.0,19.7,36,573.0,2,0.086,1,Urban,43400.0,1.0,6490.0,Approved
APP102803,25,Female,Yes,3+,Graduate,No,Business Owner,1.0,4460.0,1460.0,29.6,60,719.0,1,0.465,1,Semiurban,49300.0,1.6,700.0,Rejected
APP103298,29,Female,Yes,0,Graduate,Yes,Salaried,8.7,9680.0,1220.0,57.2,60,647.0,2,0.08,1,Rural,50700.0,1.1,3700.0,Approved
APP103503,57,Male,Yes,0,Not Graduate,No,Salaried,12.8,1280.0,1820.0,17.6,240,602.0,2,0.317,1,Semiurban,61600.0,8.3,6460.0,Rejected
APP102710,39,Female,No,1,Not Graduate,No,Self-Employed,3.5,5820.0,2850.0,16.2,240,579.0,1,0.137,1,Rural,128200.0,8.8,15020.0,Approved
APP103404,44,Male,Yes,0,Not Graduate,No,Self-Employed,6.5,1250.0,0.0,10.0,84,712.0,2,0.192,1,Rural,24900.0,6.7,27670.0,Approved
APP104815,28,Male,Yes,0,Graduate,Yes,Business Owner,4.2,4280.0,0.0,20.3,120,598.0,4,0.472,1,Rural,102500.0,0.3,4800.0,Rejected
APP102990,37,Male,Yes,0,Not Graduate,No,Salaried,5.7,5350.0,0.0,15.5,120,633.0,0,0.406,0,Semiurban,28800.0,3.6,8570.0,Rejected
APP101884,24,Male,Yes,0,Graduate,No,Self-Employed,10.1,6270.0,1130.0,38.7,180,676.0,1,0.356,1,Urban,38900.0,7.0,22220.0,Approved
APP100389,32,Male,Yes,0,Not Graduate,No,Self-Employed,0.6,3650.0,0.0,21.8,360,534.0,0,0.393,1,Rural,93100.0,6.1,1010.0,Rejected
APP102494,28,Male,Yes,3+,Not Graduate,No,Self-Employed,0.5,5360.0,2420.0,27.7,36,436.0,2,0.129,1,Semiurban,54200.0,6.3,8810.0,Rejected
APP103181,44,Male,No,0,Graduate,No,Unemployed,0.0,5390.0,0.0,13.9,60,656.0,1,0.417,0,Urban,77600.0,5.4,6630.0,Rejected
APP104727,53,Male,Yes,2,Graduate,No,Self-Employed,2.6,5160.0,2000.0,33.8,360,663.0,0,0.725,0,Semiurban,36600.0,3.7,6650.0,Rejected
APP100845,56,Male,No,1,Not Graduate,,Self-Employed,3.2,3960.0,1440.0,14.0,360,639.0,0,0.396,0,Urban,72000.0,0.7,8270.0,Rejected
APP100542,21,Male,Yes,2,Not Graduate,No,Salaried,1.2,4700.0,1450.0,22.1,84,782.0,2,0.146,1,Urban,16300.0,4.4,12800.0,Approved
APP100091,24,Female,Yes,1,Not Graduate,No,Salaried,4.8,3870.0,0.0,10.3,84,692.0,0,0.285,1,Urban,9200.0,20.3,3000.0,Rejected
APP103966,50,Female,Yes,0,Graduate,,Salaried,1.7,5110.0,0.0,27.0,360,708.0,3,0.275,0,Urban,35400.0,27.9,3760.0,Rejected
APP101979,54,Female,No,0,Graduate,No,Unemployed,0.0,3700.0,740.0,20.4,60,822.0,0,0.289,1,Semiurban,28800.0,3.3,6660.0,Rejected
APP104807,44,Female,Yes,0,Graduate,Yes,Business Owner,10.1,7980.0,770.0,20.2,84,573.0,1,0.475,1,Urban,37900.0,2.4,3950.0,Rejected
APP104726,25,Female,Yes,0,Not Graduate,No,Self-Employed,0.2,2790.0,3780.0,34.8,360,597.0,0,0.321,1,Urban,67400.0,19.6,28090.0,Rejected
APP103252,32,Male,Yes,0,Graduate,No,Self-Employed,2.4,2640.0,720.0,,240,,3,0.224,1,Urban,,3.4,18540.0,Approved
APP102529,38,Male,Yes,0,Not Graduate,,Salaried,3.6,4780.0,0.0,19.6,180,733.0,0,0.287,1,Rural,7300.0,11.0,5150.0,Approved
APP101676,27,Female,Yes,2,Not Graduate,No,Salaried,3.2,3800.0,0.0,17.6,36,716.0,0,0.445,1,Urban,88200.0,11.2,780.0,Approved
APP101048,42,Female,Yes,0,Not Graduate,No,Salaried,2.4,4160.0,0.0,23.4,360,741.0,0,0.091,0,Semiurban,20900.0,3.7,2970.0,Approved
APP101960,42,Female,Yes,0,Graduate,No,Self-Employed,0.4,7500.0,2700.0,32.5,360,678.0,0,0.207,1,Semiurban,53500.0,0.5,13980.0,Approved
APP102530,35,Female,Yes,2,Not Graduate,Yes,Self-Employed,6.3,10090.0,1730.0,65.9,60,776.0,2,0.284,1,Semiurban,80800.0,0.7,6990.0,Approved
APP104688,21,Male,No,2,Not Graduate,,Salaried,0.7,3020.0,0.0,10.5,360,693.0,0,0.244,1,Semiurban,14800.0,22.9,4920.0,Approved
APP100237,41,Female,Yes,3+,Not Graduate,Yes,Business Owner,15.1,1470.0,0.0,10.0,12,614.0,0,0.169,1,Urban,52700.0,7.1,8590.0,Approved
APP103026,21,Male,Yes,0,Graduate,No,Business Owner,1.0,5930.0,7280.0,25.7,240,659.0,0,0.109,1,Semiurban,29100.0,34.3,11980.0,Approved
APP103558,43,Male,No,0,Not Graduate,No,Salaried,7.1,4300.0,700.0,10.0,36,735.0,0,0.224,1,Rural,48400.0,2.1,12490.0,Rejected
APP101133,48,Male,No,1,Not Graduate,No,Salaried,1.0,6830.0,0.0,18.7,360,592.0,0,0.349,1,Semiurban,40300.0,18.2,11630.0,Approved
APP101805,54,Female,No,1,Not Graduate,No,Salaried,0.7,6160.0,860.0,27.8,12,476.0,1,0.245,1,Urban,91500.0,7.4,3970.0,Rejected
APP104477,43,Male,No,1,Graduate,No,Self-Employed,11.5,5840.0,0.0,17.5,12,646.0,0,0.39,1,Urban,205900.0,0.4,8850.0,Approved
APP100163,35,Male,Yes,2,Graduate,No,Self-Employed,3.0,8170.0,2720.0,17.2,240,555.0,0,0.27,1,Urban,20100.0,13.7,1780.0,Rejected
APP103861,35,Male,No,0,Graduate,No,Self-Employed,0.2,6990.0,1320.0,33.6,240,647.0,0,0.219,1,Semiurban,19800.0,2.3,31410.0,Approved
APP104757,51,Male,No,0,Not Graduate,No,Self-Employed,1.6,3090.0,0.0,10.0,120,604.0,3,0.36,1,Urban,23000.0,1.5,3610.0,Rejected
APP103411,25,Female,Yes,0,Graduate,No,Unemployed,0.0,2680.0,0.0,14.6,84,630.0,0,0.43,1,Semiurban,10700.0,2.2,1660.0,Rejected
APP104714,41,Male,No,1,Graduate,Yes,Salaried,1.6,5250.0,1260.0,13.7,180,684.0,2,0.368,1,Semiurban,86300.0,8.4,3670.0,Approved
APP103265,21,Female,Yes,0,Graduate,No,Salaried,0.3,2260.0,0.0,10.5,12,776.0,0,0.241,1,Semiurban,30700.0,5.1,10310.0,Approved
APP103707,61,Male,Yes,0,Not Graduate,,Salaried,11.5,3090.0,0.0,16.8,240,572.0,2,0.24,0,Semiurban,83900.0,5.1,5340.0,Rejected
APP104016,21,Female,Yes,2,Graduate,No,Business Owner,4.5,9330.0,1320.0,20.3,120,686.0,2,0.483,0,Semiurban,9200.0,0.8,5200.0,Rejected
APP101811,34,Female,Yes,0,Graduate,No,Salaried,5.3,8560.0,0.0,,60,626.0,0,0.209,1,Semiurban,42700.0,2.1,21480.0,Approved
APP103173,30,Female,Yes,0,Not Graduate,No,Salaried,0.7,6080.0,4660.0,32.3,60,779.0,1,0.158,1,Semiurban,68600.0,1.5,12600.0,Approved
APP103213,25,Male,Yes,0,Graduate,No,Salaried,20.6,1300.0,1030.0,10.0,240,687.0,0,0.163,1,Urban,75800.0,5.4,760.0,Approved
APP101428,37,Male,Yes,3+,Not Graduate,No,Business Owner,7.0,1900.0,0.0,10.0,84,848.0,2,0.324,1,Semiurban,29700.0,1.8,36710.0,Approved
APP103686,35,Male,Yes,3+,Graduate,No,Unemployed,0.0,13610.0,0.0,43.2,12,631.0,2,0.202,0,Urban,62800.0,5.2,9460.0,Rejected
APP102856,41,Female,Yes,0,Not Graduate,No,Business Owner,0.8,1770.0,1200.0,16.6,84,515.0,0,0.581,1,Semiurban,43500.0,10.4,14070.0,Rejected
APP103464,30,Female,No,0,Not Graduate,No,Unemployed,0.0,2660.0,1600.0,18.4,60,633.0,0,0.068,1,Urban,92200.0,2.8,10220.0,Rejected
APP104505,22,Male,No,3+,Graduate,No,Salaried,3.4,4000.0,2390.0,26.3,84,593.0,0,0.523,1,Semiurban,109400.0,2.0,13490.0,Approved
APP104696,31,Female,Yes,3+,Graduate,No,Business Owner,5.8,2030.0,1720.0,13.7,180,617.0,2,0.495,1,Urban,94300.0,7.4,13060.0,Approved
APP102877,39,Female,Yes,0,Graduate,No,Salaried,7.0,3980.0,0.0,10.0,240,686.0,2,0.301,1,Rural,45400.0,0.9,4700.0,Rejected
APP101452,46,Male,Yes,1,Not Graduate,No,Salaried,3.1,7010.0,0.0,23.8,36,,3,0.317,1,Urban,82000.0,1.3,7240.0,Rejected
APP100593,44,Male,Yes,3+,Graduate,Yes,Salaried,1.4,5780.0,3270.0,39.7,12,516.0,1,0.309,0,Semiurban,22800.0,0.6,18550.0,Rejected
APP102725,25,Female,Yes,0,Not Graduate,No,Salaried,11.7,3720.0,0.0,20.9,36,743.0,0,0.063,0,Semiurban,36000.0,2.7,5520.0,Approved
APP100041,54,Female,Yes,0,Not Graduate,Yes,Salaried,1.6,2690.0,0.0,10.0,360,678.0,1,0.363,1,Urban,41400.0,0.3,3640.0,Rejected
APP100560,29,Male,Yes,3+,Graduate,No,Salaried,3.8,4550.0,0.0,27.2,180,532.0,0,0.08,1,Urban,34000.0,0.3,4200.0,Approved
APP102995,38,Male,Yes,0,Graduate,No,Self-Employed,0.8,11330.0,0.0,28.9,60,493.0,1,0.197,0,Semiurban,38400.0,20.3,4960.0,Rejected
APP103103,34,Male,No,2,Not Graduate,No,Salaried,12.7,3210.0,0.0,10.9,60,483.0,0,0.382,1,Urban,20500.0,1.0,17270.0,Rejected
APP100243,28,Female,Yes,1,Graduate,No,Salaried,7.1,3380.0,1560.0,11.0,84,664.0,1,0.353,1,Urban,,7.2,1280.0,Approved
APP101339,28,Male,Yes,0,Graduate,No,Salaried,0.1,6920.0,0.0,40.2,240,546.0,2,0.248,1,Semiurban,37300.0,5.1,2580.0,Rejected
APP102836,49,Male,No,3+,Not Graduate,No,Salaried,5.8,2780.0,2530.0,16.5,120,654.0,0,0.378,1,Rural,68500.0,10.3,16160.0,Approved
APP103021,36,Female,Yes,0,Not Graduate,No,Salaried,6.5,2500.0,4710.0,31.2,12,581.0,1,0.303,1,Semiurban,40800.0,14.9,11090.0,Rejected
APP103872,28,Female,No,3+,Graduate,Yes,Salaried,1.7,7810.0,6980.0,59.6,360,506.0,0,0.103,1,Rural,126200.0,4.3,1220.0,Rejected
APP101442,42,Male,Yes,0,Graduate,No,Salaried,3.7,12960.0,1740.0,40.4,84,628.0,0,0.35,1,Rural,26600.0,8.5,4040.0,Rejected
APP100261,57,Female,No,0,Not Graduate,No,Self-Employed,9.3,1800.0,2420.0,14.3,360,712.0,0,0.218,1,Urban,36100.0,19.3,4150.0,Approved
APP102819,28,Male,Yes,0,Not Graduate,No,Salaried,0.1,4830.0,6770.0,22.4,12,581.0,0,0.112,1,Urban,28700.0,0.0,4310.0,Approved
APP101689,36,Female,No,,Graduate,No,Salaried,3.5,5210.0,2780.0,12.3,60,,0,0.161,0,Semiurban,59700.0,5.7,8200.0,Rejected
APP101725,39,Male,Yes,0,Graduate,No,Unemployed,0.0,7490.0,1700.0,54.3,36,582.0,1,0.188,1,Urban,60300.0,19.1,3790.0,Rejected
APP101203,31,Female,Yes,0,Not Graduate,No,Salaried,4.8,4600.0,4170.0,15.0,84,,1,0.069,1,Urban,12600.0,38.1,5170.0,Rejected
APP100834,36,Male,Yes,0,Not Graduate,No,Salaried,21.9,4650.0,6930.0,34.6,12,704.0,0,0.099,1,Semiurban,26900.0,5.9,1290.0,Approved
APP101866,30,Male,Yes,2,Not Graduate,No,Unemployed,0.0,6280.0,0.0,26.5,180,597.0,0,0.426,1,Semiurban,74600.0,2.9,1100.0,Rejected
APP102496,35,Female,Yes,0,Graduate,No,Salaried,3.5,3250.0,2980.0,10.0,60,632.0,1,0.236,0,Urban,32200.0,5.4,2600.0,Rejected
APP102010,31,Male,No,0,Graduate,Yes,Salaried,7.7,8120.0,0.0,46.3,36,,0,0.09,1,Semiurban,35500.0,10.4,41770.0,Rejected
APP100340,43,Male,No,0,Graduate,No,Salaried,10.4,2490.0,2050.0,10.0,240,648.0,0,0.013,1,Rural,100200.0,20.2,8960.0,Approved
APP103049,33,Male,Yes,0,Graduate,No,Salaried,11.7,4620.0,2650.0,29.7,36,822.0,2,0.089,1,Rural,38900.0,0.1,4770.0,Approved
APP101601,57,Male,Yes,0,Graduate,Yes,Salaried,1.9,4250.0,1790.0,33.2,36,535.0,2,0.587,1,Semiurban,30700.0,5.5,9850.0,Rejected
APP103064,23,Female,Yes,0,Graduate,No,Salaried,4.9,3900.0,0.0,11.5,84,507.0,2,0.427,0,Rural,72300.0,1.2,3530.0,Rejected
APP104741,42,Female,Yes,0,Graduate,No,Salaried,6.9,2880.0,1090.0,18.9,84,701.0,2,0.514,1,Semiurban,22900.0,1.5,2030.0,Rejected
APP100480,56,Male,No,0,Graduate,Yes,Salaried,5.3,3510.0,0.0,18.6,360,837.0,1,0.61,1,Semiurban,25500.0,2.7,2120.0,Rejected
APP102882,52,Male,Yes,0,Graduate,No,Salaried,3.4,7900.0,1800.0,,12,749.0,2,0.344,0,Urban,124500.0,3.7,1230.0,Approved
APP103605,30,Male,No,0,Graduate,No,Business Owner,2.9,1720.0,0.0,10.0,84,681.0,1,0.134,1,Semiurban,77100.0,6.6,4940.0,Approved
APP103977,32,Female,No,0,Graduate,No,Business Owner,14.7,1200.0,0.0,10.0,120,801.0,1,0.357,1,Urban,30500.0,5.1,4240.0,Approved
APP103147,43,Female,Yes,2,Not Graduate,No,Salaried,10.2,4340.0,2720.0,38.7,240,614.0,2,0.102,1,Semiurban,62800.0,4.1,4700.0,Approved
APP104685,39,Male,No,0,Graduate,Yes,Business Owner,1.4,4510.0,0.0,21.5,60,562.0,0,0.167,1,Urban,75700.0,3.7,2400.0,Approved
APP104832,41,Female,No,2,Not Graduate,No,Salaried,3.1,2570.0,0.0,10.0,60,570.0,0,0.65,1,Urban,46700.0,7.3,16520.0,Rejected
APP104069,27,Male,No,1,Graduate,No,Salaried,5.4,7360.0,2520.0,23.7,60,682.0,0,0.507,1,Urban,27600.0,5.7,1620.0,Rejected
APP101766,39,Male,Yes,0,Not Graduate,No,Salaried,5.3,3040.0,3090.0,,60,627.0,1,0.038,1,Semiurban,50600.0,31.9,9240.0,Approved
APP104518,35,Female,Yes,2,Not Graduate,No,Salaried,2.4,2460.0,4250.0,25.4,36,,1,0.079,0,Urban,32800.0,8.3,19990.0,Rejected
APP102453,25,Male,No,0,Not Graduate,No,Self-Employed,0.3,4120.0,2480.0,25.0,240,487.0,2,0.432,0,Urban,15900.0,0.1,2230.0,Rejected
APP103339,31,Male,Yes,2,Graduate,No,Salaried,3.0,3150.0,0.0,10.0,36,799.0,0,0.249,1,Semiurban,52200.0,5.2,4350.0,Approved
APP103889,37,Female,Yes,0,Graduate,Yes,Self-Employed,0.1,4100.0,1360.0,10.1,360,767.0,1,0.342,1,Semiurban,47500.0,2.3,6370.0,Approved
APP104095,32,Male,Yes,3+,Graduate,No,Salaried,2.2,11320.0,0.0,17.7,60,588.0,0,0.207,1,Urban,28900.0,7.5,3500.0,Rejected
APP104724,34,Male,Yes,0,Graduate,No,Self-Employed,11.3,4000.0,1310.0,10.0,180,666.0,1,0.239,1,Semiurban,66700.0,8.2,680.0,Approved
APP103752,38,Female,No,3+,Graduate,No,Business Owner,4.8,2500.0,1940.0,10.0,60,775.0,1,0.359,1,Urban,74600.0,12.6,690.0,Approved
APP101271,39,Female,Yes,3+,Graduate,No,Salaried,9.8,2050.0,0.0,10.0,84,560.0,0,0.372,1,Semiurban,194800.0,0.2,12770.0,Approved
APP104569,61,Female,No,2,Graduate,,Self-Employed,15.2,4320.0,1860.0,34.7,36,590.0,0,0.323,1,Semiurban,12700.0,6.3,4560.0,Approved
APP104546,37,Male,Yes,0,Not Graduate,No,Salaried,5.8,10540.0,3620.0,48.4,240,618.0,0,0.194,1,Semiurban,25700.0,0.2,1870.0,Approved
APP103790,30,Male,Yes,2,Graduate,No,Unemployed,0.0,5300.0,590.0,32.6,60,795.0,0,0.17,1,Rural,4000.0,3.1,13700.0,Approved
APP104184,30,Female,No,0,Not Graduate,No,Salaried,0.8,3390.0,5140.0,34.1,120,582.0,1,0.142,1,Semiurban,85500.0,0.0,6400.0,Approved
APP100347,33,Male,Yes,3+,Graduate,No,Self-Employed,7.0,3390.0,2560.0,34.2,180,599.0,0,0.222,1,Rural,124400.0,0.8,9000.0,Approved
APP103957,56,Male,Yes,1,Not Graduate,No,Business Owner,1.4,2990.0,2300.0,19.9,36,570.0,1,0.393,1,Semiurban,48900.0,2.6,75960.0,Rejected
APP104670,49,Male,Yes,1,Graduate,,Salaried,3.1,3680.0,0.0,10.0,12,584.0,0,0.135,1,Semiurban,38500.0,10.7,6610.0,Rejected
APP102562,45,Female,No,0,Not Graduate,Yes,Self-Employed,6.8,2930.0,4140.0,37.9,240,651.0,0,0.033,1,Semiurban,38800.0,3.7,7920.0,Approved
APP104635,22,Female,Yes,0,Graduate,Yes,Business Owner,3.1,4660.0,3380.0,39.7,120,,1,0.557,1,Semiurban,69100.0,5.3,4350.0,Approved
APP101423,36,Male,Yes,2,Graduate,No,Unemployed,0.0,13520.0,0.0,52.6,240,597.0,0,0.111,1,Urban,90800.0,5.2,5660.0,Rejected
APP100656,30,Male,No,2,Not Graduate,No,Salaried,0.3,2410.0,0.0,10.0,180,723.0,0,0.087,1,Urban,44300.0,0.2,5790.0,Approved
APP102102,38,Female,Yes,3+,Not Graduate,No,Self-Employed,12.1,3450.0,0.0,10.0,360,773.0,0,0.106,1,Rural,24700.0,5.2,6810.0,Approved
APP100632,52,Male,No,0,Graduate,No,Salaried,1.3,6270.0,0.0,32.6,60,568.0,0,0.172,1,Semiurban,46400.0,5.0,16740.0,Rejected
APP102951,29,Female,Yes,2,Not Graduate,No,Salaried,0.1,2700.0,1790.0,21.1,240,525.0,2,0.414,1,Urban,9400.0,0.8,6520.0,Rejected
APP102493,42,Male,No,1,Not Graduate,Yes,Business Owner,2.1,6410.0,0.0,18.0,180,638.0,1,0.101,1,Semiurban,26600.0,1.7,3070.0,Approved
APP102665,64,Male,Yes,2,Not Graduate,No,Salaried,0.5,6300.0,0.0,31.1,180,499.0,2,0.58,0,Rural,16800.0,0.3,4000.0,Rejected
APP104127,32,Male,Yes,0,Graduate,No,Salaried,9.7,10350.0,0.0,38.2,180,713.0,0,0.064,0,Rural,69800.0,8.4,4920.0,Approved
APP104304,48,Female,No,0,Graduate,Yes,Salaried,0.0,2130.0,720.0,16.8,240,755.0,0,0.226,1,Urban,74500.0,6.2,2780.0,Approved
APP104623,48,Male,No,1,Not Graduate,No,Salaried,0.8,6530.0,0.0,14.6,84,808.0,0,0.177,1,Semiurban,113800.0,8.7,2320.0,Approved
APP103159,42,Male,Yes,0,Graduate,No,Business Owner,6.1,3300.0,4120.0,32.8,12,601.0,0,0.39,1,Urban,51900.0,5.4,8260.0,Rejected
APP103667,29,Female,No,1,Graduate,No,Business Owner,3.3,4050.0,0.0,20.1,240,720.0,2,0.318,1,Semiurban,61400.0,2.8,14090.0,Rejected
APP102500,21,Male,No,0,Graduate,No,Unemployed,0.0,10040.0,4860.0,47.3,36,656.0,0,0.36,1,Semiurban,64400.0,5.9,1300.0,Rejected
APP101465,43,Female,No,0,Not Graduate,No,Self-Employed,0.8,1200.0,1610.0,,240,855.0,3,0.482,0,Rural,29300.0,5.6,1440.0,Rejected
APP103151,21,Male,No,3+,Graduate,No,Self-Employed,0.3,2400.0,2180.0,10.0,360,777.0,1,0.3,1,Semiurban,39000.0,5.4,5780.0,Approved
APP100115,44,Male,Yes,0,Not Graduate,No,Business Owner,0.9,3580.0,0.0,10.0,360,700.0,1,0.546,1,Urban,9300.0,0.5,2650.0,Rejected
APP101821,49,Female,Yes,1,Graduate,No,Salaried,10.1,3030.0,4380.0,37.0,60,653.0,1,0.358,1,Semiurban,24700.0,6.2,4370.0,Approved
APP101494,26,Male,No,0,Graduate,No,Salaried,11.5,7260.0,0.0,24.8,240,770.0,1,0.427,1,Rural,55100.0,10.2,4090.0,Approved
APP102401,53,Female,No,0,Not Graduate,No,Self-Employed,10.3,4310.0,0.0,10.4,180,734.0,0,0.436,1,Urban,30100.0,3.5,530.0,Approved
APP101232,26,Male,Yes,,Graduate,No,Salaried,1.3,2360.0,0.0,12.4,84,724.0,0,0.248,1,Semiurban,19000.0,3.2,1480.0,Rejected
APP102661,46,Male,Yes,0,Graduate,,Unemployed,0.0,5120.0,0.0,19.2,240,783.0,2,0.176,1,Urban,88400.0,0.0,5430.0,Approved
APP102817,39,Male,No,,Graduate,No,Salaried,3.2,10720.0,0.0,17.0,120,753.0,0,0.286,1,Urban,79500.0,2.6,24050.0,Approved
APP103438,32,Male,Yes,0,Graduate,No,Salaried,1.0,5540.0,1940.0,13.5,36,644.0,1,0.284,1,Rural,62500.0,8.2,4940.0,Approved
APP104618,29,Male,Yes,0,Graduate,No,Unemployed,0.0,13860.0,3110.0,99.5,36,663.0,0,0.18,1,Rural,22800.0,5.9,3910.0,Rejected
APP101153,62,Male,No,,Graduate,No,Self-Employed,4.5,5780.0,7470.0,47.1,180,,1,0.127,1,Rural,56600.0,0.5,8120.0,Approved
APP104816,22,Male,No,0,Graduate,Yes,Unemployed,0.0,5730.0,0.0,22.4,240,466.0,1,0.411,1,Semiurban,63200.0,4.7,7350.0,Rejected
APP100057,34,Female,Yes,3+,Graduate,No,Self-Employed,2.8,2570.0,3520.0,31.6,84,611.0,1,0.127,1,Rural,33300.0,11.6,9000.0,Rejected
APP103463,46,Male,Yes,1,Graduate,No,Self-Employed,2.1,2960.0,0.0,11.6,120,573.0,0,0.365,1,Semiurban,186400.0,1.5,3680.0,Approved
APP104332,28,Female,Yes,3+,Graduate,No,Salaried,11.4,4670.0,930.0,21.3,36,675.0,0,0.169,1,Semiurban,19400.0,10.8,3330.0,Approved
APP104995,50,Female,No,0,Graduate,No,Salaried,3.6,2590.0,0.0,10.0,240,642.0,2,0.095,1,Semiurban,81400.0,2.2,3760.0,Rejected
APP101735,30,Female,No,1,Not Graduate,No,Salaried,1.5,4260.0,1470.0,20.1,120,539.0,0,0.356,1,Semiurban,38800.0,3.0,10300.0,Rejected
APP102823,42,Female,Yes,3+,Not Graduate,No,Business Owner,7.5,2080.0,3190.0,19.6,36,721.0,3,0.285,1,Rural,14700.0,3.7,9550.0,Approved
APP102196,38,Male,Yes,1,Graduate,Yes,Self-Employed,4.9,15280.0,0.0,72.5,60,713.0,0,0.143,1,Semiurban,36500.0,12.4,2970.0,Approved
APP103623,44,Male,No,0,Not Graduate,No,Business Owner,0.1,2180.0,1230.0,10.0,60,547.0,0,0.284,1,Urban,10400.0,1.9,7460.0,Rejected
APP102475,46,Female,No,0,Graduate,No,Salaried,4.9,2730.0,2040.0,14.5,360,789.0,0,0.418,1,Semiurban,35000.0,0.2,11600.0,Approved
APP102564,29,Female,Yes,1,Graduate,No,Self-Employed,0.6,3980.0,3050.0,41.9,240,599.0,1,0.176,1,Semiurban,14100.0,8.2,5830.0,Approved
APP103764,60,Male,No,0,Graduate,No,Salaried,0.6,6190.0,930.0,11.1,120,679.0,2,0.22,1,Urban,57500.0,7.1,8030.0,Approved
APP102608,49,Female,Yes,0,Not Graduate,No,Self-Employed,9.1,4660.0,0.0,26.8,84,769.0,0,0.023,1,Urban,52100.0,8.8,2940.0,Approved
APP103728,47,Male,Yes,0,Not Graduate,Yes,Salaried,6.2,2450.0,1970.0,24.3,60,566.0,0,0.318,1,Rural,18400.0,4.0,21030.0,Rejected
APP100707,21,Female,Yes,0,Not Graduate,No,Business Owner,1.3,1840.0,0.0,10.0,120,685.0,0,0.175,1,Urban,46100.0,9.0,1320.0,Approved
APP104324,40,Female,Yes,0,Graduate,No,Self-Employed,2.3,7020.0,0.0,28.7,120,618.0,0,0.154,1,Rural,35600.0,1.8,15270.0,Rejected
APP101093,35,Male,Yes,1,Graduate,No,Salaried,3.3,3850.0,3600.0,29.6,36,709.0,1,0.317,1,Urban,60000.0,1.7,1850.0,Approved
APP103632,26,Female,No,3+,Graduate,Yes,Salaried,5.6,4470.0,1530.0,12.4,84,509.0,1,0.047,1,Urban,15800.0,21.6,2970.0,Approved
APP101376,47,Male,No,3+,Not Graduate,No,Salaried,2.0,5660.0,1510.0,26.8,60,538.0,0,0.083,1,Semiurban,51200.0,16.3,2380.0,Rejected
APP104963,47,Female,No,0,Graduate,No,Salaried,4.3,3890.0,0.0,14.4,180,410.0,0,0.273,1,Urban,222100.0,20.0,1560.0,Rejected
APP100072,40,Male,Yes,0,Not Graduate,No,Salaried,5.2,4800.0,0.0,14.3,360,581.0,1,0.076,0,Urban,68900.0,3.2,11800.0,Approved
APP101922,32,Female,No,2,Graduate,No,Salaried,1.1,7980.0,1310.0,43.3,120,603.0,1,0.301,1,Urban,46700.0,3.0,440.0,Rejected
APP103238,25,Male,Yes,2,Graduate,No,Salaried,6.3,8540.0,2540.0,38.7,120,633.0,1,0.274,1,Rural,39600.0,2.6,21940.0,Approved
APP101764,44,Female,No,2,Graduate,No,Salaried,1.3,5590.0,3750.0,23.8,60,638.0,0,0.058,1,Urban,52200.0,7.3,6320.0,Rejected
APP100743,40,Female,No,0,Graduate,No,Salaried,7.5,3650.0,2780.0,22.7,36,684.0,1,0.457,1,Semiurban,,4.5,72710.0,Rejected
APP102937,60,Female,Yes,0,Graduate,,Salaried,16.7,10750.0,1150.0,19.1,120,596.0,1,0.172,1,Semiurban,30000.0,2.4,510.0,Approved
APP101005,70,Female,Yes,0,Graduate,No,Self-Employed,2.8,2510.0,9650.0,57.8,360,649.0,0,0.442,1,Urban,21100.0,1.2,720.0,Rejected
APP102668,32,Male,Yes,0,Graduate,No,Salaried,1.2,5450.0,4670.0,23.0,180,693.0,1,0.228,0,Semiurban,57100.0,2.7,38320.0,Approved
APP101190,38,Male,Yes,,Graduate,No,Self-Employed,27.7,4850.0,970.0,28.3,120,735.0,0,0.308,1,Semiurban,19300.0,10.0,1970.0,Approved
APP104874,25,Male,Yes,3+,Graduate,No,Salaried,0.2,5590.0,1440.0,26.4,180,691.0,0,0.077,1,Rural,32600.0,16.4,650.0,Approved
APP102601,42,Male,No,1,Not Graduate,No,Salaried,6.0,5590.0,800.0,,180,523.0,2,0.262,1,Semiurban,43400.0,3.6,12330.0,Rejected
APP101125,45,Female,Yes,2,Graduate,No,Business Owner,7.5,6400.0,1990.0,21.2,120,595.0,0,0.136,1,Urban,14900.0,10.3,6200.0,Rejected
APP101241,36,Female,Yes,,Graduate,Yes,Business Owner,3.1,3540.0,5200.0,22.3,84,607.0,0,0.391,0,Rural,35300.0,5.0,1820.0,Rejected
APP102908,60,Female,Yes,0,Not Graduate,No,Salaried,0.8,3010.0,0.0,13.0,12,695.0,0,0.219,1,Semiurban,29600.0,4.7,1800.0,Rejected
APP104172,32,Male,Yes,1,Not Graduate,Yes,Self-Employed,0.4,3940.0,3160.0,27.6,84,682.0,0,0.295,0,Semiurban,23600.0,0.1,860.0,Rejected
APP104876,27,Female,No,0,Graduate,No,Salaried,3.8,4500.0,1680.0,22.3,36,691.0,1,0.548,1,Semiurban,86500.0,21.0,4060.0,Approved
APP100998,50,Female,Yes,2,Not Graduate,No,Salaried,0.8,6710.0,3550.0,50.1,360,617.0,1,0.176,1,Semiurban,46500.0,0.4,3620.0,Rejected
APP103454,48,Female,Yes,0,Not Graduate,No,Self-Employed,3.1,2970.0,1660.0,19.2,240,624.0,0,0.236,1,Urban,89400.0,18.2,1600.0,Approved
APP102684,28,Female,Yes,0,Graduate,Yes,Unemployed,0.0,4280.0,1380.0,23.6,36,587.0,0,0.252,1,Urban,36300.0,25.0,5520.0,Rejected
APP101577,43,Male,Yes,1,Not Graduate,No,Unemployed,0.0,2970.0,2710.0,29.4,360,594.0,0,0.221,1,Semiurban,30000.0,25.6,11610.0,Rejected
APP104839,40,Male,Yes,0,Graduate,No,Business Owner,5.6,3500.0,3270.0,13.3,360,690.0,1,0.321,0,Urban,23700.0,2.0,5310.0,Rejected
APP101826,38,Female,Yes,0,Graduate,Yes,Salaried,6.3,12160.0,0.0,,12,570.0,1,0.38,1,Rural,24400.0,14.8,2640.0,Rejected
APP103920,45,Female,No,0,Graduate,No,Salaried,10.7,4320.0,0.0,18.3,180,792.0,1,0.222,1,Urban,133400.0,4.5,9400.0,Approved
APP104226,53,Male,Yes,0,Graduate,,Business Owner,5.1,7790.0,5720.0,67.7,240,681.0,1,0.141,1,Urban,56100.0,1.9,6850.0,Approved
APP103606,21,Female,Yes,0,Graduate,No,Self-Employed,5.5,7070.0,0.0,38.8,60,737.0,0,0.379,1,Semiurban,36900.0,6.1,3900.0,Rejected
APP100440,21,Male,Yes,2,Not Graduate,Yes,Salaried,8.9,3200.0,3500.0,35.5,180,559.0,1,0.173,1,Urban,18400.0,6.8,1600.0,Rejected
APP100474,32,Male,Yes,2,Graduate,No,Salaried,5.3,2860.0,0.0,11.4,120,693.0,2,0.145,1,Rural,49800.0,0.1,24160.0,Approved
APP101100,53,Female,No,0,Graduate,No,Salaried,2.3,3480.0,0.0,10.0,120,832.0,1,0.217,1,Urban,6300.0,7.0,11220.0,Approved
APP104089,27,Male,Yes,0,Graduate,No,Self-Employed,6.3,4900.0,0.0,19.0,36,687.0,0,0.038,1,Rural,30800.0,1.3,4940.0,Approved
APP103121,28,Male,Yes,0,Graduate,No,Business Owner,3.8,3660.0,0.0,10.0,120,722.0,1,0.127,1,Semiurban,9800.0,10.2,4840.0,Rejected
APP100649,42,Male,Yes,0,Graduate,No,Salaried,8.5,2370.0,1320.0,10.3,180,683.0,0,0.364,1,Semiurban,15300.0,3.1,21770.0,Approved
APP101546,55,Male,Yes,3+,Graduate,Yes,Unemployed,0.0,4500.0,3830.0,13.7,360,578.0,0,0.271,1,Urban,76500.0,7.6,1950.0,Rejected
APP103806,39,Female,Yes,2,Not Graduate,Yes,Self-Employed,3.6,1870.0,0.0,10.0,360,534.0,0,0.118,1,Urban,5400.0,7.0,4660.0,Rejected
APP103630,21,Male,Yes,0,Graduate,No,Business Owner,1.3,5270.0,2460.0,16.2,36,652.0,0,0.107,1,Urban,114700.0,3.4,1370.0,Approved
APP104189,44,Male,No,0,Graduate,No,Salaried,3.0,1730.0,1270.0,11.5,36,575.0,4,0.466,0,Semiurban,41400.0,15.1,3650.0,Rejected
APP104651,32,Male,Yes,2,Not Graduate,No,Salaried,3.7,5070.0,0.0,28.9,60,614.0,2,0.366,1,Rural,30600.0,6.9,2640.0,Rejected
APP103814,40,Male,Yes,0,Graduate,No,Salaried,0.3,2880.0,3260.0,33.9,12,532.0,0,0.1,1,Semiurban,11000.0,11.9,3000.0,Rejected
APP100630,38,Female,Yes,0,Not Graduate,No,Self-Employed,4.7,12170.0,0.0,48.7,12,521.0,0,0.219,1,Urban,34700.0,2.3,38490.0,Approved
APP100672,38,Female,Yes,3+,Not Graduate,No,Salaried,9.2,4320.0,0.0,25.8,84,627.0,0,0.22,1,Urban,,18.0,1780.0,Rejected
APP101249,39,Female,Yes,2,Not Graduate,No,Self-Employed,25.1,3430.0,1400.0,10.0,84,641.0,0,0.086,1,Urban,76200.0,3.8,5250.0,Approved
APP100482,23,Male,No,0,Graduate,No,Salaried,2.7,3000.0,2290.0,21.3,36,592.0,0,0.079,1,Urban,15300.0,5.1,6930.0,Approved
APP101584,46,Female,No,0,Graduate,No,Salaried,10.0,7000.0,0.0,27.2,180,554.0,0,0.265,1,Urban,17300.0,2.8,4720.0,Rejected
APP103137,35,Female,Yes,0,Graduate,Yes,Salaried,3.2,2930.0,1640.0,25.4,240,758.0,2,0.551,1,Urban,50700.0,4.6,400.0,Rejected
APP104674,55,Female,No,0,Not Graduate,No,Unemployed,0.0,1200.0,0.0,10.0,240,734.0,0,0.128,1,Rural,13500.0,3.4,7380.0,Rejected
APP103100,36,Male,Yes,0,Not Graduate,,Salaried,2.6,2090.0,0.0,10.0,84,817.0,0,0.107,1,Semiurban,10000.0,2.3,13260.0,Approved
APP101462,46,Male,No,0,Graduate,No,Salaried,0.5,4360.0,2200.0,30.5,36,670.0,0,0.172,1,Urban,45100.0,1.4,9860.0,Rejected
APP104006,33,Female,No,0,Graduate,Yes,Unemployed,0.0,3870.0,2290.0,31.8,84,554.0,0,0.28,1,Rural,20300.0,7.8,19940.0,Rejected
APP103694,55,Male,Yes,1,Not Graduate,No,Salaried,5.7,2230.0,0.0,10.0,84,715.0,2,0.296,1,Rural,37000.0,3.7,3490.0,Rejected
APP101472,35,Male,Yes,3+,Graduate,No,Unemployed,0.0,5460.0,0.0,11.3,84,659.0,2,0.518,1,Urban,49600.0,10.9,11810.0,Rejected
APP102578,42,Female,Yes,0,Graduate,Yes,Salaried,6.7,3090.0,1270.0,17.9,120,800.0,0,0.341,1,Semiurban,40100.0,21.7,1590.0,Approved
APP104034,40,Female,Yes,0,Graduate,No,Salaried,8.7,4320.0,10020.0,63.7,60,636.0,0,0.186,1,Semiurban,82900.0,1.9,11740.0,Approved
APP100049,39,Female,No,1,Graduate,No,Self-Employed,5.1,5160.0,780.0,18.3,12,805.0,3,0.278,0,Semiurban,8700.0,7.3,1510.0,Rejected
APP104333,27,Male,Yes,0,Graduate,No,Salaried,5.9,2720.0,1850.0,10.0,240,,1,0.359,1,Semiurban,51100.0,12.8,10850.0,Rejected
APP103119,35,Female,Yes,0,Graduate,No,Business Owner,0.5,4380.0,0.0,22.3,240,741.0,0,0.21,1,Semiurban,14500.0,9.8,1090.0,Rejected
APP100858,21,Female,No,0,Graduate,No,Salaried,0.3,3020.0,0.0,12.2,60,618.0,0,0.279,1,Urban,38300.0,3.5,1760.0,Rejected
APP101072,33,Male,No,2,Graduate,Yes,Self-Employed,8.6,11450.0,0.0,,180,696.0,0,0.257,1,Urban,17600.0,2.8,1530.0,Approved
APP100719,21,Female,Yes,0,Not Graduate,Yes,Salaried,1.2,3240.0,0.0,10.0,360,821.0,1,0.324,1,Semiurban,12900.0,1.5,9790.0,Approved
APP104790,51,Male,No,2,Graduate,No,Business Owner,4.1,1570.0,0.0,10.0,12,509.0,1,0.362,1,Semiurban,25700.0,3.2,1070.0,Rejected
APP102631,35,Female,No,2,Graduate,No,Self-Employed,1.4,3220.0,2750.0,10.0,60,633.0,1,0.16,1,Urban,28500.0,5.4,9620.0,Rejected
APP104923,21,Male,Yes,0,Not Graduate,Yes,Salaried,0.2,5690.0,0.0,20.7,360,,0,0.243,1,Rural,85200.0,1.6,2560.0,Approved
APP101660,34,Male,No,0,Graduate,No,Salaried,7.2,3350.0,0.0,10.4,60,845.0,1,0.075,1,Semiurban,137200.0,3.0,2840.0,Approved
APP101656,48,Male,Yes,0,Graduate,No,Self-Employed,2.4,7790.0,0.0,25.4,180,561.0,1,0.25,1,Rural,30000.0,8.6,3490.0,Approved
APP102425,50,Female,Yes,2,Not Graduate,No,Salaried,5.3,3230.0,0.0,14.4,360,585.0,0,0.465,1,Semiurban,24900.0,20.1,2850.0,Rejected
APP103996,43,Male,Yes,0,Graduate,No,Salaried,0.2,3400.0,0.0,20.2,60,,0,0.275,1,Urban,214800.0,4.6,550.0,Approved
APP104272,39,Female,No,0,Not Graduate,No,Unemployed,0.0,3100.0,0.0,13.0,180,679.0,0,0.437,1,Urban,17200.0,11.3,1410.0,Rejected
APP100477,48,Female,Yes,1,Graduate,No,Business Owner,1.0,3560.0,0.0,10.0,60,720.0,0,0.189,1,Urban,54800.0,7.5,2050.0,Approved
APP103375,44,Male,No,0,Graduate,No,Self-Employed,0.1,2120.0,0.0,10.0,84,700.0,2,0.261,1,Urban,109800.0,1.7,147420.0,Approved
APP104521,32,Female,Yes,0,Graduate,No,Business Owner,4.0,4290.0,3340.0,41.4,360,803.0,2,0.49,1,Rural,16100.0,0.4,7880.0,Rejected
APP103371,29,Male,Yes,0,Graduate,No,Salaried,6.0,3160.0,850.0,,84,678.0,1,0.279,1,Semiurban,53000.0,8.9,3680.0,Approved
APP104800,36,Male,Yes,0,Graduate,Yes,Salaried,6.3,2830.0,0.0,10.0,180,681.0,1,0.198,1,Semiurban,17600.0,0.1,26880.0,Rejected
APP104168,55,Female,Yes,0,Graduate,Yes,Self-Employed,1.0,3090.0,2520.0,22.6,84,444.0,0,0.288,1,Semiurban,7400.0,10.4,8260.0,Rejected
APP102606,51,Female,Yes,0,Graduate,No,Salaried,15.8,3930.0,1930.0,14.7,36,641.0,0,0.06,1,Urban,226400.0,1.8,6470.0,Approved
APP101385,32,Male,Yes,0,Graduate,No,Salaried,18.2,4270.0,370.0,10.0,240,754.0,0,0.209,0,Rural,37600.0,3.3,5750.0,Approved
APP103909,46,Male,Yes,2,Not Graduate,,Self-Employed,0.3,3170.0,4770.0,45.9,84,665.0,0,0.584,1,Urban,20000.0,5.5,11250.0,Rejected
APP101399,47,Male,No,0,Graduate,No,Self-Employed,0.3,457034.7842814893,1870.0,35.8,84,669.0,1,0.628,1,Semiurban,25400.0,5.7,15930.0,Rejected
APP101195,55,Male,Yes,0,Graduate,No,Salaried,0.6,2960.0,770.0,10.4,84,647.0,0,0.387,1,Urban,59800.0,4.1,3640.0,Approved
APP101408,44,Female,Yes,0,Not Graduate,No,Salaried,4.9,2450.0,1550.0,21.4,60,755.0,2,0.37,1,Semiurban,60100.0,1.1,2180.0,Approved
APP103898,50,Female,Yes,0,Graduate,No,Salaried,29.0,4180.0,1970.0,26.0,360,765.0,0,0.292,1,Urban,14100.0,4.7,12150.0,Approved
APP101798,21,Male,Yes,0,Graduate,No,Self-Employed,0.4,3910.0,2530.0,24.1,180,529.0,0,0.203,0,Urban,31100.0,5.5,1910.0,Rejected
APP101475,31,Female,Yes,0,Graduate,,Self-Employed,7.9,1910.0,0.0,10.0,84,775.0,1,0.045,1,Semiurban,19200.0,20.8,980.0,Approved
APP103282,32,Female,No,1,Graduate,No,Salaried,2.2,3660.0,1180.0,15.3,360,803.0,1,0.608,1,Urban,20300.0,7.8,12760.0,Rejected
APP100035,21,Male,No,0,Graduate,No,Salaried,2.2,5320.0,0.0,10.1,240,810.0,0,0.266,1,Semiurban,79100.0,10.8,3120.0,Approved
APP103611,35,Female,Yes,0,Graduate,No,Salaried,6.1,3450.0,2330.0,22.0,36,660.0,0,0.027,1,Semiurban,55800.0,0.6,1350.0,Approved
APP102345,21,Male,Yes,2,Graduate,No,Salaried,13.2,3590.0,0.0,,60,643.0,1,0.457,1,Rural,14200.0,1.8,1330.0,Rejected
APP104930,55,Female,Yes,3+,Not Graduate,Yes,Salaried,1.4,7000.0,4250.0,65.1,60,767.0,1,0.404,1,Semiurban,9500.0,7.7,16920.0,Rejected
APP102359,53,Female,No,1,Graduate,No,Self-Employed,1.9,4010.0,1460.0,30.0,60,554.0,1,0.575,1,Urban,23300.0,0.4,38750.0,Rejected
APP102206,39,Female,Yes,0,Not Graduate,No,Salaried,2.0,1270.0,4020.0,31.2,360,641.0,1,0.127,1,Urban,7200.0,0.2,3290.0,Approved
APP104944,50,Male,No,0,Graduate,No,Business Owner,1.5,2260.0,1920.0,10.0,240,634.0,0,0.279,1,Semiurban,43500.0,3.0,33640.0,Approved
APP101286,48,Male,No,1,Graduate,No,Salaried,8.0,9800.0,2280.0,69.9,360,604.0,1,0.114,1,Semiurban,38600.0,0.1,2780.0,Rejected
APP100349,60,Male,No,0,Graduate,No,Salaried,13.3,7980.0,0.0,19.1,120,666.0,0,0.394,1,Rural,58400.0,8.9,17430.0,Approved
APP102137,43,Male,No,,Not Graduate,No,Salaried,1.8,2640.0,2070.0,14.0,120,686.0,0,0.09,1,Urban,46000.0,20.5,24900.0,Approved
APP102691,32,Male,Yes,1,Graduate,No,Business Owner,3.8,5570.0,990.0,37.5,360,703.0,0,0.129,1,Rural,22400.0,2.2,2130.0,Approved
APP103040,43,Male,No,0,Graduate,Yes,Salaried,2.3,7220.0,0.0,43.0,84,601.0,1,0.231,1,Urban,18200.0,7.1,12760.0,Rejected
APP103189,43,Female,No,3+,Graduate,No,Business Owner,7.0,2300.0,840.0,16.7,180,759.0,2,0.519,1,Rural,59900.0,1.0,4350.0,Approved
APP101681,55,Female,Yes,2,Not Graduate,No,Salaried,3.0,2800.0,0.0,16.8,360,843.0,0,0.116,1,Urban,79900.0,0.2,9590.0,Approved
APP104099,33,Male,Yes,3+,Not Graduate,No,Salaried,18.3,3490.0,0.0,18.5,240,625.0,0,0.223,1,Urban,19800.0,3.0,22060.0,Approved
APP101443,42,Female,Yes,2,Graduate,No,Self-Employed,7.9,4590.0,1700.0,26.0,360,621.0,2,0.261,1,Urban,31700.0,0.6,920.0,Rejected
APP103309,41,Male,Yes,0,Graduate,No,Business Owner,3.1,9470.0,0.0,36.9,120,588.0,1,0.087,1,Rural,55000.0,6.7,18940.0,Rejected
APP101671,46,Female,Yes,0,Graduate,,Salaried,0.1,1680.0,1900.0,10.0,12,773.0,0,0.333,1,Semiurban,8000.0,15.6,300.0,Approved
APP103013,30,Male,Yes,1,Not Graduate,No,Salaried,9.5,2290.0,0.0,10.0,360,507.0,1,0.397,1,Urban,25700.0,6.4,12970.0,Rejected
APP101179,23,Female,Yes,2,Graduate,No,Salaried,7.1,3990.0,0.0,16.9,120,734.0,0,0.113,1,Semiurban,61400.0,12.5,9300.0,Approved
APP102798,52,Male,Yes,0,Not Graduate,No,Salaried,1.6,2600.0,6750.0,29.9,360,669.0,1,0.341,1,Semiurban,55500.0,3.7,7240.0,Approved
APP101692,35,Male,Yes,2,Graduate,No,Salaried,1.1,2590.0,0.0,10.0,12,397.0,0,0.149,0,Semiurban,29600.0,1.7,1700.0,Rejected
APP103950,26,Female,No,0,Graduate,No,Salaried,6.6,1200.0,0.0,10.0,120,603.0,3,0.121,1,Semiurban,65600.0,4.6,2880.0,Rejected
APP100372,55,Female,Yes,0,Graduate,Yes,Salaried,14.0,6110.0,0.0,15.7,84,727.0,0,0.416,1,Urban,19900.0,5.9,1970.0,Approved
APP103683,21,Male,No,0,Graduate,No,Unemployed,0.0,3770.0,4540.0,22.1,180,665.0,0,0.232,1,Urban,65900.0,6.5,4910.0,Rejected
APP101916,26,Male,No,0,Not Graduate,No,Salaried,6.7,2350.0,1160.0,16.4,84,691.0,1,0.124,1,Urban,32800.0,4.8,3750.0,Approved
APP101357,42,Male,No,1,Graduate,No,Self-Employed,1.0,6070.0,1510.0,44.9,84,572.0,2,0.146,0,Urban,20500.0,1.9,1420.0,Rejected
APP101825,24,Male,Yes,0,Graduate,No,Business Owner,1.2,1450.0,2340.0,10.1,12,545.0,1,0.589,1,Urban,8100.0,2.7,5040.0,Rejected
APP100786,23,Female,No,0,Not Graduate,,Unemployed,0.0,3100.0,0.0,15.8,60,755.0,1,0.109,1,Rural,30100.0,5.8,13020.0,Rejected
APP100469,37,Male,Yes,0,Graduate,Yes,Salaried,6.5,5010.0,1310.0,16.7,84,556.0,1,0.467,1,Rural,47800.0,0.7,3940.0,Rejected
APP100140,52,Male,Yes,0,Graduate,,Salaried,35.0,4510.0,3430.0,18.3,84,612.0,1,0.119,1,Semiurban,13600.0,1.2,20970.0,Approved
APP100788,32,Male,Yes,3+,Not Graduate,No,Salaried,1.5,5760.0,0.0,15.4,180,606.0,1,0.332,1,Semiurban,42300.0,6.2,3420.0,Rejected
APP100323,36,Male,Yes,0,Graduate,Yes,Salaried,4.3,5560.0,0.0,10.0,60,650.0,1,0.17,1,Urban,17100.0,10.2,3270.0,Rejected
APP100050,37,Female,Yes,0,Graduate,No,Self-Employed,13.0,9510.0,0.0,33.2,36,820.0,0,0.109,1,Urban,68400.0,2.3,4170.0,Approved
APP100714,53,Female,Yes,2,Not Graduate,Yes,Salaried,21.4,1860.0,0.0,10.0,60,666.0,0,0.068,1,Semiurban,92100.0,2.4,5320.0,Approved
APP104533,21,Female,Yes,3+,Graduate,No,Salaried,1.9,6870.0,1320.0,42.0,36,724.0,1,0.204,1,Urban,74200.0,2.2,2430.0,Approved
APP102840,21,Male,Yes,0,Not Graduate,No,Business Owner,0.3,1460.0,0.0,10.0,240,690.0,0,0.172,1,Rural,19100.0,1.4,3900.0,Rejected
APP102446,26,Male,No,0,Graduate,No,Self-Employed,0.7,8710.0,1960.0,40.4,180,656.0,1,0.403,1,Semiurban,16300.0,1.1,4230.0,Rejected
APP104862,53,Female,Yes,2,Graduate,Yes,Self-Employed,2.9,3860.0,1470.0,16.8,36,759.0,1,0.532,1,Semiurban,51000.0,5.4,8850.0,Rejected
APP104463,49,Male,Yes,0,Not Graduate,,Salaried,0.7,3100.0,1190.0,13.4,180,587.0,1,0.253,1,Urban,34200.0,7.0,5370.0,Rejected
APP104641,23,Male,No,2,Graduate,Yes,Unemployed,0.0,4040.0,1760.0,15.9,84,579.0,2,0.175,1,Semiurban,32800.0,5.5,2060.0,Rejected
APP103076,46,Male,Yes,2,Graduate,Yes,Salaried,0.4,1770.0,2490.0,16.1,120,702.0,1,0.397,1,Semiurban,15500.0,6.8,11440.0,Rejected
APP102666,21,Male,Yes,0,Not Graduate,No,Salaried,1.9,6460.0,4150.0,30.2,120,682.0,1,0.114,1,Semiurban,15400.0,10.8,4150.0,Rejected
APP100406,36,Male,No,1,Graduate,No,Salaried,0.9,2790.0,2390.0,14.9,120,623.0,0,0.216,1,Rural,41300.0,2.0,4410.0,Approved
APP103427,24,Female,Yes,0,Not Graduate,No,Salaried,4.6,6360.0,4710.0,36.5,36,538.0,0,0.077,1,Rural,61900.0,0.8,2850.0,Approved
APP101004,36,Male,No,1,Not Graduate,Yes,Business Owner,1.7,2590.0,0.0,10.0,84,704.0,3,0.21,1,Semiurban,28800.0,5.3,3680.0,Rejected
APP103066,29,Male,No,0,Graduate,Yes,Self-Employed,4.5,3840.0,1840.0,19.2,360,595.0,0,0.159,1,Urban,22000.0,4.5,3370.0,Approved
APP100890,36,Male,Yes,1,Graduate,No,Salaried,3.6,2340.0,800.0,18.7,120,602.0,0,0.141,1,Rural,24400.0,1.5,760.0,Rejected
APP102411,44,Female,No,2,Not Graduate,No,Business Owner,12.0,2360.0,0.0,10.0,120,549.0,0,0.178,1,Urban,39300.0,7.3,2030.0,Approved
APP102545,45,Male,No,1,Graduate,No,Salaried,4.7,5800.0,0.0,19.5,240,561.0,1,0.183,1,Rural,34400.0,0.2,4610.0,Rejected
APP103504,37,Female,Yes,3+,Not Graduate,No,Salaried,3.0,6120.0,4440.0,36.8,120,643.0,0,0.257,1,Urban,51600.0,6.3,1200.0,Rejected
APP102390,28,Male,Yes,0,Graduate,No,Self-Employed,5.4,12530.0,0.0,69.1,84,,1,0.389,1,Rural,19600.0,2.3,2440.0,Rejected
APP104017,28,Male,Yes,0,Graduate,No,Salaried,0.4,12720.0,2050.0,55.9,12,675.0,0,0.341,1,Rural,276000.0,12.3,6610.0,Approved
APP100042,51,Male,Yes,3+,Not Graduate,No,Salaried,3.4,1910.0,0.0,10.0,12,481.0,0,0.089,1,Semiurban,48300.0,5.7,18260.0,Rejected
APP102830,41,Female,Yes,2,Graduate,No,Salaried,1.3,4950.0,680.0,32.6,60,681.0,0,0.147,1,Rural,10300.0,0.3,26110.0,Approved
APP104883,22,Male,Yes,2,Graduate,No,Business Owner,0.6,2810.0,540.0,10.6,36,619.0,0,0.28,1,Urban,14100.0,6.9,11220.0,Approved
APP100303,38,Male,Yes,3+,Graduate,No,Salaried,6.8,3090.0,0.0,10.0,12,651.0,0,0.316,1,Urban,29000.0,1.7,25360.0,Rejected
APP104558,50,Female,Yes,3+,Graduate,No,Salaried,8.6,13990.0,1800.0,31.0,360,767.0,1,0.094,1,Semiurban,22000.0,17.6,14000.0,Approved
APP103820,30,Male,No,1,Not Graduate,,Unemployed,0.0,4840.0,1180.0,10.6,36,890.0,0,0.059,1,Semiurban,28300.0,2.7,7380.0,Approved
APP100664,23,Male,Yes,3+,Graduate,No,Salaried,1.3,4860.0,0.0,16.0,240,741.0,1,0.059,1,Rural,39400.0,5.9,6120.0,Approved
APP101177,33,Female,No,2,Graduate,No,Salaried,0.5,6220.0,4000.0,40.3,12,627.0,0,0.062,1,Semiurban,23900.0,16.0,2870.0,Approved
APP102676,63,Female,Yes,0,Graduate,,Salaried,0.4,3350.0,1120.0,17.8,180,602.0,1,0.18,1,Rural,24500.0,0.8,18080.0,Approved
APP101947,64,Male,Yes,0,Not Graduate,No,Self-Employed,7.0,2470.0,3450.0,14.4,60,782.0,0,0.13,1,Semiurban,30200.0,0.1,3140.0,Approved
APP102501,31,Female,Yes,0,Not Graduate,No,Self-Employed,2.8,3620.0,1010.0,17.3,240,673.0,1,0.397,1,Urban,75700.0,3.5,8230.0,Approved
APP101473,36,Female,Yes,0,Graduate,No,Business Owner,1.8,5500.0,970.0,28.3,240,547.0,1,0.263,1,Urban,5500.0,1.0,6800.0,Rejected
APP103553,32,Female,No,0,Graduate,No,Business Owner,4.4,6440.0,0.0,22.7,36,665.0,2,0.294,1,Semiurban,87700.0,3.3,9520.0,Approved
APP103785,29,Male,No,1,Not Graduate,No,Unemployed,0.0,5340.0,2980.0,30.8,240,,1,0.326,1,Urban,10100.0,6.0,14640.0,Rejected
APP102132,35,Female,Yes,0,Not Graduate,Yes,Salaried,4.2,2230.0,0.0,10.0,36,682.0,0,0.136,1,Semiurban,98800.0,3.7,1140.0,Approved
APP101026,65,Female,Yes,1,Not Graduate,Yes,Salaried,2.0,3210.0,0.0,13.4,12,654.0,1,0.429,1,Semiurban,21000.0,13.9,7370.0,Rejected
APP102989,47,Female,Yes,0,Graduate,No,Salaried,0.7,2340.0,3150.0,10.2,240,662.0,0,0.238,1,Semiurban,17900.0,40.0,4280.0,Rejected
APP100961,48,Male,Yes,0,Graduate,Yes,Salaried,2.0,2700.0,0.0,10.0,60,570.0,0,0.14,1,Rural,79200.0,7.0,2480.0,Rejected
APP102889,48,Male,Yes,0,Graduate,No,Business Owner,0.7,2320.0,4250.0,15.5,12,609.0,1,0.273,1,Semiurban,129100.0,1.0,6900.0,Approved
APP103275,34,Male,No,0,Not Graduate,No,Unemployed,0.0,13050.0,0.0,38.0,120,650.0,0,0.092,1,Semiurban,88200.0,1.8,20100.0,Rejected
APP102009,32,Male,Yes,2,Not Graduate,No,Self-Employed,8.6,3740.0,1180.0,22.1,240,664.0,1,0.262,1,Semiurban,,4.6,33690.0,Rejected
APP102149,21,Male,Yes,1,Graduate,No,Self-Employed,0.7,2240.0,0.0,11.2,360,811.0,0,0.292,1,Semiurban,18300.0,8.2,2510.0,Rejected
APP104679,35,Male,Yes,3+,Not Graduate,No,Salaried,10.0,1700.0,670.0,12.6,12,761.0,0,0.127,1,Semiurban,28100.0,0.6,4560.0,Approved
APP102338,44,Female,No,0,Graduate,,Business Owner,1.6,6700.0,0.0,10.2,120,615.0,1,0.228,1,Semiurban,11200.0,4.4,2420.0,Rejected
APP103965,40,Female,No,1,Graduate,Yes,Self-Employed,0.7,9930.0,0.0,40.5,36,732.0,0,0.538,1,Rural,41500.0,10.8,4820.0,Rejected
APP100304,36,Male,No,1,Not Graduate,Yes,Salaried,2.7,3180.0,950.0,16.2,360,730.0,1,0.248,1,Urban,47600.0,4.6,10130.0,Approved
APP101440,44,Male,Yes,0,Graduate,No,Salaried,3.5,3250.0,1440.0,24.8,60,648.0,0,0.112,1,Urban,12000.0,4.1,1480.0,Rejected
APP101496,49,Female,Yes,1,Not Graduate,No,Salaried,9.1,2120.0,3520.0,14.8,12,723.0,0,0.268,1,Rural,16100.0,0.7,22870.0,Approved
APP102652,21,Male,Yes,1,Not Graduate,No,Self-Employed,1.9,7500.0,0.0,41.2,240,708.0,1,0.13,0,Semiurban,18900.0,4.9,5730.0,Rejected
APP102875,61,Male,Yes,2,Graduate,Yes,Salaried,12.1,3760.0,3040.0,20.7,240,737.0,1,0.426,1,Semiurban,41300.0,2.1,12600.0,Rejected
APP100916,54,Female,Yes,2,Graduate,No,Self-Employed,7.4,6250.0,0.0,28.0,120,655.0,0,0.243,1,Semiurban,45200.0,6.4,2200.0,Approved
APP104224,33,Male,Yes,1,Graduate,Yes,Salaried,9.3,9310.0,0.0,,12,638.0,1,0.033,1,Semiurban,60600.0,1.0,9370.0,Approved
APP103794,40,Male,Yes,0,Graduate,No,Unemployed,0.0,2510.0,0.0,10.0,180,584.0,1,0.064,1,Semiurban,45700.0,0.1,2880.0,Rejected
APP102772,27,Female,No,0,Not Graduate,Yes,Unemployed,0.0,5370.0,0.0,13.3,120,543.0,0,0.272,1,Urban,42700.0,3.1,4720.0,Rejected
APP101624,33,Male,No,3+,Graduate,Yes,Business Owner,0.1,5770.0,0.0,24.2,180,653.0,1,0.39,1,Urban,36500.0,4.5,14970.0,Approved
APP103911,37,Male,Yes,3+,Graduate,No,Salaried,3.1,11940.0,2500.0,49.7,36,689.0,1,0.257,0,Urban,,6.8,36680.0,Rejected
APP100821,39,Male,Yes,0,Graduate,No,Salaried,4.6,4240.0,0.0,21.8,120,729.0,0,0.382,1,Semiurban,53500.0,5.1,9200.0,Rejected
APP103366,44,Female,Yes,3+,Not Graduate,Yes,Business Owner,4.6,4990.0,0.0,17.2,240,648.0,0,0.045,1,Semiurban,,12.5,1130.0,Approved
APP101354,53,Female,Yes,0,Not Graduate,No,Salaried,1.5,1860.0,2250.0,10.0,180,568.0,1,0.06,1,Urban,11700.0,7.5,2960.0,Rejected
APP104542,48,Female,Yes,0,Not Graduate,No,Salaried,11.2,4300.0,4380.0,41.3,60,741.0,1,0.258,1,Rural,38900.0,6.9,3030.0,Approved
APP100850,57,Male,Yes,0,Graduate,No,Salaried,3.5,7730.0,2510.0,32.3,12,536.0,0,0.171,1,Urban,30100.0,12.3,8090.0,Rejected
APP101000,36,Female,No,0,Graduate,No,Salaried,6.3,2710.0,3170.0,18.8,360,613.0,2,0.183,1,Urban,44900.0,3.6,1370.0,Rejected
APP104387,53,Male,Yes,1,Graduate,No,Salaried,13.0,2600.0,2050.0,11.6,36,709.0,1,0.102,1,Urban,30800.0,1.8,2740.0,Approved
APP100018,39,Male,Yes,1,Not Graduate,No,Unemployed,0.0,3140.0,4620.0,24.7,36,585.0,1,0.219,1,Urban,14900.0,0.6,1340.0,Rejected
APP101637,36,Female,No,1,Not Graduate,No,Salaried,1.7,6840.0,0.0,31.0,240,701.0,0,0.591,1,Rural,38000.0,6.1,6850.0,Rejected
APP101667,49,Female,No,1,Graduate,No,Salaried,3.0,3890.0,840.0,23.9,240,689.0,2,0.172,1,Rural,18200.0,3.6,6300.0,Approved
APP100493,48,Male,Yes,3+,Graduate,No,Salaried,5.0,8920.0,0.0,21.3,84,387.0,1,0.366,0,Urban,69900.0,0.0,11600.0,Rejected
APP101347,32,Female,Yes,3+,Graduate,No,Self-Employed,12.2,8100.0,0.0,48.5,60,636.0,1,0.289,1,Urban,6400.0,8.4,8640.0,Approved
APP103018,37,Female,Yes,1,Graduate,No,Salaried,8.5,4350.0,3610.0,34.5,36,621.0,1,0.289,1,Urban,33300.0,5.2,3750.0,Rejected
APP103800,51,Male,Yes,1,Graduate,Yes,Salaried,1.6,5330.0,810.0,31.2,120,591.0,0,0.012,1,Urban,36600.0,5.6,5270.0,Approved
APP103321,27,Male,Yes,0,Graduate,No,Self-Employed,8.0,3370.0,0.0,,84,,0,0.426,1,Urban,44900.0,3.1,9980.0,Rejected
APP104216,55,Female,No,0,Not Graduate,No,Salaried,10.5,5660.0,1450.0,31.9,240,702.0,0,0.358,0,Rural,36300.0,2.8,8060.0,Approved
APP103551,30,Male,No,2,Graduate,No,Salaried,0.3,4330.0,0.0,24.0,240,551.0,2,0.254,0,Urban,15800.0,5.0,1100.0,Rejected
APP100687,61,Male,No,0,Not Graduate,No,Self-Employed,7.0,4150.0,3620.0,26.1,60,680.0,0,0.109,1,Rural,40000.0,22.7,4850.0,Approved
APP103804,42,Male,Yes,0,Graduate,No,Self-Employed,4.2,5640.0,10220.0,82.6,12,693.0,0,0.325,1,Urban,92800.0,1.6,2730.0,Approved
APP101608,38,Male,Yes,0,Graduate,Yes,Unemployed,0.0,1800.0,0.0,10.0,84,617.0,0,0.421,1,Semiurban,35500.0,11.2,8500.0,Rejected
APP104590,44,Male,No,0,Graduate,No,Business Owner,1.9,1930.0,0.0,10.0,180,630.0,0,0.533,1,Rural,82800.0,4.6,2680.0,Rejected
APP103470,37,Male,No,0,Graduate,No,Salaried,0.0,8870.0,2460.0,24.5,12,761.0,0,0.412,1,Urban,40700.0,8.8,8890.0,Approved
APP101009,39,Female,No,2,Graduate,No,Business Owner,1.5,3420.0,0.0,12.2,120,658.0,0,0.244,1,Rural,20900.0,1.9,1010.0,Rejected
APP102408,30,Female,Yes,0,Graduate,,Salaried,2.1,7920.0,0.0,27.5,36,744.0,0,0.31,1,Urban,18300.0,1.7,19260.0,Approved
APP101092,36,Male,No,0,Graduate,No,Self-Employed,7.8,2580.0,0.0,14.7,12,670.0,0,0.26,1,Rural,62900.0,10.6,2240.0,Rejected
APP101327,37,Female,Yes,2,Graduate,No,Unemployed,0.0,3640.0,1940.0,24.1,240,694.0,0,0.163,1,Semiurban,13800.0,1.1,13130.0,Rejected
APP101677,22,Male,No,0,Graduate,No,Self-Employed,1.2,1800.0,2620.0,12.9,240,529.0,1,0.4,1,Semiurban,30600.0,3.2,29020.0,Rejected
APP101999,31,Male,Yes,0,Graduate,No,Salaried,0.3,5880.0,0.0,25.5,12,786.0,1,0.34,1,Rural,26000.0,4.9,7320.0,Approved
APP101310,27,Female,Yes,3+,Graduate,Yes,Business Owner,7.2,5190.0,0.0,23.9,240,721.0,1,0.31,0,Urban,32600.0,3.3,7640.0,Approved
APP104698,51,Male,Yes,0,Graduate,Yes,Self-Employed,5.5,4960.0,0.0,16.6,12,433.0,1,0.283,1,Semiurban,28100.0,2.4,7940.0,Rejected
APP101987,51,Male,Yes,0,Not Graduate,Yes,Salaried,8.9,2440.0,0.0,10.0,360,,0,0.441,1,Rural,55700.0,4.9,2320.0,Approved
APP103721,31,Female,Yes,3+,Graduate,No,Business Owner,8.0,6340.0,1280.0,13.1,60,826.0,1,0.101,1,Urban,65900.0,14.5,14260.0,Approved
APP100344,42,Male,Yes,2,Not Graduate,No,Salaried,9.0,5300.0,2700.0,39.9,120,528.0,0,0.27,1,Semiurban,47000.0,6.7,4150.0,Rejected
APP104228,48,Female,No,0,Graduate,No,Salaried,1.1,6140.0,2280.0,21.9,360,612.0,0,0.145,1,Rural,11000.0,11.1,4800.0,Approved
APP100986,42,Female,Yes,1,Graduate,Yes,Salaried,2.2,4520.0,0.0,10.0,120,600.0,1,0.382,1,Semiurban,61500.0,2.7,2650.0,Rejected
APP103926,45,Female,Yes,2,Graduate,No,Salaried,0.9,9650.0,1350.0,27.9,60,610.0,2,0.278,1,Semiurban,55600.0,0.9,43800.0,Approved
APP103880,53,Male,No,0,Not Graduate,No,Salaried,8.4,1700.0,0.0,10.0,60,468.0,0,0.223,1,Urban,52300.0,0.0,6420.0,Rejected
APP104356,38,Male,Yes,3+,Not Graduate,,Salaried,2.2,2760.0,0.0,11.2,84,560.0,2,0.42,1,Rural,53300.0,0.4,2640.0,Rejected
APP104081,26,Male,Yes,,Graduate,No,Salaried,5.1,2330.0,0.0,10.0,240,556.0,0,0.272,1,Semiurban,58300.0,6.4,3840.0,Rejected
APP103154,47,Male,No,2,Graduate,No,Unemployed,0.0,5590.0,0.0,29.0,84,683.0,1,0.468,1,Semiurban,13000.0,15.4,8830.0,Rejected
APP100672,38,Female,Yes,3+,Not Graduate,No,Salaried,9.2,4320.0,0.0,25.8,84,627.0,0,0.22,1,Urban,,18.0,1780.0,Rejected
APP101142,35,Male,No,3+,Not Graduate,Yes,Salaried,5.7,4690.0,3320.0,14.9,84,641.0,0,0.512,1,Urban,28200.0,11.0,5460.0,Rejected
APP102358,35,Female,No,,Not Graduate,No,Self-Employed,0.9,1680.0,2460.0,10.0,84,723.0,0,0.174,1,Urban,20500.0,5.1,2110.0,Approved
APP101198,40,Male,Yes,1,Graduate,No,Salaried,5.2,4220.0,4730.0,35.6,84,718.0,3,0.128,1,Rural,34400.0,1.8,75340.0,Approved
APP100085,47,Female,No,1,Graduate,No,Salaried,2.3,3590.0,0.0,20.0,84,697.0,0,0.474,1,Rural,15800.0,3.8,4170.0,Rejected
APP101518,46,Male,Yes,0,Graduate,No,Business Owner,13.8,10060.0,0.0,51.0,12,634.0,1,0.422,1,Rural,85400.0,7.0,32500.0,Approved
APP100516,21,Male,Yes,0,Graduate,Yes,Salaried,1.3,7860.0,0.0,32.1,36,493.0,1,0.292,1,Rural,58900.0,1.6,3730.0,Rejected
APP101381,25,Male,Yes,1,Graduate,No,Business Owner,16.1,3670.0,2820.0,14.3,180,588.0,2,0.52,1,Urban,63500.0,0.8,910.0,Rejected
APP102716,35,Male,Yes,1,Graduate,No,Salaried,1.6,3700.0,2020.0,29.4,12,554.0,1,0.594,1,Rural,37300.0,4.3,3510.0,Rejected
APP104672,32,Female,Yes,1,Graduate,No,Business Owner,11.3,3740.0,3800.0,28.2,84,596.0,1,0.053,1,Rural,39900.0,7.3,1430.0,Approved
APP101014,33,Male,No,2,Graduate,,Self-Employed,12.4,3130.0,0.0,,84,741.0,1,0.253,0,Semiurban,7700.0,3.9,6990.0,Rejected
APP100128,54,Male,Yes,0,Graduate,No,Salaried,14.3,4200.0,0.0,14.5,36,606.0,0,0.044,1,Semiurban,24900.0,7.4,1270.0,Approved
APP101364,43,Male,Yes,1,Graduate,No,Unemployed,0.0,3520.0,0.0,17.2,60,665.0,0,0.017,1,Semiurban,43400.0,9.9,7470.0,Rejected
APP104888,50,Male,No,0,Graduate,Yes,Salaried,9.2,2420.0,2040.0,11.7,360,667.0,2,0.319,1,Semiurban,76000.0,3.3,6000.0,Approved
APP104055,28,Male,Yes,0,Not Graduate,No,Self-Employed,3.1,14850.0,1570.0,85.5,360,566.0,0,0.423,1,Semiurban,99800.0,20.3,4540.0,Rejected
APP103626,25,Male,No,0,Not Graduate,No,Unemployed,0.0,6310.0,0.0,31.5,60,632.0,0,0.384,1,Semiurban,46200.0,1.4,2400.0,Rejected
APP100891,31,Female,Yes,0,Not Graduate,No,Salaried,2.6,3280.0,1180.0,,240,545.0,1,0.346,1,Urban,3700.0,5.7,37650.0,Rejected
APP102793,40,Male,Yes,0,Not Graduate,No,Self-Employed,0.5,8200.0,1540.0,44.5,360,719.0,0,0.102,1,Semiurban,69000.0,2.2,6980.0,Approved
APP104251,29,Male,Yes,1,Graduate,No,Business Owner,10.0,4730.0,0.0,13.3,36,592.0,0,0.41,1,Semiurban,38300.0,8.8,11930.0,Rejected
APP101359,26,Female,Yes,0,Graduate,No,Unemployed,0.0,10690.0,0.0,46.6,36,466.0,0,0.33,1,Rural,49600.0,8.5,6970.0,Rejected
APP100307,33,Female,Yes,0,Not Graduate,No,Business Owner,1.2,3640.0,0.0,10.0,12,,0,0.077,1,Semiurban,136800.0,2.0,2570.0,Approved
APP101661,47,Female,Yes,3+,Not Graduate,,Salaried,20.9,1860.0,2890.0,12.1,60,702.0,2,0.44,1,Urban,32200.0,3.5,19460.0,Approved
APP102431,21,Male,No,2,Not Graduate,No,Self-Employed,0.8,2850.0,1600.0,26.0,84,655.0,0,0.36,1,Semiurban,50700.0,0.4,4710.0,Rejected
APP104011,30,Female,Yes,0,Graduate,No,Self-Employed,14.4,6140.0,3140.0,39.7,60,567.0,0,0.155,1,Urban,41400.0,0.8,4200.0,Approved
APP101317,38,Male,Yes,0,Graduate,No,Salaried,6.3,2880.0,0.0,16.4,120,809.0,1,0.068,1,Urban,15900.0,0.3,9180.0,Approved
APP104347,24,Male,No,2,Not Graduate,No,Salaried,14.1,4020.0,0.0,13.7,12,526.0,0,0.179,1,Urban,131200.0,0.7,5720.0,Approved
APP102474,21,Male,Yes,1,Graduate,No,Unemployed,0.0,4440.0,1250.0,,12,656.0,0,0.426,0,Semiurban,37100.0,2.5,1810.0,Rejected
APP102542,53,Male,Yes,1,Graduate,No,Self-Employed,3.7,4350.0,0.0,15.4,120,760.0,2,0.139,1,Semiurban,44800.0,1.0,14130.0,Approved
APP101246,44,Male,Yes,3+,Graduate,No,Business Owner,9.7,2470.0,0.0,10.0,180,900.0,1,0.228,1,Urban,,1.6,3490.0,Approved
APP101208,51,Female,No,1,Graduate,Yes,Self-Employed,0.8,5990.0,0.0,26.2,36,558.0,0,0.145,1,Semiurban,47400.0,0.5,11340.0,Approved
APP100216,45,Male,No,3+,Graduate,No,Salaried,3.4,2640.0,0.0,10.0,240,648.0,0,0.117,1,Semiurban,79000.0,3.8,990.0,Approved
APP104336,49,Female,Yes,0,Graduate,No,Salaried,5.0,6540.0,2310.0,25.5,36,393.0,2,0.455,1,Urban,33100.0,1.9,1640.0,Rejected
APP104666,37,Female,Yes,0,Not Graduate,No,Salaried,0.6,1200.0,2400.0,10.4,84,605.0,0,0.683,1,Rural,40900.0,14.3,5940.0,Rejected
APP101239,68,Female,Yes,3+,Graduate,No,Business Owner,3.3,4090.0,0.0,10.0,120,589.0,0,0.058,1,Semiurban,32800.0,0.5,4660.0,Approved
APP102289,34,Male,Yes,2,Graduate,No,Unemployed,0.0,3890.0,1290.0,12.4,120,885.0,2,0.267,1,Urban,45900.0,4.2,4900.0,Approved
APP102740,49,Male,No,0,Graduate,No,Salaried,2.5,1940.0,0.0,10.0,180,522.0,0,0.279,1,Semiurban,27200.0,5.3,1210.0,Rejected
APP100275,29,Female,Yes,0,Graduate,No,Salaried,4.7,7370.0,0.0,11.5,360,606.0,1,0.436,1,Semiurban,23000.0,2.2,11110.0,Rejected
APP100489,42,Female,Yes,1,Graduate,No,Unemployed,0.0,2780.0,1510.0,20.1,60,683.0,0,0.061,0,Semiurban,32200.0,0.2,690.0,Rejected
APP101035,22,Female,No,0,Not Graduate,No,Self-Employed,1.0,1200.0,1110.0,10.0,180,568.0,0,0.483,1,Urban,92600.0,4.4,21530.0,Rejected
APP101229,46,Female,No,0,Graduate,No,Salaried,0.5,3310.0,4760.0,47.6,360,803.0,0,0.379,1,Rural,20200.0,1.3,1110.0,Approved
APP104630,53,Female,Yes,1,Graduate,No,Salaried,10.0,4440.0,0.0,10.0,360,451.0,0,0.111,1,Urban,49800.0,1.4,9460.0,Rejected
APP101008,44,Male,Yes,1,Not Graduate,No,Unemployed,0.0,2120.0,2200.0,11.5,360,627.0,1,0.151,1,Semiurban,70200.0,7.2,12110.0,Rejected
APP104777,41,Male,Yes,3+,Graduate,No,Salaried,4.7,4400.0,5330.0,20.8,360,737.0,0,0.203,1,Urban,99600.0,1.6,3190.0,Approved
APP104427,39,Female,Yes,0,Graduate,No,Salaried,4.9,8120.0,0.0,32.3,360,496.0,1,0.281,1,Rural,53500.0,14.1,6340.0,Rejected
APP103247,60,Male,Yes,2,Not Graduate,,Salaried,2.4,5660.0,0.0,22.2,12,810.0,1,0.048,1,Urban,19300.0,3.5,10650.0,Approved
APP102532,39,Male,Yes,2,Not Graduate,No,Salaried,6.1,2920.0,0.0,15.0,240,728.0,0,0.092,1,Semiurban,23900.0,2.2,1520.0,Rejected
APP104211,21,Male,Yes,2,Graduate,No,Business Owner,3.1,2760.0,0.0,15.8,36,698.0,1,0.172,1,Semiurban,30200.0,4.7,6880.0,Approved
APP101058,32,Female,No,1,Graduate,No,Salaried,6.3,3060.0,1260.0,23.7,180,557.0,0,0.514,1,Rural,36300.0,13.2,480.0,Rejected
APP102166,48,Male,Yes,1,Not Graduate,No,Unemployed,0.0,4890.0,0.0,21.9,84,702.0,1,0.487,1,Urban,20400.0,9.4,3470.0,Rejected
APP104140,36,Female,Yes,2,Graduate,No,Salaried,2.0,4520.0,0.0,13.2,36,601.0,0,0.109,1,Rural,56000.0,9.7,8990.0,Rejected
APP103441,32,Male,Yes,,Graduate,No,Salaried,20.7,4740.0,2780.0,43.9,120,852.0,0,0.169,1,Semiurban,38600.0,5.5,4910.0,Approved
APP100281,40,Male,No,0,Graduate,No,Business Owner,0.3,4420.0,2470.0,17.7,180,600.0,2,0.397,1,Rural,19400.0,2.1,3380.0,Rejected
APP104441,37,Male,Yes,0,Graduate,No,Salaried,4.1,2200.0,1450.0,18.6,240,595.0,0,0.194,1,Urban,63800.0,5.4,18470.0,Rejected
APP101316,34,Female,Yes,0,Graduate,No,Salaried,3.2,4630.0,2900.0,14.8,120,694.0,1,0.258,1,Rural,50400.0,16.9,18430.0,Approved
APP101074,24,Female,No,0,Not Graduate,No,Self-Employed,2.3,1940.0,2310.0,10.0,36,630.0,0,0.092,1,Rural,37900.0,1.5,3560.0,Approved
APP100968,39,Male,Yes,0,Graduate,No,Self-Employed,7.1,4240.0,3120.0,37.8,240,782.0,1,0.352,1,Urban,139400.0,2.8,2760.0,Approved
APP103990,26,Male,No,,Not Graduate,No,Salaried,23.8,6860.0,1580.0,,84,694.0,1,0.174,1,Semiurban,45900.0,5.8,5980.0,Approved
APP103997,38,Male,Yes,2,Graduate,No,Salaried,9.6,4070.0,0.0,12.3,60,729.0,0,0.247,1,Rural,17900.0,3.3,4600.0,Approved
APP103231,48,Male,Yes,1,Graduate,No,Business Owner,0.1,8120.0,7470.0,58.2,12,753.0,0,0.21,1,Rural,18200.0,0.4,420.0,Rejected
APP103589,37,Male,Yes,0,Graduate,No,Unemployed,0.0,6680.0,3650.0,26.1,12,704.0,0,0.056,1,Rural,54600.0,2.2,15300.0,Approved
APP100619,29,Male,No,0,Graduate,Yes,Business Owner,9.6,1200.0,0.0,10.0,60,605.0,0,0.276,1,Urban,8000.0,6.9,7800.0,Rejected
APP104390,38,Male,No,0,Graduate,No,Unemployed,0.0,4870.0,0.0,15.0,84,683.0,3,0.222,1,Semiurban,14000.0,6.3,20770.0,Rejected
APP101742,51,Female,No,0,Graduate,,Salaried,0.7,4110.0,720.0,13.7,360,624.0,0,0.358,1,Urban,41700.0,15.2,12340.0,Approved
APP101390,39,Female,Yes,0,Not Graduate,Yes,Unemployed,0.0,5250.0,1520.0,24.3,84,604.0,0,0.306,1,Rural,,9.0,24770.0,Rejected
APP104310,34,Male,Yes,1,Graduate,No,Salaried,1.3,1420.0,0.0,10.0,240,,1,0.349,1,Rural,46000.0,3.4,13800.0,Approved
APP101847,33,Male,Yes,0,Not Graduate,No,Salaried,0.4,3480.0,1420.0,,240,641.0,0,0.093,1,Rural,89900.0,0.9,5180.0,Approved
APP101579,43,Male,Yes,0,Not Graduate,No,Salaried,0.6,1340.0,3040.0,25.2,84,746.0,2,0.253,1,Rural,48800.0,1.2,4380.0,Approved
APP101655,53,Female,Yes,0,Graduate,No,Salaried,5.8,7640.0,1730.0,21.4,84,703.0,1,0.291,1,Semiurban,33200.0,0.1,3930.0,Rejected
APP102352,48,Male,Yes,0,Graduate,No,Salaried,0.6,6070.0,0.0,35.4,84,784.0,1,0.481,1,Urban,28300.0,2.2,2740.0,Rejected
APP102212,31,Male,No,0,Not Graduate,No,Business Owner,6.6,7470.0,0.0,44.1,36,685.0,1,0.279,1,Semiurban,31700.0,7.3,6700.0,Rejected
APP102020,45,Female,Yes,,Not Graduate,No,Self-Employed,5.2,5120.0,0.0,25.1,180,556.0,0,0.257,1,Semiurban,53800.0,5.4,12210.0,Rejected
APP103164,45,Male,Yes,,Graduate,No,Salaried,1.4,10330.0,0.0,40.8,120,378.0,0,0.236,1,Semiurban,,13.9,1530.0,Rejected
APP101956,21,Male,No,1,Graduate,No,Salaried,5.6,3230.0,1490.0,10.0,360,550.0,0,0.427,1,Rural,59500.0,1.4,3810.0,Rejected
APP101307,22,Male,No,0,Not Graduate,No,Self-Employed,7.5,1880.0,0.0,10.0,84,557.0,0,0.034,0,Semiurban,30000.0,0.5,17840.0,Rejected
APP102003,47,Female,No,0,Not Graduate,No,Salaried,2.8,15390.0,2490.0,66.7,120,722.0,0,0.182,1,Urban,39300.0,4.0,3820.0,Approved
APP104500,27,Female,Yes,1,Graduate,No,Self-Employed,9.4,5840.0,3340.0,,240,784.0,1,0.442,0,Rural,94000.0,11.6,1390.0,Approved
APP100575,38,Male,No,0,Graduate,Yes,Business Owner,8.3,6120.0,0.0,13.2,12,589.0,0,0.071,1,Urban,26700.0,1.3,5390.0,Approved
APP102360,34,Female,Yes,0,Not Graduate,No,Self-Employed,1.4,5450.0,0.0,25.8,240,628.0,0,0.32,1,Semiurban,69100.0,0.6,10200.0,Rejected
APP104245,32,Male,Yes,1,Graduate,No,Salaried,5.5,3630.0,670.0,10.0,240,639.0,1,0.07,0,Urban,44300.0,2.0,37960.0,Approved
APP104481,49,Male,No,0,Not Graduate,No,Business Owner,1.4,1720.0,1980.0,16.5,36,673.0,0,0.177,1,Rural,66400.0,2.8,4820.0,Rejected
APP101706,29,Male,Yes,1,Graduate,Yes,Salaried,9.8,2760.0,0.0,10.8,240,730.0,0,0.18,0,Semiurban,18900.0,1.4,5740.0,Rejected
APP103815,34,Female,No,0,Graduate,,Salaried,2.0,8720.0,1500.0,60.6,360,652.0,2,0.219,1,Semiurban,43100.0,5.7,2430.0,Rejected
APP103540,45,Female,Yes,3+,Not Graduate,No,Salaried,21.7,3230.0,2370.0,25.8,36,672.0,1,0.273,1,Urban,34300.0,1.5,6500.0,Approved
APP101280,40,Female,Yes,1,Graduate,No,Salaried,1.4,3660.0,0.0,20.7,180,665.0,0,0.013,1,Rural,28100.0,1.0,4430.0,Approved
APP100861,21,Female,No,,Not Graduate,Yes,Salaried,2.2,2240.0,3220.0,26.0,84,675.0,0,0.383,1,Semiurban,58100.0,1.0,4060.0,Rejected
APP104187,44,Female,Yes,1,Graduate,No,Salaried,16.6,7680.0,2730.0,22.8,60,483.0,1,0.164,1,Urban,62300.0,8.2,16360.0,Rejected
APP101801,44,Male,Yes,1,Not Graduate,No,Business Owner,1.2,3230.0,1890.0,10.0,240,775.0,0,0.162,1,Urban,26900.0,1.4,18560.0,Rejected
APP101628,37,Male,Yes,0,Graduate,No,Salaried,21.8,2930.0,0.0,10.0,60,713.0,1,0.086,0,Urban,17400.0,12.4,7520.0,Approved
APP101993,45,Female,Yes,0,Graduate,No,Unemployed,0.0,7210.0,4120.0,60.3,84,689.0,1,0.584,1,Rural,20400.0,0.0,1740.0,Rejected
APP102639,37,Female,Yes,2,Graduate,No,Unemployed,0.0,6680.0,2590.0,31.0,180,595.0,1,0.089,1,Rural,139500.0,0.4,24280.0,Approved
APP100269,55,Male,Yes,0,Graduate,No,Self-Employed,3.5,4160.0,2690.0,25.3,180,582.0,2,0.141,1,Semiurban,36300.0,16.0,10390.0,Rejected
APP100629,49,Male,Yes,3+,Not Graduate,No,Business Owner,1.3,3790.0,0.0,10.0,180,726.0,1,0.336,1,Semiurban,25800.0,3.2,4110.0,Approved
APP103081,28,Female,Yes,0,Graduate,No,Self-Employed,8.7,5030.0,2280.0,27.7,240,676.0,0,0.438,1,Semiurban,27100.0,1.2,2500.0,Approved
APP102334,42,Male,Yes,0,Graduate,No,Self-Employed,6.8,4900.0,0.0,16.6,180,460.0,1,0.276,1,Rural,42500.0,1.4,1540.0,Rejected
APP102966,52,Female,Yes,0,Graduate,No,Salaried,3.2,3590.0,0.0,13.4,240,598.0,0,0.047,1,Urban,42000.0,2.3,5270.0,Approved
APP100300,39,Male,Yes,3+,Not Graduate,No,Salaried,3.9,2070.0,2480.0,14.1,36,763.0,1,0.385,1,Semiurban,43000.0,8.7,7730.0,Approved
APP100459,22,Male,Yes,2,Not Graduate,Yes,Salaried,15.7,6610.0,1910.0,37.3,180,557.0,0,0.297,1,Rural,78900.0,0.4,2230.0,Rejected
APP101447,44,Male,Yes,1,Graduate,No,Business Owner,6.4,6560.0,0.0,35.6,12,524.0,0,0.1,1,Semiurban,98400.0,17.1,4930.0,Rejected
APP101472,35,Male,Yes,3+,Graduate,No,Unemployed,0.0,5460.0,0.0,11.3,84,659.0,2,0.518,1,Urban,49600.0,10.9,11810.0,Rejected
APP102046,37,Male,Yes,0,Graduate,No,Salaried,9.2,9450.0,0.0,42.0,60,626.0,5,0.291,1,Semiurban,21200.0,0.5,8670.0,Rejected
APP104271,21,Male,No,0,Graduate,No,Salaried,9.0,4510.0,820.0,24.2,60,650.0,1,0.177,0,Rural,10600.0,1.9,1230.0,Rejected
APP103837,55,Male,Yes,,Graduate,No,Salaried,4.3,5610.0,1280.0,35.7,180,687.0,0,0.181,1,Urban,47900.0,1.4,2260.0,Approved
APP102113,26,Female,Yes,0,Graduate,No,Unemployed,0.0,5560.0,2600.0,38.6,180,580.0,1,0.146,1,Semiurban,15600.0,16.3,6010.0,Rejected
APP100027,31,Male,Yes,0,Graduate,No,Salaried,0.2,11840.0,3040.0,45.6,60,599.0,2,0.274,1,Rural,70800.0,1.2,5700.0,Rejected
APP104628,28,Male,No,1,Graduate,,Salaried,2.3,4930.0,4250.0,54.3,180,555.0,0,0.29,1,Semiurban,49800.0,0.2,10340.0,Rejected
APP104567,39,Male,Yes,1,Graduate,,Self-Employed,13.1,5680.0,0.0,24.3,84,634.0,1,0.145,1,Rural,47800.0,7.0,9250.0,Approved
APP100837,26,Female,No,0,Not Graduate,No,Salaried,0.3,2510.0,710.0,13.7,12,670.0,1,0.21,0,Semiurban,64200.0,0.5,7450.0,Rejected
APP104373,31,Female,Yes,0,Graduate,No,Salaried,11.6,8740.0,2510.0,56.7,360,784.0,0,0.234,1,Semiurban,16800.0,1.5,7070.0,Approved
APP103433,28,Male,No,0,Graduate,No,Salaried,1.7,7420.0,0.0,22.2,180,675.0,0,0.217,1,Rural,40200.0,11.9,2810.0,Rejected
APP102008,30,Female,No,0,Graduate,Yes,Unemployed,0.0,9050.0,0.0,38.0,360,,1,0.173,1,Semiurban,70300.0,12.6,1090.0,Rejected
APP104957,40,Male,Yes,0,Graduate,Yes,Salaried,0.5,2440.0,3020.0,21.2,240,768.0,2,0.428,1,Semiurban,22000.0,0.4,4280.0,Rejected
APP100503,29,Female,Yes,3+,Graduate,No,Business Owner,2.8,2080.0,2580.0,16.9,360,625.0,1,0.388,1,Rural,15100.0,3.2,520.0,Rejected
APP103954,53,Female,No,0,Graduate,No,Salaried,2.4,7730.0,0.0,21.1,120,602.0,0,0.048,1,Urban,13700.0,5.5,1220.0,Approved
APP104348,40,Female,No,0,Graduate,No,Salaried,10.1,2760.0,0.0,16.3,12,689.0,1,0.211,1,Urban,46300.0,3.3,7720.0,Approved
APP100380,25,Male,No,1,Graduate,No,Salaried,4.8,4440.0,1640.0,13.9,36,627.0,4,0.487,1,Rural,64700.0,6.3,2220.0,Rejected
APP101851,31,Male,Yes,1,Not Graduate,No,Self-Employed,5.1,4860.0,0.0,24.1,120,611.0,0,0.121,1,Urban,13200.0,8.8,6790.0,Rejected
APP101525,24,Male,No,1,Graduate,No,Salaried,0.6,6870.0,3250.0,58.5,360,435.0,0,0.391,1,Urban,14200.0,2.4,730.0,Rejected
APP102365,37,Male,No,0,Not Graduate,Yes,Salaried,1.6,2360.0,1270.0,,180,552.0,1,0.205,0,Semiurban,23300.0,10.0,9320.0,Rejected
APP104722,34,Male,No,0,Graduate,No,Self-Employed,0.5,5660.0,3050.0,22.3,60,623.0,0,0.204,1,Urban,,1.0,13160.0,Approved
APP103052,48,Female,Yes,2,Not Graduate,No,Self-Employed,6.5,6280.0,0.0,15.4,120,461.0,0,0.18,1,Urban,17100.0,6.8,660.0,Rejected
APP102884,51,Male,No,0,Graduate,Yes,Salaried,2.6,7840.0,2920.0,21.0,360,679.0,1,0.515,1,Semiurban,25700.0,3.7,6320.0,Rejected
APP102340,45,Male,Yes,0,Graduate,No,Salaried,3.2,3320.0,900.0,10.0,12,682.0,1,0.207,1,Semiurban,62700.0,2.1,7980.0,Approved
APP100374,42,Female,No,1,Graduate,No,Self-Employed,10.3,19820.0,0.0,85.7,36,663.0,0,0.305,1,Urban,41100.0,2.1,4090.0,Approved
APP103326,53,Male,No,3+,Graduate,No,Salaried,7.7,2640.0,2440.0,27.2,120,707.0,1,0.328,1,Rural,25600.0,1.8,3570.0,Rejected
APP102381,42,Male,Yes,0,Graduate,,Salaried,0.1,5090.0,3340.0,32.6,360,669.0,0,0.21,1,Rural,62500.0,16.6,2470.0,Approved
APP104353,27,Male,Yes,1,Graduate,No,Business Owner,3.1,3460.0,0.0,10.0,360,705.0,0,0.498,1,Rural,48000.0,5.5,2810.0,Rejected
APP100939,61,Male,No,0,Graduate,No,Salaried,0.5,7390.0,1970.0,,84,,1,0.183,1,Urban,47000.0,1.2,18850.0,Rejected
APP104654,43,Male,Yes,2,Graduate,No,Self-Employed,2.9,9200.0,1650.0,27.9,180,838.0,1,0.35,1,Rural,57300.0,3.2,15740.0,Approved
APP104207,31,Female,No,2,Graduate,No,Business Owner,10.3,3500.0,3200.0,40.0,180,627.0,1,0.543,1,Urban,40900.0,4.1,14110.0,Rejected
APP102799,49,Female,Yes,0,Not Graduate,No,Salaried,8.5,5290.0,1970.0,15.5,12,694.0,0,0.253,1,Semiurban,119900.0,5.4,5240.0,Approved
APP102147,44,Male,No,0,Not Graduate,No,Self-Employed,0.5,3870.0,0.0,22.5,180,467.0,1,0.29,1,Semiurban,37300.0,5.6,3540.0,Rejected
APP103891,41,Female,No,0,Not Graduate,No,Salaried,1.3,2630.0,1950.0,16.4,12,625.0,2,0.123,1,Semiurban,22100.0,6.3,4470.0,Rejected
APP104585,37,Male,Yes,3+,Not Graduate,No,Salaried,0.1,6360.0,1820.0,13.0,180,618.0,1,0.23,1,Urban,53000.0,7.9,4430.0,Approved
APP104259,43,Male,No,0,Graduate,No,Self-Employed,8.9,11250.0,0.0,35.8,120,607.0,1,0.414,1,Urban,29900.0,0.7,560.0,Rejected
APP102068,34,Male,Yes,0,Graduate,No,Self-Employed,6.4,8800.0,2890.0,37.1,360,674.0,0,0.537,1,Semiurban,24700.0,2.3,57570.0,Approved
APP100529,56,Male,Yes,3+,Graduate,No,Salaried,3.7,9200.0,3350.0,46.3,12,701.0,1,0.685,1,Urban,131700.0,13.8,1690.0,Approved
APP103803,40,Male,Yes,0,Graduate,No,Salaried,1.0,7590.0,0.0,31.9,180,497.0,0,0.523,1,Rural,92600.0,7.0,6970.0,Rejected
APP100636,28,Female,No,,Not Graduate,No,Salaried,0.7,9180.0,2660.0,49.1,12,584.0,0,0.179,1,Semiurban,188700.0,4.0,2250.0,Approved
APP101269,32,Female,Yes,0,Graduate,Yes,Salaried,1.2,4970.0,1400.0,25.5,84,634.0,0,0.299,1,Urban,32500.0,0.4,6320.0,Rejected
APP100185,58,Male,Yes,2,Not Graduate,No,Salaried,3.0,5360.0,1150.0,16.7,180,680.0,0,0.096,1,Rural,10700.0,5.4,2580.0,Approved
APP103892,39,Female,No,0,Graduate,No,Salaried,3.3,8180.0,3130.0,28.4,36,631.0,1,0.554,1,Urban,123000.0,0.1,5030.0,Rejected
APP103244,44,Male,Yes,0,Graduate,No,Unemployed,0.0,2430.0,1150.0,10.0,60,692.0,1,0.363,1,Semiurban,19700.0,2.9,650.0,Rejected
APP104523,49,Male,No,3+,Not Graduate,No,Salaried,1.0,3960.0,0.0,11.0,12,604.0,1,0.401,1,Urban,48300.0,11.7,8610.0,Rejected
APP101797,35,Male,Yes,1,Graduate,No,Unemployed,0.0,10720.0,2300.0,56.6,240,664.0,0,0.299,0,Urban,31200.0,5.2,4600.0,Rejected
APP102979,30,Male,No,0,Not Graduate,No,Salaried,0.5,7470.0,0.0,36.0,60,614.0,0,0.195,1,Rural,19300.0,2.7,2210.0,Rejected
APP101441,53,Female,Yes,1,Graduate,No,Unemployed,0.0,6150.0,0.0,24.3,12,734.0,0,0.268,1,Semiurban,38400.0,4.0,21850.0,Approved
APP104093,61,Female,No,0,Graduate,No,Self-Employed,1.7,2640.0,0.0,10.7,120,508.0,0,0.441,1,Urban,,7.1,3160.0,Rejected
APP104924,39,Male,Yes,2,Graduate,Yes,Self-Employed,11.3,3220.0,1030.0,10.0,12,899.0,0,0.102,1,Rural,47200.0,0.5,3960.0,Approved
APP101535,49,Male,Yes,0,Graduate,Yes,Salaried,2.2,2480.0,0.0,10.0,60,774.0,1,0.46,1,Urban,42200.0,0.1,2120.0,Approved
APP103711,30,Male,Yes,0,Not Graduate,Yes,Self-Employed,2.6,2800.0,370.0,14.5,180,647.0,0,0.226,1,Urban,50000.0,8.2,590.0,Approved
APP103188,54,Male,Yes,1,Graduate,No,Salaried,5.0,4400.0,0.0,10.0,36,492.0,0,0.437,1,Rural,16600.0,6.2,7120.0,Rejected
APP101273,51,Female,Yes,0,Graduate,Yes,Business Owner,8.3,2220.0,2040.0,,84,556.0,2,0.21,1,Rural,24200.0,4.9,3160.0,Approved
APP102467,47,Male,Yes,0,Graduate,No,Self-Employed,11.9,3140.0,1990.0,18.9,180,619.0,1,0.399,1,Urban,32700.0,2.5,11510.0,Rejected
APP100607,59,Male,No,0,Graduate,No,Salaried,3.0,1690.0,1880.0,21.1,240,751.0,0,0.138,1,Rural,92000.0,13.2,14280.0,Approved
APP103455,34,Female,Yes,0,Not Graduate,Yes,Self-Employed,6.6,13080.0,0.0,64.0,120,575.0,1,0.224,1,Urban,38100.0,4.0,1740.0,Approved
APP101712,42,Male,Yes,1,Not Graduate,No,Salaried,0.2,2830.0,0.0,10.0,12,534.0,0,0.279,0,Semiurban,21400.0,8.3,4060.0,Rejected
APP102199,59,Female,No,2,Not Graduate,No,Salaried,4.9,4150.0,0.0,22.1,84,644.0,1,0.559,1,Urban,18400.0,16.3,810.0,Rejected
APP100955,54,Female,No,3+,Not Graduate,No,Self-Employed,3.5,5370.0,2330.0,18.8,360,620.0,3,0.218,1,Rural,34900.0,5.5,10020.0,Rejected
APP102579,36,Male,Yes,2,Not Graduate,No,Business Owner,30.1,6690.0,1520.0,36.4,240,579.0,1,0.5,1,Semiurban,17100.0,12.5,900.0,Rejected
APP104609,23,Male,No,0,Not Graduate,No,Salaried,18.8,2440.0,3450.0,16.9,240,568.0,0,0.523,1,Urban,102700.0,5.5,2140.0,Approved
APP104469,51,Male,No,1,Graduate,No,Salaried,3.7,4760.0,0.0,15.7,36,524.0,0,0.418,1,Urban,8600.0,6.1,2320.0,Rejected
APP104315,36,Male,Yes,3+,Graduate,No,Salaried,0.5,4640.0,0.0,12.9,84,749.0,0,0.221,1,Urban,298500.0,17.0,2390.0,Approved
APP103758,56,Male,Yes,0,Not Graduate,No,Self-Employed,3.9,2460.0,0.0,10.2,240,703.0,2,0.266,1,Semiurban,38900.0,2.1,2760.0,Rejected
APP100403,27,Female,Yes,0,Graduate,Yes,Self-Employed,0.4,5580.0,1460.0,41.8,180,706.0,3,0.43,1,Semiurban,70600.0,16.7,6800.0,Rejected
APP102071,42,Male,Yes,0,Graduate,No,Business Owner,8.5,3610.0,0.0,19.8,12,711.0,3,0.179,1,Rural,26200.0,10.6,2530.0,Rejected
APP104804,21,Male,Yes,0,Not Graduate,No,Unemployed,0.0,7980.0,1250.0,47.5,240,557.0,1,0.116,0,Urban,62500.0,3.5,3490.0,Rejected
APP101977,36,Female,Yes,0,Not Graduate,No,Salaried,0.2,2240.0,1920.0,13.4,240,618.0,1,0.155,1,Semiurban,35000.0,0.1,9000.0,Approved
APP100158,34,Female,Yes,,Not Graduate,No,Self-Employed,12.4,6520.0,1980.0,47.6,180,872.0,1,0.359,1,Urban,94900.0,1.2,16780.0,Approved
APP101748,50,Female,Yes,1,Graduate,No,Business Owner,4.8,5410.0,4590.0,55.3,12,568.0,0,0.579,1,Urban,14200.0,1.8,2650.0,Rejected
APP102909,34,Female,Yes,0,Graduate,No,Salaried,12.2,2470.0,0.0,10.0,60,726.0,1,0.268,1,Urban,,3.6,340.0,Approved
APP103604,54,Male,Yes,1,Not Graduate,No,Salaried,7.0,2810.0,2650.0,,360,711.0,0,0.081,1,Urban,21200.0,23.1,6270.0,Approved
APP100902,21,Female,Yes,0,Graduate,Yes,Business Owner,8.5,2200.0,0.0,,180,688.0,2,0.582,0,Semiurban,32400.0,1.8,7410.0,Rejected
APP100352,35,Female,Yes,0,Graduate,No,Salaried,6.3,5620.0,0.0,28.5,240,728.0,3,0.342,0,Rural,49400.0,2.8,8610.0,Rejected
APP101230,40,Male,Yes,0,Graduate,No,Business Owner,1.9,3510.0,1720.0,23.5,180,759.0,0,0.086,1,Urban,121700.0,2.5,460.0,Approved
APP104717,41,Female,No,0,Graduate,Yes,Business Owner,6.8,2280.0,0.0,12.9,36,812.0,0,0.561,0,Semiurban,12600.0,1.3,10160.0,Rejected
APP102140,36,Female,Yes,0,Not Graduate,No,Self-Employed,1.8,5190.0,850.0,31.7,180,713.0,1,0.185,1,Rural,92400.0,3.8,1560.0,Rejected
APP100444,36,Female,Yes,0,Graduate,No,Salaried,10.3,6690.0,3800.0,41.8,84,594.0,1,0.504,1,Semiurban,28100.0,0.8,1450.0,Rejected
APP104998,35,Female,Yes,0,Graduate,No,Salaried,3.7,3520.0,1390.0,13.8,360,627.0,1,0.306,1,Rural,152100.0,4.6,6590.0,Approved
APP100754,27,Male,Yes,1,Not Graduate,Yes,Salaried,0.8,3260.0,0.0,13.7,60,653.0,0,0.21,1,Semiurban,20400.0,0.7,17370.0,Rejected
APP101737,35,Female,No,0,Graduate,No,Self-Employed,4.7,7950.0,0.0,37.2,60,687.0,1,0.188,0,Rural,53800.0,1.9,5490.0,Approved
APP102971,21,Female,Yes,0,Not Graduate,Yes,Business Owner,1.2,3060.0,0.0,12.2,12,624.0,0,0.107,1,Semiurban,44000.0,23.1,2100.0,Approved
APP102943,33,Male,No,1,Graduate,No,Self-Employed,1.4,6710.0,4320.0,57.5,84,702.0,1,0.09,1,Urban,16000.0,2.0,2640.0,Rejected
APP102920,40,Male,Yes,3+,Not Graduate,No,Salaried,8.3,3810.0,0.0,17.2,36,678.0,1,0.571,1,Urban,216800.0,1.2,6240.0,Approved
APP100311,40,Female,Yes,0,Graduate,,Self-Employed,5.4,2990.0,0.0,15.9,240,836.0,1,0.289,1,Semiurban,50000.0,16.8,11340.0,Approved
APP100548,21,Female,Yes,1,Not Graduate,No,Salaried,3.8,3280.0,4300.0,22.9,60,586.0,0,0.249,1,Urban,80600.0,3.5,2120.0,Approved
APP100661,29,Male,No,0,Not Graduate,Yes,Salaried,26.1,1430.0,2450.0,23.1,84,717.0,2,0.189,1,Rural,20700.0,3.7,360.0,Approved
APP104810,48,Male,No,3+,Graduate,No,Business Owner,1.0,4200.0,2610.0,16.2,120,681.0,0,0.311,1,Semiurban,5300.0,8.4,6410.0,Approved
APP101989,39,Female,No,0,Graduate,Yes,Salaried,4.7,10200.0,0.0,35.0,360,605.0,1,0.222,1,Semiurban,26000.0,4.1,560.0,Rejected
APP100306,35,Male,Yes,0,Graduate,No,Business Owner,4.9,4250.0,0.0,24.8,36,795.0,0,0.116,1,Rural,158900.0,18.4,1510.0,Approved
APP102335,28,Female,Yes,0,Not Graduate,No,Self-Employed,8.3,2990.0,1990.0,,12,594.0,0,0.066,1,Semiurban,41200.0,2.8,4150.0,Approved
APP100694,44,Female,No,1,Not Graduate,No,Salaried,3.8,8500.0,5940.0,32.4,120,646.0,1,0.105,1,Urban,27500.0,6.4,17550.0,Approved
APP102356,44,Male,No,1,Graduate,No,Salaried,0.8,2780.0,2180.0,23.1,120,841.0,0,0.177,1,Rural,,0.5,12520.0,Approved
APP101927,43,Male,No,0,Not Graduate,No,Business Owner,2.3,7320.0,0.0,21.4,120,639.0,1,0.249,0,Urban,77800.0,7.5,6480.0,Rejected
APP100684,40,Male,No,0,Not Graduate,No,Salaried,0.8,4400.0,0.0,25.0,120,750.0,0,0.229,1,Urban,,0.9,27600.0,Approved
APP100749,31,Male,Yes,2,Not Graduate,No,Self-Employed,5.5,2660.0,2210.0,19.6,120,,2,0.144,0,Semiurban,,4.7,1690.0,Approved
APP103559,35,Female,No,0,Graduate,No,Salaried,17.2,7520.0,1230.0,29.5,84,607.0,0,0.093,1,Rural,105300.0,1.0,1440.0,Approved
APP103312,39,Male,Yes,0,Graduate,Yes,Salaried,3.7,3640.0,0.0,10.0,60,650.0,0,0.023,1,Urban,7700.0,1.2,7260.0,Approved
APP101266,39,Female,Yes,2,Graduate,Yes,Salaried,0.6,6000.0,1870.0,31.9,12,692.0,0,0.124,1,Rural,44300.0,0.8,4390.0,Approved
APP103351,37,Female,No,,Graduate,No,Salaried,3.2,3870.0,0.0,10.0,84,523.0,0,0.232,1,Semiurban,29000.0,9.6,5910.0,Rejected
APP103599,31,Male,Yes,0,Graduate,No,Salaried,3.7,5270.0,1460.0,11.7,36,595.0,1,0.448,1,Semiurban,48700.0,24.1,12010.0,Approved
APP104467,45,Female,Yes,3+,Not Graduate,No,Salaried,1.2,9230.0,4110.0,44.3,12,430.0,1,0.54,1,Semiurban,27000.0,6.5,4030.0,Rejected
APP104062,32,Male,No,0,Graduate,No,Unemployed,0.0,8940.0,0.0,44.5,120,662.0,1,0.104,1,Urban,62300.0,0.1,6000.0,Rejected
APP103083,38,Female,Yes,0,Not Graduate,No,Unemployed,0.0,6380.0,0.0,23.5,180,569.0,1,0.236,1,Semiurban,14900.0,8.1,5620.0,Rejected
APP103061,46,Male,No,1,Graduate,No,Salaried,11.2,2890.0,6500.0,51.9,36,752.0,0,0.154,1,Semiurban,91400.0,8.2,1890.0,Approved
APP103025,29,Female,Yes,0,Graduate,No,Salaried,9.8,1200.0,0.0,10.0,12,,1,0.26,0,Semiurban,20400.0,6.2,28800.0,Rejected
APP100970,31,Male,Yes,3+,Graduate,No,Salaried,17.2,5600.0,4290.0,26.9,12,645.0,0,0.054,1,Urban,41800.0,6.0,7680.0,Approved
APP100013,58,Female,Yes,0,Not Graduate,No,Business Owner,10.6,1680.0,0.0,10.0,120,643.0,0,0.103,1,Urban,75600.0,2.2,5510.0,Approved
APP100873,40,Female,Yes,0,Graduate,Yes,Business Owner,2.9,2120.0,1280.0,10.0,84,651.0,2,0.441,1,Rural,88600.0,6.3,1700.0,Approved
APP100808,21,Male,Yes,0,Graduate,Yes,Salaried,2.9,1600.0,1960.0,13.2,60,496.0,0,0.177,1,Semiurban,74100.0,2.3,4700.0,Rejected
APP103198,37,Female,Yes,2,Graduate,No,Salaried,2.2,16740.0,2150.0,49.7,180,540.0,1,0.408,1,Rural,101200.0,1.4,5350.0,Rejected
APP100514,67,Male,No,2,Graduate,Yes,Self-Employed,0.7,3930.0,0.0,10.0,240,630.0,1,0.111,0,Urban,59600.0,2.0,610.0,Rejected
APP104517,43,Male,Yes,1,Graduate,No,Salaried,1.7,1480.0,0.0,10.0,120,758.0,0,0.321,1,Urban,27000.0,1.6,14350.0,Rejected
APP100409,21,Male,Yes,0,Not Graduate,No,Salaried,10.0,3100.0,0.0,10.0,60,515.0,1,0.152,1,Rural,120100.0,2.1,2350.0,Approved
APP104153,36,Female,Yes,2,Graduate,No,Self-Employed,0.5,4020.0,1380.0,29.5,36,567.0,1,0.26,1,Urban,56800.0,1.9,2700.0,Rejected
APP104386,31,Female,Yes,0,Graduate,No,Salaried,4.4,4350.0,0.0,21.0,60,663.0,1,0.084,1,Semiurban,12400.0,0.8,3650.0,Approved
APP100207,32,Female,Yes,1,Not Graduate,No,Business Owner,2.9,1200.0,0.0,10.0,120,675.0,1,0.216,1,Rural,20400.0,0.3,8080.0,Approved
APP103289,42,Female,No,0,Graduate,No,Self-Employed,33.5,4700.0,3690.0,42.8,240,562.0,0,0.081,1,Rural,39700.0,19.4,14970.0,Approved
APP100458,62,Male,Yes,2,Not Graduate,No,Salaried,2.1,5440.0,1820.0,31.1,360,524.0,0,0.332,1,Semiurban,30700.0,0.7,13030.0,Rejected
APP103541,47,Female,No,0,Graduate,Yes,Self-Employed,9.4,4520.0,0.0,20.4,60,642.0,2,0.566,1,Urban,15600.0,1.5,15990.0,Rejected
APP102430,50,Male,Yes,0,Not Graduate,No,Unemployed,0.0,2470.0,0.0,13.4,36,600.0,0,0.171,0,Semiurban,40800.0,0.4,7980.0,Rejected
APP104650,57,Male,Yes,3+,Not Graduate,No,Salaried,0.7,3010.0,0.0,14.0,36,586.0,1,0.227,1,Semiurban,31400.0,4.9,6190.0,Rejected
APP100110,47,Male,Yes,,Graduate,Yes,Salaried,0.1,2630.0,2690.0,30.3,240,664.0,0,0.04,1,Rural,66800.0,1.1,2700.0,Approved
APP103819,31,Female,No,2,Not Graduate,No,Salaried,2.4,4220.0,3510.0,13.1,120,593.0,0,0.373,1,Rural,101400.0,4.9,12530.0,Approved
APP101107,21,Female,Yes,0,Graduate,Yes,Salaried,2.6,6310.0,0.0,10.0,60,688.0,1,0.363,1,Urban,16400.0,7.8,50420.0,Approved
APP101883,33,Male,No,2,Not Graduate,No,Salaried,2.1,1680.0,1660.0,10.0,360,624.0,2,0.515,1,Rural,26300.0,3.2,880.0,Rejected
APP101713,35,Male,Yes,0,Not Graduate,,Business Owner,15.0,2620.0,3540.0,12.5,84,702.0,1,0.149,1,Rural,146000.0,0.7,4750.0,Approved
APP104036,34,Male,No,0,Graduate,No,Salaried,0.1,5960.0,5800.0,54.4,12,554.0,0,0.564,1,Rural,37200.0,5.3,37880.0,Rejected
APP103467,44,Male,No,2,Graduate,,Salaried,2.7,4570.0,1600.0,12.4,240,639.0,0,0.47,1,Rural,40800.0,4.1,8350.0,Approved
APP100552,26,Male,No,0,Graduate,No,Salaried,1.4,5390.0,1730.0,28.4,240,620.0,2,0.13,1,Semiurban,258100.0,0.4,11250.0,Approved
APP101439,30,Male,No,0,Not Graduate,No,Business Owner,0.5,1480.0,2000.0,10.0,180,597.0,1,0.238,0,Urban,17300.0,16.6,4360.0,Rejected
APP102270,34,Male,No,0,Not Graduate,No,Business Owner,15.0,2770.0,1030.0,15.9,60,532.0,0,0.338,1,Urban,28600.0,1.0,25560.0,Approved
APP103144,56,Female,Yes,2,Not Graduate,No,Self-Employed,2.5,4700.0,1350.0,24.5,60,626.0,1,0.247,1,Urban,39300.0,2.5,4110.0,Rejected
APP102821,33,Male,Yes,1,Not Graduate,No,Business Owner,2.7,7860.0,0.0,,12,571.0,2,0.519,1,Rural,24600.0,17.1,8010.0,Rejected
APP104830,40,Female,Yes,0,Graduate,No,Salaried,2.7,5100.0,2470.0,38.8,360,648.0,1,0.346,0,Urban,,15.8,1950.0,Approved
APP101925,43,Female,Yes,0,Graduate,Yes,Salaried,5.8,3940.0,1080.0,20.1,360,595.0,0,0.343,1,Semiurban,65000.0,4.4,5120.0,Approved
APP100634,30,Female,Yes,0,Graduate,Yes,Salaried,1.4,3620.0,0.0,16.1,180,579.0,0,0.526,0,Semiurban,125500.0,1.6,2210.0,Rejected
APP104854,46,Male,No,3+,Graduate,Yes,Self-Employed,6.1,6050.0,0.0,35.4,84,551.0,1,0.346,1,Urban,24300.0,0.0,5920.0,Rejected
APP100316,37,Female,Yes,2,Graduate,Yes,Salaried,0.9,3730.0,0.0,17.4,120,642.0,1,0.194,1,Urban,22600.0,10.5,10430.0,Rejected
APP104260,46,Male,Yes,1,Not Graduate,,Business Owner,7.2,8060.0,1830.0,17.1,60,593.0,0,0.219,1,Urban,53500.0,1.6,3940.0,Rejected
APP104747,21,Male,Yes,1,Graduate,No,Self-Employed,7.1,8400.0,1270.0,16.3,36,617.0,1,0.094,1,Urban,87600.0,0.8,3480.0,Approved
APP101328,39,Male,No,0,Graduate,No,Salaried,0.3,4000.0,4790.0,16.6,360,528.0,0,0.137,1,Semiurban,18400.0,7.5,5140.0,Rejected
APP100427,28,Female,No,2,Not Graduate,No,Salaried,5.4,7750.0,2600.0,22.7,180,589.0,1,0.237,1,Urban,7100.0,0.1,3170.0,Rejected
APP103442,30,Male,Yes,3+,Graduate,No,Self-Employed,11.7,2030.0,3230.0,27.1,60,653.0,1,0.145,1,Rural,41100.0,6.9,4920.0,Approved
APP100105,21,Female,Yes,1,Not Graduate,No,Self-Employed,6.4,3840.0,1350.0,27.1,360,619.0,0,0.278,1,Semiurban,72400.0,11.0,9230.0,Approved
APP103041,44,Female,Yes,0,Not Graduate,No,Unemployed,0.0,4840.0,1780.0,24.4,240,483.0,1,0.376,1,Rural,82400.0,0.4,6350.0,Rejected
APP100142,41,Male,Yes,1,Not Graduate,No,Salaried,0.4,2720.0,0.0,14.6,12,520.0,1,0.296,0,Rural,32700.0,6.1,6430.0,Rejected
APP102169,53,Male,Yes,0,Graduate,Yes,Unemployed,0.0,13100.0,1930.0,28.1,84,608.0,0,0.093,1,Semiurban,64200.0,1.5,3730.0,Rejected
APP103396,34,Male,Yes,0,Graduate,No,Unemployed,0.0,2870.0,1640.0,10.0,120,682.0,1,0.268,1,Urban,36600.0,0.6,2740.0,Rejected
APP100089,38,Male,Yes,0,Graduate,No,Business Owner,8.5,4960.0,920.0,15.8,180,730.0,2,0.12,0,Urban,18700.0,1.9,2620.0,Approved
APP102918,28,Male,Yes,0,Graduate,No,Self-Employed,2.7,2080.0,1620.0,14.6,84,600.0,0,0.187,1,Semiurban,,10.0,4720.0,Approved
APP103237,62,Female,No,1,Graduate,No,Salaried,5.1,4900.0,2700.0,14.8,360,606.0,0,0.692,1,Rural,20800.0,0.3,1270.0,Rejected
APP102241,44,Female,Yes,1,Graduate,No,Self-Employed,1.7,2590.0,2890.0,16.0,360,731.0,4,0.145,1,Urban,,2.7,1290.0,Approved
APP103174,35,Male,Yes,1,Not Graduate,Yes,Salaried,5.6,4990.0,2470.0,28.7,12,517.0,0,0.319,1,Urban,24900.0,4.0,23200.0,Rejected
APP103480,50,Female,Yes,0,Graduate,Yes,Business Owner,6.3,2890.0,800.0,18.8,60,698.0,0,0.269,1,Urban,28800.0,16.7,4270.0,Rejected
APP102163,27,Male,No,1,Graduate,No,Unemployed,0.0,7110.0,970.0,17.9,60,665.0,1,0.701,1,Semiurban,28500.0,11.5,1800.0,Rejected
APP102636,44,Male,Yes,0,Graduate,No,Salaried,2.0,6530.0,950.0,23.8,60,630.0,1,0.129,1,Urban,20600.0,10.6,13000.0,Rejected
APP101949,58,Male,Yes,2,Not Graduate,No,Business Owner,0.4,6220.0,0.0,,60,525.0,0,0.306,1,Semiurban,19800.0,7.9,60370.0,Rejected
APP101768,38,Male,Yes,3+,Graduate,No,Salaried,7.9,14940.0,750.0,93.2,240,632.0,0,0.166,1,Urban,46300.0,10.5,1090.0,Approved
APP103349,46,Male,No,0,Graduate,Yes,Unemployed,0.0,3560.0,1960.0,30.6,240,594.0,0,0.153,1,Urban,22500.0,2.0,2270.0,Rejected
APP102272,28,Male,Yes,,Not Graduate,Yes,Salaried,3.0,2420.0,940.0,10.0,180,,2,0.44,1,Semiurban,6900.0,5.2,6400.0,Rejected
APP100001,29,Male,No,3+,Graduate,No,Business Owner,3.4,7540.0,0.0,44.7,12,804.0,1,0.433,1,Rural,32800.0,3.3,1890.0,Rejected
APP104602,64,Female,Yes,1,Not Graduate,No,Business Owner,10.4,3200.0,3710.0,17.4,240,642.0,0,0.345,1,Urban,56500.0,4.4,1820.0,Rejected
APP103108,37,Male,No,0,Graduate,No,Salaried,2.1,4010.0,4530.0,35.1,60,628.0,1,0.114,1,Semiurban,67900.0,2.1,3660.0,Approved
APP101951,34,Female,Yes,0,Graduate,No,Self-Employed,4.1,3930.0,0.0,11.9,240,686.0,0,0.227,1,Urban,26700.0,7.7,5130.0,Approved
APP100935,52,Male,Yes,1,Graduate,No,Self-Employed,0.0,4230.0,0.0,12.2,36,526.0,2,0.338,1,Urban,35500.0,4.5,31280.0,Rejected
APP104340,28,Female,Yes,3+,Graduate,Yes,Salaried,8.9,2330.0,940.0,18.0,360,777.0,0,0.232,1,Urban,79500.0,13.1,2670.0,Approved
APP102720,44,Female,Yes,0,Graduate,No,Unemployed,0.0,3370.0,1320.0,10.7,180,688.0,1,0.308,1,Rural,20800.0,7.9,11450.0,Rejected
APP104818,22,Female,Yes,0,Graduate,No,Salaried,3.5,6080.0,1490.0,31.5,360,707.0,0,0.066,1,Urban,39100.0,3.6,24250.0,Approved
APP101109,49,Female,Yes,0,Graduate,No,Business Owner,3.3,2960.0,0.0,10.0,360,681.0,0,0.172,1,Urban,17400.0,0.1,5220.0,Approved
APP103659,22,Male,Yes,1,Graduate,No,Self-Employed,3.4,13920.0,1560.0,53.4,12,711.0,0,0.271,1,Rural,,9.2,7380.0,Approved
APP100591,21,Male,No,0,Graduate,No,Salaried,10.9,4620.0,970.0,12.0,180,,1,0.294,1,Semiurban,20600.0,1.8,18270.0,Approved
APP101695,32,Male,No,1,Graduate,No,Salaried,3.6,2860.0,1650.0,12.0,60,729.0,1,0.496,1,Rural,21500.0,5.2,1390.0,Approved
APP103518,34,Female,Yes,,Graduate,No,Salaried,11.0,3770.0,720.0,20.8,12,590.0,1,0.218,0,Rural,33100.0,3.4,1070.0,Rejected
APP102936,21,Male,Yes,0,Graduate,,Salaried,3.0,4290.0,1880.0,25.9,84,726.0,2,0.586,1,Urban,,2.4,7930.0,Rejected
APP104247,43,Male,Yes,2,Graduate,No,Salaried,6.9,2980.0,1210.0,19.7,60,632.0,0,0.222,1,Urban,43200.0,17.2,2540.0,Rejected
APP103479,48,Male,No,2,Graduate,No,Salaried,0.1,7200.0,1880.0,26.9,36,637.0,0,0.302,1,Semiurban,23000.0,7.8,2070.0,Approved
APP101576,55,Male,Yes,0,Not Graduate,No,Salaried,11.6,3190.0,1200.0,,240,621.0,0,0.054,1,Semiurban,61900.0,6.2,830.0,Approved
APP104032,48,Female,Yes,2,Not Graduate,No,Self-Employed,1.2,4730.0,0.0,10.0,240,806.0,0,0.25,1,Rural,61600.0,8.8,28400.0,Approved
APP100213,51,Female,Yes,3+,Not Graduate,No,Salaried,16.9,11060.0,3810.0,75.8,12,581.0,0,0.472,1,Urban,11600.0,3.0,2540.0,Rejected
APP100778,38,Male,No,0,Not Graduate,No,Business Owner,1.4,2510.0,0.0,14.9,60,900.0,1,0.339,1,Rural,61700.0,19.1,2950.0,Approved
APP101415,59,Female,No,1,Not Graduate,Yes,Salaried,8.8,9000.0,4080.0,78.4,180,750.0,0,0.236,1,Rural,46900.0,6.7,4120.0,Approved
APP103832,43,Female,Yes,0,Graduate,Yes,Self-Employed,2.2,2560.0,680.0,13.5,84,680.0,1,0.264,1,Urban,71300.0,4.2,1660.0,Approved
APP102043,33,Male,Yes,0,Not Graduate,No,Business Owner,1.7,2330.0,1440.0,18.2,36,660.0,0,0.155,1,Semiurban,11200.0,3.6,3790.0,Approved
APP102848,52,Male,Yes,2,Not Graduate,No,Self-Employed,1.9,1800.0,0.0,,60,676.0,1,0.162,1,Rural,39400.0,8.7,4180.0,Approved
APP104582,43,Male,Yes,1,Not Graduate,No,Salaried,5.3,4480.0,1670.0,33.5,120,664.0,1,0.198,1,Rural,55600.0,4.2,620.0,Rejected
APP103575,42,Male,No,2,Graduate,No,Unemployed,0.0,16250.0,0.0,76.3,60,724.0,2,0.332,1,Semiurban,35100.0,10.7,1880.0,Rejected
APP103886,42,Male,No,1,Not Graduate,Yes,Salaried,5.1,2860.0,1160.0,12.8,360,738.0,1,0.118,1,Semiurban,33800.0,7.6,1350.0,Approved
APP101567,55,Male,No,1,Graduate,No,Unemployed,0.0,6300.0,6080.0,24.6,360,778.0,2,0.632,1,Rural,48100.0,11.6,1160.0,Rejected
APP100165,35,Male,No,2,Graduate,No,Salaried,2.0,2350.0,3600.0,35.4,240,672.0,0,0.157,1,Semiurban,54300.0,2.5,12470.0,Approved
APP104762,42,Male,Yes,0,Not Graduate,No,Salaried,1.6,1850.0,0.0,,120,625.0,1,0.347,1,Semiurban,41900.0,1.0,3160.0,Rejected
APP103655,36,Female,Yes,0,Graduate,No,Salaried,4.6,2940.0,0.0,10.0,60,510.0,1,0.156,1,Urban,12100.0,4.1,3330.0,Rejected
APP104976,59,Female,Yes,1,Graduate,No,Salaried,3.1,4310.0,0.0,24.7,84,519.0,2,0.4,0,Urban,35900.0,3.6,15730.0,Rejected
APP101343,48,Male,Yes,0,Graduate,No,Salaried,6.2,4620.0,0.0,,36,775.0,1,0.295,1,Semiurban,72500.0,1.6,5050.0,Approved
APP102013,39,Female,Yes,0,Graduate,No,Salaried,18.4,1860.0,2170.0,20.0,360,,0,0.057,1,Semiurban,39500.0,16.9,6910.0,Approved
APP100273,42,Female,Yes,0,Graduate,No,Salaried,5.2,5370.0,4210.0,18.0,60,505.0,2,0.424,1,Semiurban,55000.0,11.3,7510.0,Rejected
APP100071,21,Female,No,3+,Graduate,No,Salaried,6.2,3440.0,2010.0,30.0,180,688.0,2,0.396,1,Urban,51400.0,18.0,7770.0,Rejected
APP103964,47,Male,No,1,Graduate,No,Salaried,2.7,2670.0,0.0,10.0,36,619.0,0,0.05,1,Semiurban,20600.0,5.2,6310.0,Rejected
APP101087,58,Male,Yes,0,Not Graduate,No,Salaried,3.1,5120.0,0.0,28.7,84,758.0,4,0.193,1,Urban,40500.0,4.5,2660.0,Rejected
APP100394,57,Male,Yes,3+,Graduate,No,Salaried,5.3,6870.0,0.0,26.1,84,702.0,2,0.058,1,Semiurban,22800.0,8.7,5690.0,Rejected
APP100583,36,Male,Yes,0,Graduate,No,Self-Employed,22.1,2930.0,0.0,11.4,36,577.0,0,0.209,1,Urban,57100.0,6.4,3270.0,Approved
APP101367,41,Male,No,0,Graduate,No,Unemployed,0.0,2950.0,0.0,10.0,36,377.0,0,0.338,1,Semiurban,20000.0,2.2,3110.0,Rejected
APP103262,41,Female,Yes,0,Graduate,No,Business Owner,4.0,3420.0,990.0,16.2,84,806.0,0,0.353,1,Urban,8500.0,1.8,27480.0,Approved
APP104689,37,Male,No,1,Not Graduate,Yes,Salaried,2.8,8060.0,1410.0,,360,711.0,0,0.18,1,Rural,24800.0,0.2,10040.0,Approved
APP102548,33,Male,Yes,2,Graduate,Yes,Salaried,0.1,9530.0,0.0,31.2,360,704.0,3,0.26,1,Semiurban,77800.0,9.8,3090.0,Rejected
APP101013,30,Male,Yes,0,Not Graduate,No,Salaried,9.7,2060.0,1870.0,17.5,36,846.0,0,0.35,1,Rural,25100.0,6.8,5180.0,Approved
APP104947,52,Male,Yes,0,Not Graduate,No,Salaried,4.3,5540.0,790.0,35.6,84,613.0,1,0.122,1,Urban,,7.6,25830.0,Rejected
APP103003,27,Male,Yes,0,Not Graduate,Yes,Salaried,1.1,7340.0,1680.0,49.5,240,634.0,2,0.189,1,Semiurban,19300.0,4.2,11640.0,Rejected
APP104837,44,Male,Yes,2,Graduate,No,Salaried,0.9,10880.0,0.0,39.8,240,699.0,1,0.318,1,Semiurban,,1.1,3040.0,Rejected
APP104594,35,Male,Yes,2,Graduate,No,Salaried,0.4,4090.0,0.0,15.1,360,531.0,0,0.048,1,Urban,44900.0,7.3,440.0,Rejected
APP104525,44,Female,Yes,0,Graduate,No,Salaried,9.4,1200.0,2420.0,10.0,360,714.0,1,0.371,0,Semiurban,24500.0,3.4,2290.0,Rejected
APP101763,32,Male,Yes,0,Graduate,No,Salaried,15.7,2680.0,2440.0,11.9,12,900.0,0,0.258,1,Semiurban,24900.0,4.2,9510.0,Approved
APP101875,45,Male,Yes,3+,Not Graduate,No,Business Owner,5.7,3120.0,0.0,17.9,36,580.0,0,0.249,1,Semiurban,151100.0,0.3,1870.0,Approved
APP101259,36,Female,Yes,0,Not Graduate,No,Business Owner,0.8,2560.0,2620.0,14.6,36,654.0,0,0.282,1,Semiurban,16500.0,9.8,12700.0,Approved
APP103344,33,Female,Yes,0,Graduate,No,Self-Employed,5.6,2720.0,0.0,10.6,240,762.0,1,0.114,1,Urban,27600.0,2.7,2070.0,Approved
APP104575,26,Male,Yes,0,Graduate,No,Salaried,5.4,8490.0,0.0,27.1,240,680.0,1,0.232,1,Rural,9900.0,12.5,4160.0,Approved
APP102253,56,Male,Yes,2,Graduate,No,Self-Employed,1.5,8540.0,0.0,25.6,360,675.0,0,0.341,1,Rural,25100.0,1.6,6790.0,Approved
APP102781,32,Female,No,0,Graduate,No,Business Owner,5.2,4160.0,0.0,22.4,180,792.0,0,0.088,1,Semiurban,19000.0,3.3,4910.0,Approved
APP103665,21,Male,Yes,0,Graduate,No,Salaried,12.9,4910.0,3610.0,50.2,36,498.0,1,0.124,1,Semiurban,63900.0,13.9,8980.0,Approved
APP100526,38,Male,No,2,Not Graduate,No,Self-Employed,8.9,2280.0,0.0,,60,563.0,1,0.442,1,Rural,42300.0,1.8,3070.0,Rejected
APP104035,43,Female,No,0,Graduate,,Salaried,0.4,7640.0,0.0,,240,747.0,1,0.231,1,Semiurban,41300.0,0.2,1310.0,Approved
APP102946,43,Male,Yes,0,Graduate,No,Salaried,5.8,4050.0,840.0,23.6,84,601.0,1,0.199,1,Semiurban,19900.0,7.2,8400.0,Rejected
APP100377,33,Male,Yes,2,Graduate,No,Unemployed,0.0,5800.0,1490.0,41.7,84,745.0,0,0.248,1,Rural,,3.2,3010.0,Rejected
APP101559,21,Male,Yes,1,Not Graduate,No,Salaried,1.5,4350.0,1330.0,21.8,60,719.0,1,0.107,1,Semiurban,46600.0,5.4,1220.0,Approved
APP103894,30,Female,Yes,1,Not Graduate,No,Salaried,1.8,1460.0,940.0,10.0,180,774.0,2,0.266,1,Semiurban,65100.0,4.6,6110.0,Approved
APP101963,49,Female,Yes,0,Graduate,No,Salaried,1.6,4360.0,0.0,20.7,360,821.0,0,0.213,1,Semiurban,33600.0,0.8,20160.0,Approved
APP104781,33,Female,Yes,0,Not Graduate,No,Self-Employed,0.4,2900.0,770.0,19.1,360,597.0,0,0.141,1,Urban,58300.0,2.8,1840.0,Rejected
APP100348,35,Male,Yes,0,Graduate,No,Salaried,3.3,6420.0,3540.0,43.9,60,622.0,0,0.365,1,Semiurban,24400.0,3.0,24970.0,Rejected
APP102434,40,Male,No,0,Not Graduate,Yes,Business Owner,4.2,4130.0,0.0,21.8,180,737.0,0,0.15,1,Semiurban,9300.0,0.7,17620.0,Rejected
APP102246,39,Male,Yes,0,Graduate,No,Salaried,3.8,11400.0,0.0,,240,776.0,0,0.09,1,Urban,71600.0,0.9,850.0,Approved
APP104861,27,Male,No,0,Not Graduate,No,Salaried,1.3,5190.0,2720.0,29.7,180,685.0,1,0.326,1,Semiurban,84600.0,7.1,18620.0,Approved
APP101709,46,Male,No,2,Graduate,Yes,Salaried,8.9,3720.0,0.0,12.5,180,550.0,1,0.221,1,Semiurban,20000.0,2.0,9660.0,Approved
APP101050,39,Female,Yes,0,Not Graduate,No,Business Owner,4.6,2110.0,0.0,11.4,240,596.0,0,0.057,1,Urban,54400.0,0.0,2890.0,Approved
APP100590,50,Male,Yes,0,Not Graduate,No,Salaried,1.7,3680.0,1270.0,18.1,60,708.0,1,0.309,1,Rural,39500.0,12.0,5430.0,Approved
APP100519,30,Female,No,1,Not Graduate,No,Salaried,9.7,2850.0,1970.0,18.2,36,675.0,1,0.305,1,Urban,47100.0,3.3,4090.0,Rejected
APP103380,34,Male,Yes,1,Graduate,No,Salaried,2.5,4010.0,1200.0,14.6,240,710.0,1,0.14,1,Semiurban,91200.0,2.0,3000.0,Approved
APP104538,21,Male,No,,Graduate,No,Salaried,1.9,3980.0,1530.0,29.5,360,729.0,4,0.26,1,Urban,35000.0,0.8,3380.0,Approved
APP104165,43,Male,Yes,0,Graduate,No,Salaried,8.2,18260.0,3350.0,40.1,12,583.0,0,0.284,1,Urban,25200.0,7.8,6060.0,Rejected
APP102477,39,Female,Yes,0,Graduate,No,Self-Employed,10.0,8860.0,0.0,33.4,240,687.0,0,0.374,1,Semiurban,66400.0,0.4,3770.0,Approved
APP101083,40,Female,No,2,Not Graduate,Yes,Salaried,10.7,1720.0,2560.0,15.9,120,621.0,0,0.209,1,Urban,10200.0,0.8,10330.0,Approved
APP103661,45,Male,Yes,1,Not Graduate,No,Self-Employed,8.1,2870.0,930.0,10.0,180,738.0,0,0.23,1,Semiurban,15500.0,5.2,7760.0,Approved
APP104827,32,Male,Yes,0,Graduate,No,Self-Employed,9.4,2490.0,0.0,10.0,60,,1,0.077,0,Rural,60900.0,7.4,790.0,Approved
APP104554,53,Male,Yes,3+,Graduate,Yes,Salaried,2.3,7020.0,0.0,17.1,240,722.0,0,0.257,1,Rural,54200.0,7.7,6220.0,Approved
APP101294,36,Male,Yes,1,Graduate,Yes,Business Owner,2.1,9320.0,0.0,55.0,240,580.0,2,0.609,1,Rural,41100.0,1.6,7740.0,Rejected
APP101809,32,Male,No,0,Graduate,No,Salaried,1.2,5160.0,2110.0,11.0,180,633.0,0,0.226,1,Semiurban,87400.0,0.7,2930.0,Approved
APP100791,35,Female,No,1,Graduate,No,Business Owner,9.3,2350.0,0.0,13.3,240,655.0,1,0.214,1,Rural,18000.0,2.5,6690.0,Approved
APP100792,35,Female,Yes,2,Graduate,Yes,Salaried,11.0,9010.0,0.0,43.8,12,550.0,1,0.508,1,Semiurban,79800.0,2.6,6770.0,Approved
APP104375,44,Male,Yes,0,Graduate,No,Salaried,0.2,3270.0,0.0,10.0,60,738.0,2,0.065,1,Urban,49200.0,14.3,6400.0,Approved
APP101855,39,Male,Yes,2,Not Graduate,No,Salaried,0.3,5510.0,2200.0,27.7,60,596.0,0,0.018,0,Urban,,3.3,1950.0,Rejected
APP104806,35,Male,Yes,1,Graduate,No,Salaried,0.7,3190.0,10730.0,74.8,36,,0,0.385,1,Urban,57000.0,1.1,1550.0,Rejected
APP101980,52,Female,Yes,0,Not Graduate,No,Business Owner,2.9,6910.0,2360.0,20.8,360,514.0,1,0.427,1,Urban,18200.0,11.8,41560.0,Rejected
APP103233,56,Female,No,0,Graduate,No,Self-Employed,1.9,2930.0,2300.0,23.7,12,821.0,1,0.308,1,Rural,15600.0,7.1,1990.0,Approved
APP103985,35,Male,Yes,0,Graduate,No,Business Owner,4.9,3100.0,1390.0,23.1,84,806.0,2,0.526,0,Semiurban,,0.4,15620.0,Rejected
APP103453,39,Female,Yes,2,Graduate,No,Business Owner,3.5,4690.0,1120.0,32.4,180,612.0,0,0.09,1,Urban,9700.0,1.5,11170.0,Approved
APP103328,50,Male,Yes,0,Graduate,No,Salaried,1.8,2850.0,0.0,10.0,84,654.0,1,0.574,1,Rural,26600.0,1.4,1110.0,Rejected
APP101530,21,Male,Yes,3+,Graduate,No,Business Owner,4.9,6360.0,1900.0,40.2,240,695.0,2,0.249,0,Rural,22400.0,8.4,5110.0,Rejected
APP101410,26,Male,Yes,3+,Not Graduate,Yes,Business Owner,3.8,2460.0,780.0,13.8,12,671.0,0,0.317,1,Urban,43500.0,1.5,20930.0,Approved
APP104338,25,Female,Yes,2,Graduate,No,Salaried,0.6,11930.0,7290.0,83.9,60,515.0,1,0.233,1,Urban,16300.0,0.1,510.0,Rejected
APP104695,52,Male,No,0,Not Graduate,No,Self-Employed,1.6,8080.0,0.0,,360,611.0,0,0.412,1,Semiurban,47300.0,1.5,670.0,Rejected
APP100083,37,Female,No,0,Graduate,Yes,Self-Employed,2.3,7710.0,0.0,28.8,60,761.0,0,0.067,1,Rural,12600.0,3.0,2330.0,Approved
APP100868,39,Male,No,0,Graduate,Yes,Salaried,0.7,6750.0,1490.0,22.2,120,723.0,1,0.279,1,Semiurban,35000.0,20.9,2960.0,Approved
APP102350,31,Male,No,0,Graduate,Yes,Salaried,7.2,2160.0,0.0,10.0,360,708.0,0,0.167,1,Semiurban,81600.0,1.7,10600.0,Approved
APP100020,51,Female,Yes,2,Not Graduate,No,Self-Employed,0.8,2520.0,0.0,10.0,180,654.0,1,0.247,1,Rural,,1.0,19340.0,Rejected
APP103492,22,Male,No,0,Not Graduate,No,Salaried,4.2,4100.0,0.0,12.1,180,811.0,1,0.056,1,Urban,39000.0,3.8,23870.0,Approved
APP102795,52,Male,Yes,0,Graduate,No,Self-Employed,5.5,1200.0,2440.0,13.6,360,547.0,1,0.136,1,Rural,23500.0,2.3,1680.0,Rejected
APP104617,30,Male,No,1,Graduate,Yes,Salaried,8.3,7310.0,0.0,20.1,12,627.0,1,0.398,1,Urban,51400.0,11.4,8100.0,Rejected
APP101562,41,Male,Yes,0,Not Graduate,Yes,Unemployed,0.0,5520.0,0.0,10.2,240,585.0,1,0.49,1,Urban,12400.0,18.5,970.0,Rejected
APP103093,29,Male,No,0,Not Graduate,No,Salaried,5.6,14180.0,0.0,41.4,84,558.0,2,0.54,1,Semiurban,26500.0,2.6,26780.0,Rejected
APP103155,40,Male,No,2,Graduate,No,Salaried,0.3,5610.0,4100.0,27.7,240,554.0,1,0.394,1,Rural,80700.0,6.6,2630.0,Rejected
APP100973,51,Male,Yes,0,Not Graduate,No,Salaried,18.2,3220.0,0.0,16.1,36,669.0,1,0.246,1,Semiurban,21900.0,33.0,2070.0,Approved
APP101710,49,Male,Yes,2,Not Graduate,Yes,Salaried,13.9,4670.0,5390.0,21.0,240,625.0,0,0.268,1,Urban,16200.0,4.9,13230.0,Rejected
APP103201,21,Male,Yes,1,Not Graduate,No,Salaried,2.8,1200.0,6740.0,,12,636.0,2,0.596,1,Urban,50900.0,1.4,4810.0,Rejected
APP104059,37,Male,Yes,3+,Not Graduate,,Self-Employed,11.8,6690.0,1450.0,45.7,60,570.0,1,0.346,1,Urban,28100.0,8.3,680.0,Rejected
APP104868,31,Female,Yes,0,Graduate,Yes,Salaried,2.4,2520.0,0.0,11.9,120,592.0,1,0.44,0,Rural,25500.0,3.5,430.0,Rejected
APP101098,38,Male,Yes,2,Not Graduate,No,Salaried,2.0,4910.0,2570.0,37.1,360,748.0,0,0.113,1,Semiurban,9800.0,3.9,24510.0,Approved
APP104203,48,Female,No,0,Graduate,No,Salaried,0.5,2890.0,2800.0,15.3,120,679.0,3,0.264,1,Urban,17600.0,1.1,860.0,Rejected
APP102844,66,Female,Yes,,Graduate,Yes,Salaried,5.4,2810.0,1640.0,12.2,360,553.0,2,0.323,1,Semiurban,54400.0,19.7,7740.0,Rejected
APP100886,42,Female,Yes,0,Graduate,No,Salaried,1.3,3580.0,3830.0,39.1,120,667.0,0,0.542,1,Urban,89300.0,2.2,13580.0,Rejected
APP104981,30,Male,No,0,Graduate,Yes,Self-Employed,1.4,2190.0,0.0,10.0,84,574.0,2,0.457,1,Urban,19200.0,11.0,1150.0,Rejected
APP103751,44,Female,Yes,0,Graduate,No,Salaried,1.3,5160.0,1830.0,12.6,240,581.0,1,0.184,1,Semiurban,32700.0,8.3,2650.0,Rejected
APP104625,37,Male,Yes,,Not Graduate,No,Self-Employed,2.0,3770.0,2410.0,26.2,120,633.0,1,0.381,1,Urban,24900.0,0.7,4730.0,Rejected
APP104489,34,Female,Yes,,Graduate,No,Business Owner,1.2,11560.0,0.0,24.1,240,707.0,0,0.142,0,Urban,60200.0,16.9,6580.0,Rejected
APP104445,46,Male,Yes,,Graduate,No,Self-Employed,1.7,2430.0,0.0,10.7,120,567.0,0,0.207,1,Urban,174600.0,1.7,3260.0,Approved
APP100515,25,Male,Yes,0,Graduate,No,Unemployed,0.0,4880.0,0.0,17.2,180,599.0,2,0.207,1,Urban,17500.0,4.1,22800.0,Rejected
APP104667,32,Male,No,0,Graduate,No,Salaried,0.0,1910.0,0.0,10.0,12,683.0,0,0.044,1,Semiurban,162100.0,0.9,12770.0,Approved
APP100737,38,Female,Yes,0,Graduate,No,Salaried,17.0,5290.0,0.0,17.9,120,687.0,0,0.228,1,Semiurban,12100.0,7.0,7860.0,Approved
APP101453,34,Male,Yes,0,Not Graduate,No,Salaried,13.7,9630.0,0.0,43.1,60,556.0,1,0.613,0,Urban,32000.0,4.4,11130.0,Rejected
APP104049,70,Male,Yes,0,Not Graduate,,Unemployed,0.0,10980.0,1120.0,55.7,240,593.0,1,0.226,1,Semiurban,18800.0,1.4,4440.0,Rejected
APP104748,37,Male,No,0,Not Graduate,No,Business Owner,0.1,4020.0,1260.0,15.7,240,654.0,1,0.139,1,Rural,19500.0,26.2,1450.0,Rejected
APP102506,45,Female,No,0,Not Graduate,No,Salaried,3.1,1380.0,2050.0,15.1,60,708.0,1,0.363,0,Semiurban,28200.0,6.7,44220.0,Approved
APP102994,47,Male,No,2,Graduate,Yes,Salaried,4.7,4710.0,0.0,21.6,60,651.0,0,0.142,1,Rural,58100.0,1.4,9040.0,Approved
APP102126,38,Male,Yes,0,Graduate,No,Salaried,1.0,5390.0,1580.0,29.6,60,648.0,1,0.079,1,Semiurban,47300.0,7.4,3070.0,Approved
APP102926,43,Male,Yes,0,Not Graduate,No,Self-Employed,3.8,1600.0,2100.0,15.5,60,511.0,1,0.262,1,Urban,24300.0,0.4,8180.0,Rejected
APP104794,29,Female,Yes,3+,Graduate,No,Salaried,2.8,7240.0,0.0,41.1,180,641.0,0,0.141,1,Semiurban,58600.0,23.7,16200.0,Approved
APP100906,48,Male,No,2,Graduate,,Self-Employed,12.7,3540.0,0.0,19.0,240,,0,0.191,1,Urban,14500.0,0.6,3540.0,Approved
APP103720,46,Female,Yes,0,Not Graduate,No,Salaried,5.2,12210.0,0.0,40.8,120,601.0,1,0.497,1,Semiurban,33300.0,0.8,550.0,Rejected
APP101030,34,Female,Yes,3+,Graduate,No,Business Owner,4.1,6700.0,0.0,29.4,84,758.0,1,0.142,0,Semiurban,40500.0,2.3,1450.0,Rejected
APP102507,35,Male,Yes,2,Not Graduate,No,Business Owner,8.4,4760.0,4130.0,51.4,120,589.0,0,0.2,1,Rural,32400.0,4.0,4540.0,Approved
APP102428,24,Male,No,1,Not Graduate,No,Salaried,2.4,2820.0,1630.0,13.2,12,673.0,0,0.209,0,Rural,63600.0,1.6,1460.0,Approved
APP100947,37,Male,No,2,Not Graduate,No,Salaried,7.9,4680.0,0.0,12.6,12,900.0,0,0.083,1,Semiurban,20300.0,0.1,15170.0,Approved
APP103879,43,Male,Yes,,Graduate,No,Salaried,0.4,2130.0,820.0,13.8,12,635.0,0,0.369,1,Semiurban,28500.0,2.6,34910.0,Approved
APP100762,21,Male,Yes,0,Graduate,No,Business Owner,5.3,7030.0,0.0,16.5,180,612.0,1,0.134,1,Semiurban,68000.0,7.9,2290.0,Approved
APP100715,31,Male,Yes,0,Graduate,No,Unemployed,0.0,5490.0,1010.0,11.7,84,706.0,1,0.583,1,Urban,7100.0,36.3,2400.0,Rejected
APP100284,47,Male,Yes,1,Graduate,No,Salaried,1.0,4060.0,0.0,17.4,360,745.0,0,0.14,0,Semiurban,103800.0,5.0,4170.0,Approved
APP100686,34,Female,No,3+,Graduate,Yes,Business Owner,2.6,9690.0,1410.0,47.8,240,572.0,2,0.169,1,Rural,27000.0,5.4,6880.0,Rejected
APP100703,35,Female,No,1,Not Graduate,No,Salaried,14.4,2410.0,0.0,10.1,84,695.0,0,0.168,1,Urban,52700.0,1.8,2590.0,Approved
APP103341,31,Female,Yes,0,Not Graduate,No,Salaried,1.3,3270.0,2580.0,29.2,84,495.0,2,0.364,1,Semiurban,9300.0,0.7,11620.0,Rejected
APP102353,39,Male,Yes,2,Graduate,,Salaried,0.8,2770.0,0.0,12.0,240,772.0,0,0.353,1,Semiurban,20900.0,27.4,1970.0,Rejected
APP102257,44,Male,Yes,0,Not Graduate,No,Salaried,1.6,1970.0,0.0,10.0,360,640.0,3,0.163,1,Urban,36500.0,1.8,11970.0,Approved
APP103621,35,Female,Yes,0,Graduate,No,Self-Employed,0.9,9750.0,0.0,58.1,60,664.0,0,0.238,0,Urban,41900.0,5.9,68710.0,Approved
APP100473,28,Female,No,3+,Graduate,No,Salaried,9.3,9870.0,2050.0,56.9,84,577.0,1,0.376,1,Urban,57200.0,10.5,6600.0,Rejected
APP100021,50,Female,Yes,2,Graduate,No,Business Owner,2.6,6180.0,940.0,19.4,240,757.0,0,0.315,1,Semiurban,33900.0,17.1,1100.0,Approved
APP102752,21,Female,Yes,0,Not Graduate,No,Business Owner,1.0,3310.0,3670.0,36.0,84,617.0,0,0.242,1,Urban,45200.0,1.3,4740.0,Approved
APP100885,38,Female,Yes,0,Graduate,Yes,Salaried,7.3,3360.0,0.0,14.2,60,646.0,0,0.244,1,Urban,32300.0,7.4,9410.0,Approved
APP102448,37,Male,No,0,Graduate,No,Salaried,4.4,3680.0,0.0,10.0,36,669.0,1,0.566,1,Urban,32000.0,17.8,31830.0,Rejected
APP100917,36,Male,Yes,0,Graduate,No,Self-Employed,0.5,3390.0,0.0,10.0,120,760.0,1,0.52,0,Urban,13100.0,2.6,17310.0,Rejected
APP103830,38,Female,Yes,0,Graduate,Yes,Salaried,3.5,4530.0,1100.0,24.0,84,738.0,0,0.213,1,Rural,16600.0,9.6,1730.0,Approved
APP103824,36,Male,Yes,3+,Not Graduate,No,Salaried,3.4,5240.0,0.0,10.0,360,619.0,1,0.25,1,Rural,17400.0,2.4,8000.0,Approved
APP102239,25,Male,No,0,Graduate,No,Self-Employed,6.4,4750.0,830.0,28.6,240,702.0,2,0.242,1,Urban,29400.0,3.7,2840.0,Rejected
APP103918,39,Male,Yes,0,Not Graduate,No,Salaried,9.6,1880.0,4200.0,30.3,84,589.0,0,0.073,1,Rural,29400.0,0.7,3940.0,Approved
APP103395,50,Female,No,0,Not Graduate,No,Salaried,1.6,1730.0,2650.0,15.5,360,639.0,3,0.284,1,Semiurban,41100.0,10.0,12210.0,Rejected
APP101265,55,Male,Yes,0,Not Graduate,No,Self-Employed,7.6,1380.0,1600.0,17.5,84,629.0,1,0.203,1,Rural,28300.0,7.6,820.0,Rejected
APP100483,55,Male,Yes,0,Graduate,No,Self-Employed,3.5,2760.0,0.0,13.8,12,774.0,1,0.342,1,Urban,28900.0,11.4,19030.0,Approved
APP104381,43,Female,Yes,0,Graduate,No,Self-Employed,5.0,1410.0,0.0,10.0,36,828.0,2,0.454,1,Rural,,5.1,1880.0,Approved
APP102963,34,Female,No,0,Graduate,No,Self-Employed,11.2,8770.0,1290.0,27.5,12,626.0,0,0.188,1,Urban,37100.0,0.2,1760.0,Approved
APP101219,45,Male,No,0,Graduate,No,Self-Employed,0.5,7650.0,1570.0,32.1,180,721.0,0,0.284,1,Rural,77700.0,10.6,21100.0,Approved
APP100277,32,Female,Yes,0,Graduate,No,Business Owner,2.0,2970.0,0.0,10.0,12,782.0,0,0.374,1,Rural,,1.7,50250.0,Approved
APP100988,48,Male,Yes,0,Graduate,No,Salaried,12.4,2900.0,2850.0,21.4,240,718.0,2,0.332,1,Semiurban,15500.0,2.4,8240.0,Rejected
APP102084,40,Female,No,0,Not Graduate,No,Unemployed,0.0,1820.0,5460.0,17.3,84,752.0,0,0.555,1,Urban,82800.0,4.6,2650.0,Rejected
APP101245,23,Male,Yes,2,Graduate,,Salaried,1.2,9700.0,2400.0,34.8,36,679.0,1,0.056,1,Urban,21100.0,0.6,1710.0,Approved
APP102382,38,Female,No,0,Graduate,No,Salaried,3.1,6280.0,710.0,17.4,180,554.0,0,0.025,1,Semiurban,82000.0,3.6,17040.0,Approved
APP100571,50,Female,Yes,0,Not Graduate,Yes,Salaried,6.8,19740.0,0.0,100.0,120,702.0,0,0.106,1,Urban,65800.0,2.9,7880.0,Approved
APP101435,27,Female,Yes,2,Not Graduate,No,Salaried,1.1,4370.0,0.0,10.1,120,664.0,0,0.324,1,Urban,47500.0,0.6,8780.0,Approved
APP100993,36,Male,Yes,2,Graduate,No,Unemployed,0.0,4290.0,0.0,10.5,60,685.0,2,0.345,1,Rural,84300.0,3.1,7830.0,Rejected
APP103520,24,Male,Yes,1,Graduate,No,Business Owner,4.1,4850.0,2180.0,31.4,12,699.0,3,0.45,1,Rural,47800.0,4.0,4890.0,Approved
APP103515,32,Female,No,0,Not Graduate,No,Business Owner,5.8,6440.0,700.0,40.1,180,772.0,0,0.078,1,Semiurban,29900.0,6.9,21360.0,Approved
APP100585,31,Female,No,0,Not Graduate,No,Business Owner,3.3,5270.0,1590.0,19.5,84,587.0,0,0.314,1,Rural,197100.0,3.3,3090.0,Approved
APP103731,34,Male,Yes,0,Not Graduate,No,Unemployed,0.0,3240.0,1040.0,20.2,60,683.0,0,0.089,1,Semiurban,52400.0,4.6,10110.0,Rejected
APP102514,54,Female,Yes,0,Graduate,No,Self-Employed,2.5,11150.0,0.0,44.9,120,648.0,1,0.099,1,Semiurban,32700.0,4.0,3910.0,Approved
APP101349,38,Male,No,0,Graduate,No,Self-Employed,1.7,3650.0,3230.0,38.7,60,786.0,0,0.222,1,Urban,26400.0,3.7,2210.0,Approved
APP101007,53,Male,Yes,3+,Graduate,No,Unemployed,0.0,1860.0,0.0,10.0,360,620.0,0,0.173,1,Urban,43400.0,1.0,8170.0,Rejected
APP100674,24,Male,No,0,Graduate,No,Unemployed,0.0,2640.0,1430.0,10.0,12,741.0,0,0.178,1,Urban,23300.0,2.0,9410.0,Approved
APP102412,28,Male,No,2,Graduate,Yes,Self-Employed,0.4,1940.0,0.0,10.0,240,664.0,0,0.074,1,Rural,81500.0,1.2,4750.0,Approved
APP102903,50,Male,No,2,Not Graduate,No,Salaried,1.2,2970.0,3330.0,15.4,240,658.0,1,0.12,1,Rural,,0.9,53820.0,Approved
APP100447,40,Male,Yes,0,Graduate,No,Unemployed,0.0,5200.0,2700.0,32.4,60,741.0,0,0.395,0,Semiurban,157400.0,7.1,8930.0,Rejected
APP103542,32,Female,Yes,2,Not Graduate,No,Salaried,14.1,2640.0,0.0,10.0,84,672.0,0,0.441,1,Rural,30100.0,1.8,2940.0,Approved
APP103831,44,Female,Yes,0,Not Graduate,No,Salaried,7.0,1200.0,2000.0,10.0,360,745.0,0,0.151,1,Rural,160400.0,1.9,15040.0,Approved
APP103921,31,Male,Yes,2,Not Graduate,No,Unemployed,0.0,6540.0,2610.0,,84,632.0,0,0.583,1,Urban,13900.0,1.4,1070.0,Rejected
APP100359,39,Male,No,2,Graduate,No,Salaried,2.5,1250.0,0.0,10.0,36,726.0,0,0.237,0,Urban,75400.0,5.6,47410.0,Approved
APP102064,27,Female,Yes,1,Graduate,No,Salaried,10.2,4200.0,0.0,21.0,12,725.0,0,0.229,1,Rural,44600.0,2.7,4390.0,Approved
APP104494,52,Female,Yes,1,Graduate,Yes,Self-Employed,15.0,1470.0,0.0,10.0,360,698.0,1,0.365,1,Semiurban,43100.0,17.9,2100.0,Rejected
APP103883,34,Male,Yes,0,Graduate,Yes,Salaried,0.5,2550.0,1300.0,13.2,84,699.0,0,0.129,1,Rural,23900.0,0.6,6660.0,Approved
APP101690,21,Male,Yes,0,Not Graduate,No,Salaried,0.2,2460.0,7430.0,16.8,180,550.0,1,0.295,1,Urban,33000.0,3.8,2690.0,Rejected
APP104370,44,Female,Yes,0,Graduate,No,Salaried,4.8,2590.0,0.0,12.8,240,710.0,0,0.387,1,Semiurban,23600.0,0.8,4140.0,Approved
APP101548,38,Male,Yes,0,Graduate,No,Self-Employed,5.7,6300.0,1600.0,26.1,360,616.0,3,0.206,1,Urban,32600.0,2.8,3340.0,Rejected
APP101247,35,Male,Yes,0,Graduate,No,Salaried,0.6,10650.0,2440.0,48.0,84,636.0,1,0.245,1,Semiurban,54500.0,9.2,1920.0,Rejected
APP101985,28,Male,Yes,0,Not Graduate,No,Salaried,13.9,4260.0,1410.0,29.3,240,738.0,0,0.304,1,Urban,19400.0,1.4,3350.0,Approved
APP100294,32,Female,Yes,0,Not Graduate,No,Self-Employed,6.0,3960.0,4610.0,17.2,120,703.0,0,0.197,1,Rural,45200.0,2.1,3220.0,Approved
APP101547,47,Male,Yes,1,Not Graduate,No,Salaried,19.1,3060.0,1600.0,14.8,84,712.0,0,0.254,1,Semiurban,26300.0,1.4,12430.0,Approved
APP102012,45,Female,No,1,Graduate,Yes,Salaried,0.9,8530.0,0.0,21.3,12,612.0,1,0.303,1,Semiurban,63500.0,2.7,3630.0,Rejected
APP100588,29,Male,Yes,0,Graduate,No,Business Owner,6.7,2680.0,0.0,13.4,84,444.0,1,0.449,1,Semiurban,22500.0,11.4,5430.0,Rejected
APP103329,46,Male,Yes,,Graduate,No,Salaried,6.2,1850.0,0.0,10.0,60,737.0,0,0.359,1,Semiurban,83400.0,2.6,6600.0,Approved
APP102403,27,Male,Yes,1,Not Graduate,No,Salaried,2.2,1490.0,2300.0,21.0,180,657.0,1,0.182,0,Semiurban,133600.0,0.2,9560.0,Rejected
APP102129,44,Male,No,2,Graduate,No,Business Owner,3.9,4770.0,1930.0,11.5,12,639.0,1,0.39,0,Urban,16400.0,6.2,9920.0,Rejected
APP104432,48,Male,No,0,Not Graduate,No,Salaried,16.3,1990.0,0.0,10.0,120,527.0,2,0.306,1,Rural,30300.0,4.7,5460.0,Rejected
APP103508,43,Male,Yes,0,Not Graduate,No,Self-Employed,6.2,4700.0,4380.0,15.3,84,557.0,1,0.112,1,Rural,44400.0,0.1,39710.0,Approved
APP102410,32,Female,No,0,Not Graduate,No,Self-Employed,5.9,2130.0,1260.0,10.0,240,667.0,0,0.667,1,Urban,40900.0,5.7,8970.0,Rejected
APP102719,37,Male,Yes,,Graduate,No,Self-Employed,2.3,2920.0,1190.0,10.0,360,451.0,2,0.455,1,Semiurban,37100.0,2.4,1700.0,Rejected
APP104599,33,Male,No,,Graduate,No,Business Owner,4.2,1850.0,1350.0,16.2,120,653.0,0,0.658,1,Semiurban,16200.0,0.2,4320.0,Rejected
APP100425,47,Male,Yes,1,Not Graduate,No,Salaried,5.0,686860.4650555667,1570.0,25.2,180,797.0,3,0.087,1,Urban,17900.0,1.7,6380.0,Approved
APP102582,41,Male,Yes,3+,Graduate,Yes,Unemployed,0.0,2210.0,840.0,11.0,12,680.0,1,0.173,1,Semiurban,72000.0,2.1,2310.0,Rejected
APP101054,21,Male,Yes,0,Graduate,Yes,Salaried,1.6,4300.0,860.0,16.2,12,654.0,2,0.588,1,Semiurban,69300.0,6.4,33090.0,Approved
APP104044,37,Male,No,3+,Graduate,No,Self-Employed,1.5,9850.0,0.0,26.0,12,541.0,0,0.333,1,Urban,19100.0,0.5,1500.0,Rejected
APP104607,23,Female,Yes,0,Graduate,No,Salaried,4.3,3340.0,1630.0,13.8,360,672.0,1,0.456,1,Urban,38300.0,0.9,700.0,Rejected
APP100556,35,Female,Yes,0,Graduate,No,Salaried,1.1,5790.0,0.0,23.4,60,539.0,1,0.193,1,Semiurban,23600.0,10.6,6330.0,Rejected
APP104402,43,Female,No,0,Graduate,No,Self-Employed,0.3,7140.0,360.0,42.5,120,522.0,0,0.382,1,Semiurban,29700.0,1.7,13150.0,Rejected
APP104015,38,Male,Yes,3+,Graduate,No,Business Owner,5.1,20270.0,2150.0,42.8,84,605.0,2,0.41,1,Semiurban,61600.0,9.9,25420.0,Approved
APP104760,21,Female,Yes,0,Graduate,No,Business Owner,2.1,4650.0,7160.0,66.2,84,767.0,0,0.221,1,Urban,22600.0,0.7,4020.0,Approved
APP102469,52,Male,Yes,0,Graduate,No,Salaried,5.0,6220.0,0.0,22.4,240,662.0,1,0.227,1,Semiurban,33900.0,0.4,7740.0,Rejected
APP104758,47,Female,Yes,0,Graduate,Yes,Salaried,6.4,14960.0,1960.0,95.4,12,827.0,0,0.27,1,Rural,12600.0,0.2,69090.0,Approved
APP100355,38,Male,No,0,Graduate,No,Salaried,1.9,2080.0,2940.0,24.3,84,434.0,0,0.162,1,Rural,109100.0,3.6,9210.0,Rejected
APP101193,37,Female,Yes,0,Not Graduate,No,Self-Employed,1.9,8110.0,2610.0,49.0,36,530.0,0,0.156,1,Urban,86900.0,9.9,9780.0,Approved
APP101716,30,Male,Yes,0,Graduate,No,Salaried,5.7,6380.0,0.0,31.7,60,656.0,2,0.253,1,Rural,25000.0,1.5,6630.0,Rejected
APP103416,59,Male,No,0,Not Graduate,No,Salaried,8.9,3910.0,3670.0,13.8,12,679.0,0,0.128,1,Semiurban,15000.0,16.4,3320.0,Approved
APP102604,28,Male,Yes,,Graduate,No,Salaried,7.7,4960.0,5550.0,40.9,12,662.0,0,0.205,1,Semiurban,54500.0,1.5,33870.0,Approved
APP104577,46,Female,Yes,0,Graduate,No,Salaried,1.9,8360.0,1560.0,50.5,120,789.0,0,0.227,1,Rural,25600.0,3.8,7140.0,Approved
APP102828,31,Male,No,0,Not Graduate,No,Salaried,3.3,2870.0,0.0,10.0,84,583.0,0,0.313,1,Urban,40600.0,14.1,1020.0,Rejected
APP101704,43,Male,Yes,0,Graduate,No,Unemployed,0.0,4630.0,0.0,23.8,180,692.0,0,0.406,1,Semiurban,73800.0,19.4,22120.0,Approved
APP102863,30,Male,Yes,0,Graduate,No,Salaried,2.5,6190.0,4080.0,53.6,12,550.0,1,0.231,1,Semiurban,32500.0,1.5,2300.0,Rejected
APP102618,22,Female,Yes,0,Not Graduate,No,Salaried,3.4,2910.0,840.0,10.0,36,635.0,0,0.207,1,Urban,58700.0,5.7,2110.0,Rejected
APP102400,39,Female,No,0,Graduate,No,Salaried,6.1,6260.0,0.0,32.7,84,761.0,1,0.221,1,Semiurban,143000.0,0.8,16390.0,Approved
APP102139,48,Male,No,,Not Graduate,Yes,Salaried,0.5,4770.0,1790.0,28.2,360,636.0,1,0.538,1,Semiurban,34700.0,11.6,1560.0,Rejected
APP103239,21,Male,Yes,1,Graduate,No,Salaried,4.8,5650.0,0.0,15.6,120,622.0,2,0.139,1,Semiurban,23000.0,1.4,15930.0,Approved
APP102383,35,Female,Yes,1,Graduate,Yes,Unemployed,0.0,9110.0,0.0,24.0,60,787.0,1,0.355,1,Rural,57000.0,2.4,5720.0,Rejected
APP103218,35,Male,Yes,3+,Graduate,No,Salaried,4.0,3950.0,900.0,14.0,84,650.0,1,0.173,1,Urban,49400.0,0.4,15360.0,Rejected
APP103817,53,Male,No,0,Graduate,No,Salaried,3.8,3340.0,1300.0,13.5,36,659.0,0,0.234,1,Semiurban,27600.0,7.1,3870.0,Rejected
APP101285,39,Female,Yes,0,Not Graduate,No,Salaried,7.9,3390.0,0.0,12.4,36,714.0,0,0.491,1,Urban,143000.0,10.7,4500.0,Approved
APP103869,21,Male,No,1,Graduate,No,Salaried,23.6,2210.0,8540.0,41.6,180,633.0,0,0.02,1,Urban,51000.0,6.7,7250.0,Approved
APP103914,60,Female,No,0,Graduate,No,Salaried,2.4,16010.0,900.0,67.1,180,692.0,1,0.188,1,Urban,97600.0,9.0,3690.0,Approved
APP104513,28,Female,Yes,2,Graduate,No,Salaried,1.3,6820.0,0.0,13.2,60,647.0,2,0.356,1,Semiurban,25400.0,2.2,3200.0,Rejected
APP102087,46,Male,Yes,0,Graduate,No,Salaried,0.3,12450.0,2750.0,33.0,360,617.0,0,0.568,1,Urban,48900.0,29.4,1950.0,Rejected
APP101889,40,Female,Yes,2,Graduate,No,Unemployed,0.0,6500.0,2190.0,50.0,36,604.0,0,0.035,1,Semiurban,72200.0,1.7,7450.0,Rejected
APP103576,47,Female,Yes,0,Not Graduate,Yes,Self-Employed,3.1,6980.0,1810.0,18.5,12,631.0,0,0.117,1,Semiurban,57200.0,2.5,3460.0,Approved
APP101591,42,Female,Yes,0,Graduate,No,Unemployed,0.0,10820.0,230.0,62.7,36,456.0,0,0.259,0,Urban,,11.9,19280.0,Rejected
APP101346,41,Male,No,1,Graduate,No,Unemployed,0.0,7660.0,2610.0,36.2,360,678.0,0,0.195,1,Semiurban,143500.0,8.0,1650.0,Rejected
APP104475,36,Female,No,0,Not Graduate,No,Salaried,1.8,5460.0,0.0,14.7,120,621.0,1,0.249,1,Semiurban,16900.0,0.7,2380.0,Approved
APP102162,30,Male,Yes,0,Graduate,No,Salaried,4.1,12200.0,2610.0,23.7,12,740.0,0,0.351,1,Urban,31400.0,5.2,15620.0,Approved
APP102396,34,Male,Yes,1,Graduate,No,Business Owner,4.3,2290.0,580.0,17.0,12,376.0,0,0.302,1,Rural,7900.0,4.3,7950.0,Rejected
APP103716,37,Male,Yes,0,Not Graduate,No,Business Owner,11.4,3310.0,0.0,15.6,360,701.0,1,0.21,1,Urban,,2.3,5230.0,Rejected
APP102271,44,Male,Yes,0,Graduate,No,Self-Employed,5.4,2690.0,1470.0,16.7,360,565.0,0,0.219,1,Urban,20700.0,0.7,2830.0,Rejected
APP104535,33,Female,Yes,0,Graduate,No,Self-Employed,8.0,3890.0,940.0,17.8,240,481.0,0,0.387,1,Urban,47300.0,11.7,6590.0,Rejected
APP103111,48,Female,Yes,0,Graduate,No,Business Owner,5.7,4230.0,0.0,10.0,60,564.0,0,0.194,1,Semiurban,23700.0,30.9,4460.0,Approved
APP101137,40,Male,No,3+,Graduate,No,Salaried,5.8,5330.0,0.0,24.7,180,646.0,1,0.304,1,Urban,12200.0,8.6,4670.0,Rejected
APP103972,43,Male,Yes,1,Graduate,No,Salaried,1.4,1820.0,4020.0,11.1,120,523.0,0,0.134,1,Semiurban,185700.0,4.1,2010.0,Approved
APP100972,35,Female,No,0,Graduate,No,Self-Employed,7.2,4460.0,3500.0,,36,601.0,0,0.07,1,Urban,19700.0,6.6,1900.0,Rejected
APP100795,65,Female,Yes,0,Graduate,No,Business Owner,6.1,1200.0,0.0,10.0,12,633.0,2,0.312,1,Rural,71800.0,1.9,8300.0,Rejected
APP103020,37,Female,No,2,Graduate,No,Self-Employed,2.0,2710.0,2190.0,19.9,36,718.0,0,0.55,1,Rural,,10.2,9070.0,Approved
APP101711,51,Male,Yes,2,Graduate,No,Salaried,11.7,10680.0,420.0,23.4,12,693.0,1,0.506,1,Rural,58700.0,0.2,4240.0,Rejected
APP103387,39,Male,No,0,Not Graduate,No,Salaried,2.5,3090.0,2120.0,23.1,12,433.0,0,0.348,1,Semiurban,11500.0,6.2,7050.0,Rejected
APP100036,44,Female,No,0,Graduate,,Salaried,2.5,15530.0,0.0,43.6,12,693.0,1,0.173,1,Semiurban,26200.0,0.7,10330.0,Approved
APP100453,21,Male,Yes,0,Graduate,Yes,Unemployed,0.0,4700.0,3310.0,18.6,240,733.0,0,0.252,0,Urban,60000.0,0.6,5700.0,Rejected
APP100913,39,Female,No,2,Not Graduate,No,Salaried,7.1,6110.0,0.0,14.6,12,591.0,2,0.24,0,Semiurban,24700.0,22.2,2660.0,Rejected
APP104130,31,Male,No,2,Not Graduate,Yes,Business Owner,1.4,3130.0,1680.0,28.2,120,,0,0.419,1,Semiurban,82300.0,0.4,2640.0,Approved
APP101199,38,Male,Yes,1,Not Graduate,,Salaried,6.2,5700.0,0.0,23.1,120,,2,0.645,1,Semiurban,15100.0,1.6,5810.0,Rejected
APP101274,48,Male,Yes,0,Graduate,Yes,Salaried,9.8,4780.0,0.0,16.4,36,576.0,2,0.14,1,Rural,11100.0,7.7,11640.0,Rejected
APP102375,37,Female,Yes,1,Graduate,Yes,Business Owner,0.7,4590.0,2710.0,39.0,60,582.0,1,0.511,1,Urban,38700.0,11.9,2930.0,Rejected
APP100037,55,Male,Yes,0,Graduate,No,Salaried,0.3,2100.0,0.0,10.0,60,551.0,0,0.457,1,Rural,132600.0,1.5,16870.0,Approved
APP100974,26,Male,Yes,3+,Graduate,No,Salaried,3.2,2050.0,3660.0,13.8,36,550.0,2,0.417,1,Urban,51200.0,2.4,3470.0,Rejected
APP103195,30,Male,Yes,0,Graduate,No,Salaried,2.1,2470.0,910.0,10.0,240,567.0,1,0.279,1,Urban,108300.0,1.7,13130.0,Approved
APP100983,40,Male,Yes,0,Graduate,No,Business Owner,7.3,5200.0,1990.0,31.0,360,,0,0.036,1,Semiurban,17600.0,2.4,1980.0,Approved
APP104415,30,Female,Yes,0,Not Graduate,No,Salaried,8.7,1770.0,1460.0,10.0,120,717.0,1,0.673,1,Semiurban,55500.0,0.5,32650.0,Rejected
APP104352,50,Female,Yes,1,Not Graduate,No,Self-Employed,1.2,5040.0,0.0,10.0,360,873.0,0,0.181,1,Semiurban,86300.0,6.6,8650.0,Approved
APP101418,40,Male,No,0,Not Graduate,No,Unemployed,0.0,3890.0,0.0,17.6,360,764.0,2,0.275,0,Semiurban,73700.0,6.3,14690.0,Rejected
APP103332,36,Male,Yes,1,Graduate,Yes,Self-Employed,2.7,5020.0,4070.0,14.0,60,556.0,1,0.069,1,Rural,73500.0,6.0,2590.0,Approved
APP101560,38,Female,No,0,Not Graduate,No,Self-Employed,8.4,3440.0,1840.0,20.9,120,639.0,0,0.211,1,Rural,73400.0,1.6,18690.0,Approved
APP100039,59,Female,Yes,0,Not Graduate,No,Self-Employed,2.3,1840.0,0.0,10.0,120,630.0,0,0.07,1,Urban,56500.0,4.1,1520.0,Approved
APP101486,34,Female,No,1,Not Graduate,No,Business Owner,6.1,12160.0,0.0,19.4,60,709.0,1,0.063,1,Semiurban,21300.0,9.0,1750.0,Approved
APP103959,45,Male,Yes,0,Graduate,No,Business Owner,0.3,7380.0,1690.0,15.0,84,534.0,0,0.431,1,Semiurban,49100.0,6.8,7240.0,Rejected
APP100169,40,Female,Yes,0,Not Graduate,No,Salaried,6.0,4560.0,1040.0,10.0,84,581.0,1,0.44,1,Urban,20500.0,20.9,3870.0,Rejected
APP101355,39,Male,Yes,0,Graduate,No,Salaried,3.5,12100.0,990.0,37.5,240,644.0,3,0.281,1,Urban,28600.0,2.3,7580.0,Approved
APP102785,54,Male,Yes,1,Not Graduate,No,Self-Employed,7.5,11100.0,3950.0,23.7,36,416.0,1,0.154,1,Semiurban,88400.0,1.1,1650.0,Rejected
APP103705,33,Male,No,2,Graduate,No,Salaried,4.7,3330.0,2790.0,23.7,240,585.0,0,0.24,1,Rural,23500.0,3.0,7560.0,Rejected
APP104797,22,Male,Yes,1,Graduate,No,Business Owner,12.3,6590.0,2490.0,31.1,240,618.0,1,0.299,1,Semiurban,69800.0,2.6,8850.0,Approved
APP104083,38,Male,Yes,0,Graduate,No,Salaried,12.7,5770.0,1170.0,31.1,180,702.0,1,0.182,1,Rural,13300.0,4.4,46370.0,Approved
APP102682,26,Male,Yes,0,Graduate,No,Salaried,30.3,20120.0,1230.0,105.9,12,535.0,1,0.224,1,Rural,17100.0,1.2,9870.0,Approved
APP104752,46,Male,Yes,1,Graduate,No,Self-Employed,0.2,4910.0,0.0,24.3,180,708.0,0,0.391,1,Semiurban,23800.0,5.7,12230.0,Rejected
APP104103,30,Female,No,0,Graduate,No,Unemployed,0.0,2520.0,2150.0,,12,637.0,0,0.254,1,Semiurban,39400.0,3.2,1940.0,Rejected
APP101640,33,Male,No,2,Not Graduate,Yes,Unemployed,0.0,11690.0,960.0,75.0,36,637.0,0,0.316,1,Semiurban,30100.0,1.2,3250.0,Rejected
APP101290,44,Male,No,2,Graduate,No,Business Owner,8.7,7710.0,1230.0,,180,610.0,1,0.102,1,Semiurban,44300.0,14.9,23000.0,Approved
APP101380,49,Female,Yes,,Graduate,No,Salaried,3.0,3540.0,2220.0,15.2,240,676.0,1,0.137,1,Semiurban,26000.0,5.1,5310.0,Approved
APP101933,44,Male,Yes,0,Not Graduate,No,Salaried,16.4,2820.0,910.0,13.2,60,688.0,0,0.409,1,Urban,25000.0,17.8,1110.0,Rejected
APP100579,28,Male,Yes,0,Graduate,No,Self-Employed,2.2,12750.0,0.0,23.4,180,705.0,0,0.403,1,Rural,122500.0,6.2,13540.0,Approved
APP104263,26,Male,Yes,0,Not Graduate,No,Self-Employed,9.9,1200.0,4910.0,11.8,60,675.0,0,0.224,0,Semiurban,31500.0,2.6,3170.0,Rejected
APP103160,59,Female,Yes,0,Not Graduate,No,Business Owner,3.2,3380.0,1260.0,19.0,36,521.0,1,0.327,1,Urban,30200.0,4.0,11210.0,Rejected
APP102030,26,Female,Yes,2,Graduate,Yes,Salaried,0.3,3220.0,0.0,10.8,120,687.0,0,0.225,1,Rural,14700.0,6.2,21830.0,Approved
APP100892,47,Male,No,0,Graduate,No,Self-Employed,9.4,8630.0,3780.0,63.4,12,529.0,1,0.202,1,Rural,121200.0,5.0,49800.0,Approved
APP104909,28,Male,Yes,0,Graduate,No,Salaried,1.2,4230.0,0.0,12.6,60,605.0,0,0.176,1,Semiurban,45500.0,6.6,15340.0,Rejected
APP100780,30,Male,Yes,1,Graduate,No,Business Owner,7.5,8560.0,1750.0,31.6,84,515.0,0,0.071,1,Rural,64900.0,1.0,11020.0,Rejected
APP100159,47,Male,No,2,Not Graduate,No,Self-Employed,1.4,5270.0,0.0,16.6,120,725.0,0,0.241,1,Rural,29800.0,11.5,2030.0,Approved
APP100002,27,Male,Yes,0,Not Graduate,No,Salaried,10.3,5440.0,3600.0,25.8,120,448.0,0,0.316,1,Rural,23400.0,4.7,4850.0,Rejected
APP102263,46,Male,Yes,2,Graduate,Yes,Salaried,11.1,11570.0,0.0,52.5,180,525.0,1,0.076,1,Urban,16200.0,2.7,530.0,Rejected
APP103216,34,Female,No,0,Graduate,No,Salaried,2.7,3190.0,870.0,10.0,120,574.0,0,0.046,0,Rural,80000.0,0.6,17340.0,Approved
APP102109,57,Male,Yes,2,Graduate,Yes,Salaried,0.0,6190.0,1670.0,38.9,12,706.0,0,0.099,1,Semiurban,43900.0,2.8,15520.0,Approved
APP100849,48,Female,Yes,0,Not Graduate,No,Self-Employed,4.5,2710.0,2630.0,20.6,180,529.0,1,0.041,1,Rural,34700.0,5.3,9030.0,Rejected
APP102737,27,Female,No,0,Graduate,No,Self-Employed,6.9,6670.0,2510.0,43.2,84,808.0,1,0.457,1,Semiurban,131600.0,7.7,6450.0,Approved
APP102466,45,Male,Yes,2,Not Graduate,No,Unemployed,0.0,3940.0,0.0,11.2,12,666.0,0,0.09,1,Urban,17400.0,3.1,870.0,Approved
APP104713,41,Male,Yes,2,Not Graduate,No,Salaried,3.7,3900.0,0.0,15.3,120,646.0,0,0.098,1,Semiurban,19600.0,2.4,1290.0,Rejected
APP104834,46,Female,No,0,Graduate,No,Salaried,7.1,4060.0,1920.0,13.2,360,484.0,0,0.12,1,Rural,21600.0,0.3,13200.0,Rejected
APP101596,27,Male,Yes,1,Graduate,No,Self-Employed,2.9,2050.0,1550.0,16.4,36,515.0,2,0.275,1,Semiurban,102300.0,6.3,6610.0,Rejected
APP101776,47,Female,Yes,0,Not Graduate,No,Salaried,1.7,1810.0,0.0,10.0,60,592.0,0,0.149,1,Semiurban,116800.0,8.5,20330.0,Approved
APP101913,40,Female,Yes,2,Graduate,No,Unemployed,0.0,4520.0,0.0,25.0,120,568.0,1,0.44,0,Urban,56100.0,33.7,1840.0,Rejected
APP101043,35,Male,Yes,0,Not Graduate,No,Business Owner,4.6,1290.0,0.0,10.0,360,550.0,0,0.319,0,Rural,43300.0,3.6,11720.0,Rejected
APP104761,50,Male,Yes,3+,Graduate,Yes,Salaried,14.8,2280.0,2160.0,10.0,60,452.0,0,0.149,1,Urban,48000.0,3.1,6110.0,Approved
APP101544,30,Female,Yes,0,Graduate,No,Self-Employed,0.5,11620.0,1150.0,47.2,360,619.0,2,0.731,1,Semiurban,70500.0,9.5,4960.0,Rejected
APP102736,42,Male,Yes,0,Graduate,No,Self-Employed,2.3,5290.0,1170.0,24.4,60,623.0,1,0.215,1,Semiurban,12100.0,2.2,21840.0,Rejected
APP103779,52,Male,Yes,0,Not Graduate,No,Salaried,3.0,7170.0,1040.0,15.4,360,510.0,0,0.37,1,Semiurban,35900.0,13.9,1410.0,Rejected
APP104664,47,Male,Yes,1,Graduate,Yes,Salaried,0.6,3770.0,0.0,10.0,60,504.0,0,0.175,1,Semiurban,16800.0,3.0,6870.0,Approved
APP100053,32,Male,Yes,0,Not Graduate,Yes,Salaried,0.3,4230.0,3340.0,16.3,36,607.0,2,0.619,1,Urban,48400.0,0.8,6600.0,Rejected
APP101796,42,Male,Yes,2,Graduate,No,Salaried,9.5,1830.0,1370.0,10.0,36,589.0,0,0.478,0,Urban,103900.0,9.9,6660.0,Approved
APP103588,21,Male,No,0,Not Graduate,No,Self-Employed,13.2,3120.0,0.0,15.5,120,846.0,0,0.123,1,Semiurban,46100.0,9.0,5800.0,Approved
APP101911,38,Male,No,1,Graduate,No,Business Owner,2.2,3150.0,0.0,10.1,180,602.0,1,0.427,1,Rural,15100.0,2.3,2780.0,Rejected
APP102306,21,Male,Yes,0,Graduate,Yes,Unemployed,0.0,3170.0,0.0,10.0,60,709.0,0,0.147,0,Semiurban,14000.0,10.8,12290.0,Rejected
APP102553,50,Male,Yes,2,Not Graduate,No,Business Owner,10.6,4550.0,1520.0,34.3,12,623.0,1,0.381,1,Semiurban,46100.0,3.6,4040.0,Rejected
APP102800,36,Male,No,0,Not Graduate,No,Self-Employed,0.2,3380.0,0.0,10.0,12,669.0,0,0.257,1,Urban,42400.0,2.2,2420.0,Rejected
APP100936,33,Female,No,0,Not Graduate,No,Salaried,8.7,7670.0,1220.0,52.9,240,497.0,0,0.145,1,Semiurban,42400.0,5.6,3750.0,Rejected
APP104169,37,Male,No,0,Graduate,No,Salaried,10.2,2250.0,920.0,10.0,120,492.0,0,0.055,1,Rural,11700.0,7.8,4690.0,Rejected
APP100824,30,Male,Yes,0,Not Graduate,No,Salaried,0.1,3610.0,3740.0,13.4,60,670.0,0,0.131,1,Urban,23000.0,4.6,12870.0,Approved
APP104782,26,Male,Yes,0,Not Graduate,No,Self-Employed,10.3,5090.0,1830.0,24.3,36,535.0,0,0.364,1,Rural,71500.0,12.4,8290.0,Rejected
APP103178,32,Female,Yes,3+,Graduate,No,Self-Employed,4.5,4410.0,0.0,20.2,120,653.0,1,0.446,1,Urban,14900.0,19.4,6140.0,Rejected
APP103401,30,Male,Yes,2,Not Graduate,Yes,Salaried,2.0,2910.0,1780.0,22.0,360,688.0,2,0.231,1,Urban,50900.0,1.2,12060.0,Approved
APP101389,50,Male,Yes,0,Graduate,No,Salaried,1.4,8070.0,650.0,33.7,180,580.0,0,0.292,1,Rural,35500.0,23.5,8390.0,Approved
APP103564,27,Female,No,2,Not Graduate,No,Salaried,7.5,9890.0,640.0,24.8,360,555.0,0,0.367,0,Semiurban,53300.0,10.0,3300.0,Approved
APP104926,24,Female,Yes,0,Graduate,No,Business Owner,0.8,6460.0,0.0,34.7,360,585.0,0,0.055,1,Urban,18200.0,9.2,1510.0,Rejected
APP100884,33,Female,No,1,Graduate,No,Self-Employed,0.8,7940.0,2100.0,19.4,120,644.0,1,0.236,1,Rural,14200.0,0.6,1860.0,Rejected
APP103878,34,Male,No,1,Graduate,Yes,Salaried,9.5,8270.0,0.0,32.4,180,698.0,0,0.323,1,Rural,23700.0,8.4,17590.0,Approved
APP103646,42,Male,Yes,0,Graduate,No,Self-Employed,14.7,11820.0,2510.0,40.7,180,684.0,2,0.615,1,Semiurban,39100.0,4.7,2470.0,Rejected
APP101607,38,Male,Yes,3+,Graduate,No,Salaried,7.4,3340.0,950.0,18.8,360,492.0,0,0.489,1,Semiurban,19900.0,1.1,980.0,Rejected
APP101594,25,Male,Yes,0,Not Graduate,No,Salaried,18.0,3070.0,1970.0,17.2,240,512.0,1,0.038,1,Semiurban,24800.0,15.4,4910.0,Rejected
APP100771,38,Male,Yes,0,Graduate,No,Salaried,6.2,3530.0,0.0,11.6,120,686.0,1,0.103,1,Rural,33100.0,7.2,2510.0,Rejected
APP102611,21,Male,Yes,0,Not Graduate,No,Salaried,3.6,4480.0,0.0,15.1,60,794.0,1,0.302,1,Urban,27400.0,3.0,7310.0,Approved
APP103929,39,Male,Yes,0,Not Graduate,No,Business Owner,3.4,4420.0,0.0,10.0,240,667.0,2,0.304,1,Urban,31600.0,9.7,14930.0,Rejected
APP102273,58,Female,Yes,0,Not Graduate,No,Self-Employed,2.0,2530.0,0.0,10.0,60,455.0,0,0.346,1,Urban,57500.0,1.5,2170.0,Rejected
APP101868,52,Male,Yes,0,Graduate,No,Self-Employed,3.9,2520.0,0.0,10.1,360,595.0,1,0.462,0,Semiurban,42300.0,0.2,2180.0,Rejected
APP101085,41,Male,No,0,Not Graduate,No,Business Owner,4.3,1210.0,0.0,10.0,360,681.0,1,0.611,1,Urban,93600.0,9.2,6540.0,Rejected
APP100010,52,Male,No,0,Graduate,No,Unemployed,0.0,9930.0,0.0,27.6,360,672.0,0,0.418,1,Urban,10000.0,1.5,6600.0,Rejected
APP103684,22,Female,Yes,1,Graduate,No,Business Owner,0.8,5820.0,3730.0,56.9,240,640.0,1,0.287,1,Semiurban,72700.0,2.3,10650.0,Rejected
APP101325,24,Male,Yes,2,Not Graduate,No,Salaried,3.0,3670.0,0.0,12.1,84,555.0,2,0.296,1,Semiurban,13900.0,2.2,5550.0,Rejected
APP103390,31,Male,No,0,Graduate,No,Unemployed,0.0,4750.0,0.0,14.3,180,462.0,0,0.283,1,Rural,88000.0,8.3,31750.0,Rejected
APP101463,53,Male,Yes,3+,Graduate,No,Self-Employed,2.1,14520.0,0.0,25.5,84,709.0,1,0.113,1,Rural,32300.0,4.3,5140.0,Approved
APP100806,51,Female,Yes,1,Not Graduate,No,Salaried,16.0,2330.0,4920.0,28.3,120,,0,0.348,1,Rural,27400.0,7.6,3240.0,Approved
APP103808,33,Female,Yes,0,Not Graduate,No,Business Owner,0.2,2420.0,0.0,13.3,360,687.0,0,0.363,0,Urban,14500.0,16.2,880.0,Rejected
APP104063,21,Female,Yes,0,Graduate,No,Salaried,2.5,8120.0,1420.0,54.9,120,627.0,0,0.09,1,Urban,63800.0,3.6,34980.0,Approved
APP103844,35,Male,No,0,Not Graduate,No,Salaried,0.3,3750.0,2220.0,16.3,120,619.0,2,0.05,1,Urban,30300.0,13.8,4420.0,Rejected
APP102108,53,Male,Yes,,Graduate,No,Business Owner,0.5,6130.0,0.0,16.8,60,624.0,0,0.216,1,Rural,57900.0,3.0,4080.0,Approved
APP104279,33,Male,Yes,0,Not Graduate,No,Salaried,7.0,3140.0,2370.0,23.1,12,552.0,0,0.324,1,Semiurban,31200.0,2.4,11630.0,Rejected
APP100044,22,Male,Yes,0,Not Graduate,No,Salaried,1.5,3660.0,4590.0,47.8,240,705.0,1,0.196,0,Urban,6100.0,5.3,23900.0,Rejected
APP102234,29,Male,No,1,Not Graduate,No,Salaried,2.2,3310.0,1140.0,17.5,36,715.0,1,0.451,0,Urban,13900.0,15.8,30870.0,Rejected
APP103211,40,Female,Yes,1,Not Graduate,No,Salaried,14.7,5720.0,2200.0,46.7,84,616.0,2,0.206,1,Urban,27600.0,0.7,7120.0,Rejected
APP100963,28,Female,No,0,Graduate,No,Salaried,6.9,6300.0,2340.0,50.1,12,608.0,0,0.113,1,Urban,37800.0,5.5,1240.0,Approved
APP103415,33,Male,Yes,0,Graduate,No,Salaried,4.5,2160.0,0.0,10.0,120,509.0,0,0.232,1,Urban,33000.0,18.5,4260.0,Rejected
APP103826,39,Male,Yes,1,Graduate,No,Business Owner,9.0,4450.0,0.0,21.0,240,718.0,0,0.182,1,Semiurban,26000.0,4.4,1570.0,Approved
APP100398,51,Female,No,0,Graduate,No,Salaried,0.1,4700.0,4280.0,22.3,60,432.0,0,0.352,1,Semiurban,94800.0,0.8,700.0,Rejected
APP102632,34,Male,No,0,Not Graduate,No,Self-Employed,5.5,1500.0,0.0,10.0,36,443.0,0,0.156,1,Semiurban,30200.0,3.3,6870.0,Rejected
APP104900,41,Male,No,0,Graduate,No,Salaried,18.9,3270.0,0.0,14.4,120,665.0,0,0.369,1,Semiurban,16000.0,19.2,8840.0,Approved
APP102996,24,Female,No,,Not Graduate,Yes,Business Owner,1.5,4410.0,0.0,26.1,240,706.0,0,0.319,1,Urban,30400.0,13.7,4770.0,Rejected
APP100704,53,Female,Yes,1,Graduate,No,Salaried,0.3,3170.0,2380.0,19.3,240,838.0,1,0.31,1,Urban,23500.0,35.7,2070.0,Rejected
APP100431,31,Female,Yes,2,Not Graduate,No,Self-Employed,7.8,3070.0,2300.0,28.8,84,725.0,2,0.434,1,Urban,54000.0,15.6,26890.0,Rejected
APP100292,29,Female,No,0,Not Graduate,No,Salaried,14.2,2510.0,1080.0,17.3,120,679.0,0,0.651,1,Urban,65700.0,9.6,1540.0,Approved
APP104916,53,Male,No,1,Not Graduate,No,Salaried,10.2,2020.0,3380.0,23.4,120,730.0,2,0.525,1,Semiurban,5200.0,8.6,25080.0,Approved
APP100145,41,Male,No,1,Graduate,,Unemployed,0.0,1260.0,7700.0,33.2,120,727.0,0,0.365,1,Semiurban,12300.0,7.0,41810.0,Rejected
APP104378,38,Female,No,0,Not Graduate,No,Salaried,3.4,2880.0,3230.0,22.9,60,565.0,3,0.34,1,Rural,9200.0,0.5,22740.0,Rejected
APP102033,33,Male,Yes,0,Graduate,Yes,Salaried,4.4,3640.0,1050.0,28.0,360,586.0,0,0.026,1,Rural,77300.0,0.7,1560.0,Approved
APP104671,40,Male,Yes,2,Graduate,No,Salaried,3.8,3260.0,0.0,10.4,60,663.0,0,0.041,1,Semiurban,24600.0,19.6,1190.0,Approved
APP101165,54,Male,Yes,0,Not Graduate,No,Business Owner,11.7,1640.0,0.0,10.0,36,526.0,1,0.355,1,Rural,39300.0,0.2,23150.0,Rejected
APP103500,41,Male,No,0,Graduate,Yes,Salaried,6.0,2470.0,1020.0,14.3,12,775.0,0,0.329,1,Urban,96500.0,8.2,26720.0,Approved
APP102050,40,Male,Yes,2,Not Graduate,No,Salaried,16.8,2330.0,0.0,10.0,36,697.0,1,0.201,1,Semiurban,29700.0,2.4,2220.0,Approved
APP102624,39,Female,No,0,Graduate,No,Self-Employed,0.9,1480.0,2240.0,20.1,12,708.0,0,0.402,1,Urban,19800.0,3.5,2300.0,Rejected
APP104422,32,Female,Yes,0,Graduate,No,Unemployed,0.0,5830.0,3570.0,20.7,120,658.0,0,0.102,1,Semiurban,22100.0,0.9,4160.0,Approved
APP100339,30,Male,No,0,Not Graduate,No,Salaried,2.9,3750.0,0.0,10.0,360,744.0,0,0.459,1,Urban,43700.0,5.7,2530.0,Rejected
APP103955,26,Female,Yes,0,Graduate,No,Self-Employed,2.8,3730.0,3390.0,32.3,12,854.0,0,0.083,1,Urban,36100.0,15.9,3280.0,Approved
APP103745,48,Female,No,1,Not Graduate,No,Business Owner,8.5,2480.0,1070.0,13.5,36,623.0,1,0.429,1,Urban,66900.0,6.9,1300.0,Rejected
APP102973,43,Female,No,0,Not Graduate,Yes,Unemployed,0.0,2050.0,0.0,11.4,84,640.0,0,0.196,1,Urban,118100.0,5.0,3110.0,Approved
APP100265,36,Male,Yes,3+,Graduate,Yes,Salaried,3.2,2370.0,0.0,10.0,180,643.0,3,0.125,1,Rural,21700.0,7.3,5980.0,Rejected
APP102424,33,Female,Yes,2,Not Graduate,No,Salaried,3.2,2050.0,0.0,10.0,36,613.0,2,0.223,1,Urban,28700.0,0.2,1540.0,Rejected
APP101262,30,Female,Yes,0,Graduate,Yes,Salaried,2.7,5060.0,3120.0,41.6,12,710.0,0,0.124,1,Semiurban,40200.0,3.8,1810.0,Approved
APP101771,31,Female,Yes,0,Not Graduate,No,Salaried,21.3,2440.0,0.0,11.9,36,695.0,0,0.093,0,Urban,99200.0,6.1,2060.0,Approved
APP103511,48,Male,Yes,1,Not Graduate,No,Unemployed,0.0,4030.0,3090.0,39.2,240,741.0,3,0.633,1,Urban,21800.0,22.8,5890.0,Rejected
APP100271,33,Female,No,1,Graduate,No,Business Owner,10.0,3380.0,0.0,18.8,36,620.0,0,0.156,1,Urban,24600.0,12.9,3090.0,Rejected
APP100696,55,Female,Yes,0,Not Graduate,Yes,Unemployed,0.0,3570.0,0.0,20.5,360,811.0,1,0.471,1,Rural,42300.0,0.8,2160.0,Rejected
APP100747,59,Female,No,0,Graduate,No,Salaried,0.8,4970.0,0.0,12.3,60,742.0,2,0.288,1,Rural,13800.0,3.5,2500.0,Approved
APP100244,37,Female,Yes,1,Graduate,No,Salaried,4.0,6450.0,0.0,25.6,12,676.0,1,0.156,1,Urban,45500.0,5.0,13670.0,Approved
APP100317,28,Male,Yes,1,Not Graduate,No,Self-Employed,2.0,6470.0,3960.0,17.6,180,612.0,2,0.304,1,Urban,20600.0,0.3,18630.0,Rejected
APP100476,21,Male,Yes,3+,Graduate,No,Salaried,14.9,3340.0,1190.0,21.1,60,472.0,2,0.274,0,Urban,30600.0,1.8,2760.0,Rejected
APP102032,32,Male,No,2,Graduate,No,Self-Employed,0.8,1620.0,0.0,10.0,180,452.0,1,0.124,1,Semiurban,36100.0,2.5,33870.0,Rejected
APP100957,52,Female,Yes,0,Graduate,Yes,Salaried,4.4,9880.0,1620.0,54.8,120,523.0,1,0.071,1,Semiurban,17800.0,2.7,1890.0,Rejected
APP102594,44,Female,Yes,0,Graduate,No,Self-Employed,2.9,7980.0,0.0,47.7,60,551.0,0,0.449,1,Rural,79900.0,12.8,5050.0,Rejected
APP100813,38,Female,No,0,Graduate,No,Self-Employed,5.8,3280.0,1790.0,28.6,180,763.0,0,0.286,1,Rural,30500.0,0.2,14380.0,Approved
APP104213,26,Male,Yes,0,Graduate,Yes,Salaried,5.2,5910.0,2520.0,45.2,84,590.0,0,0.351,1,Semiurban,46700.0,11.8,5810.0,Rejected
APP101914,23,Female,No,0,Graduate,No,Salaried,28.1,2720.0,4370.0,41.0,240,616.0,0,0.093,1,Rural,,13.4,4170.0,Approved
APP104648,48,Male,No,1,Graduate,,Salaried,1.4,3600.0,4150.0,33.6,120,,0,0.419,1,Urban,144900.0,7.3,1690.0,Approved
APP103487,52,Male,Yes,1,Not Graduate,Yes,Self-Employed,5.1,4530.0,2730.0,28.6,36,738.0,2,0.249,1,Semiurban,48000.0,4.5,9610.0,Approved
APP101297,21,Female,No,0,Graduate,No,Salaried,1.3,5950.0,2530.0,49.8,12,591.0,0,0.032,1,Semiurban,35300.0,1.5,1250.0,Approved
APP104624,43,Male,No,0,Graduate,No,Business Owner,2.6,4920.0,0.0,13.9,240,573.0,0,0.27,1,Urban,146200.0,0.6,9560.0,Approved
APP101804,28,Male,No,0,Not Graduate,No,Salaried,5.6,2840.0,0.0,10.0,36,629.0,0,0.128,1,Urban,27200.0,0.8,4450.0,Approved
APP100758,33,Female,No,0,Graduate,No,Self-Employed,8.6,6350.0,0.0,34.0,84,550.0,0,0.216,1,Urban,67900.0,2.5,10370.0,Approved
APP100250,34,Female,No,0,Not Graduate,No,Self-Employed,4.2,3040.0,0.0,17.2,36,708.0,1,0.498,1,Rural,96000.0,11.0,5990.0,Approved
APP102461,57,Male,Yes,1,Not Graduate,No,Salaried,1.4,3140.0,1300.0,21.3,240,587.0,0,0.129,1,Urban,11900.0,22.2,8810.0,Rejected
APP100545,55,Male,No,0,Graduate,No,Business Owner,18.9,4270.0,0.0,18.9,120,723.0,0,0.212,1,Semiurban,67200.0,15.6,15300.0,Approved
APP103241,45,Male,Yes,0,Graduate,No,Unemployed,0.0,14380.0,1490.0,64.4,120,666.0,2,0.258,1,Urban,,4.5,12090.0,Rejected
APP100738,39,Male,No,2,Graduate,No,Unemployed,0.0,2310.0,1370.0,10.0,240,809.0,3,0.565,1,Semiurban,17900.0,3.2,2260.0,Rejected
APP100310,25,Male,Yes,0,Graduate,No,Salaried,7.2,5780.0,1640.0,39.5,60,743.0,1,0.346,1,Rural,39700.0,12.2,6360.0,Approved
APP103853,44,Female,Yes,0,Graduate,No,Business Owner,3.9,2510.0,1600.0,11.1,84,674.0,1,0.263,1,Rural,31200.0,0.2,6270.0,Approved
APP102941,44,Male,Yes,0,Graduate,No,Salaried,10.4,7420.0,4260.0,36.2,60,677.0,0,0.166,1,Urban,31800.0,1.8,21530.0,Approved
APP101131,27,Female,Yes,0,Graduate,No,Salaried,5.3,5210.0,0.0,24.5,360,577.0,2,0.297,1,Rural,22800.0,10.6,7210.0,Rejected
APP101449,45,Male,Yes,0,Graduate,No,Salaried,1.1,4920.0,0.0,15.9,12,900.0,0,0.712,1,Rural,26200.0,13.0,1060.0,Approved
APP104969,48,Male,No,0,Not Graduate,No,Salaried,0.7,1650.0,0.0,,12,819.0,0,0.331,1,Semiurban,27800.0,8.6,1030.0,Approved
APP100015,50,Female,Yes,,Graduate,No,Self-Employed,0.2,14240.0,0.0,65.4,84,493.0,1,0.258,1,Semiurban,67900.0,1.2,10240.0,Rejected
APP103232,45,Female,No,3+,Graduate,No,Self-Employed,2.7,6760.0,1020.0,14.1,240,599.0,0,0.225,1,Urban,128500.0,3.1,580.0,Approved
APP102769,48,Male,Yes,1,Not Graduate,No,Self-Employed,2.5,4580.0,970.0,12.5,60,589.0,2,0.489,1,Urban,38300.0,0.2,68440.0,Rejected
APP103468,40,Female,Yes,2,Graduate,No,Salaried,3.1,2360.0,17570.0,53.0,180,507.0,5,0.198,1,Semiurban,75200.0,0.5,43050.0,Approved
APP100920,23,Male,Yes,1,Graduate,No,Self-Employed,14.8,6290.0,0.0,28.3,240,684.0,0,0.075,1,Semiurban,53200.0,5.4,8760.0,Approved
APP103029,49,Female,Yes,0,Graduate,No,Salaried,20.3,5930.0,2030.0,46.1,60,637.0,3,0.179,1,Rural,43800.0,1.3,3050.0,Approved
APP101372,21,Female,Yes,2,Graduate,No,Unemployed,0.0,6520.0,790.0,24.7,36,745.0,0,0.095,1,Semiurban,21200.0,1.5,3010.0,Rejected
APP103587,44,Male,No,1,Graduate,No,Self-Employed,0.1,6450.0,2230.0,38.2,12,589.0,2,0.213,1,Urban,66400.0,4.6,3650.0,Rejected
APP102544,26,Female,Yes,0,Graduate,No,Self-Employed,12.3,1280.0,0.0,10.0,36,761.0,2,0.252,1,Urban,28800.0,9.6,5300.0,Approved
APP103598,50,Male,Yes,,Not Graduate,No,Salaried,2.4,1890.0,2800.0,18.4,84,591.0,0,0.164,1,Semiurban,32500.0,2.2,12510.0,Rejected
APP100038,37,Male,Yes,0,Graduate,No,Salaried,18.5,4090.0,1410.0,29.5,12,655.0,1,0.375,1,Urban,19400.0,14.7,33100.0,Rejected
APP100363,40,Female,No,0,Graduate,No,Salaried,2.7,2390.0,3260.0,23.5,240,606.0,1,0.119,1,Semiurban,47900.0,5.8,2500.0,Approved
APP104700,37,Male,No,0,Not Graduate,Yes,Salaried,9.2,1830.0,3060.0,18.0,60,720.0,3,0.196,1,Rural,17300.0,0.9,11010.0,Approved
APP100182,45,Female,Yes,2,Graduate,Yes,Salaried,0.8,2290.0,3530.0,32.4,360,583.0,1,0.258,1,Urban,37500.0,1.0,6730.0,Approved
APP103033,26,Female,Yes,0,Graduate,No,Salaried,1.3,4070.0,0.0,21.8,360,644.0,1,0.06,1,Rural,50400.0,2.6,2050.0,Approved
APP102983,36,Female,Yes,1,Graduate,No,Self-Employed,9.6,5440.0,0.0,26.9,120,630.0,0,0.229,1,Rural,114300.0,2.3,2610.0,Approved
APP101194,27,Male,Yes,0,Not Graduate,Yes,Self-Employed,14.2,2530.0,4060.0,24.7,240,550.0,0,0.117,1,Semiurban,52400.0,7.3,11900.0,Approved
APP102852,45,Male,Yes,0,Not Graduate,No,Salaried,0.7,3690.0,1350.0,30.0,180,670.0,0,0.083,1,Semiurban,11000.0,3.9,2930.0,Rejected
APP103839,34,Male,Yes,0,Graduate,No,Salaried,4.1,7030.0,4230.0,65.7,36,660.0,0,0.341,1,Semiurban,39700.0,5.2,2910.0,Rejected
APP101121,43,Female,Yes,0,Graduate,,Salaried,11.1,7030.0,4110.0,58.6,12,644.0,1,0.041,1,Urban,28900.0,9.5,2060.0,Approved
APP102235,42,Male,No,0,Not Graduate,No,Business Owner,19.4,2510.0,0.0,10.0,60,665.0,0,0.213,1,Semiurban,34600.0,2.1,1800.0,Approved
APP102667,30,Male,No,2,Graduate,No,Salaried,6.1,5480.0,0.0,10.0,36,744.0,1,0.298,1,Rural,72000.0,2.5,6720.0,Approved
APP101191,37,Male,Yes,1,Graduate,Yes,Unemployed,0.0,2000.0,2020.0,10.0,12,700.0,0,0.373,1,Rural,23100.0,3.8,2380.0,Rejected
APP103223,33,Female,Yes,2,Not Graduate,No,Salaried,5.4,2700.0,0.0,10.0,180,882.0,0,0.173,1,Semiurban,,9.9,8060.0,Approved
APP101182,40,Male,Yes,2,Graduate,No,Salaried,8.8,8040.0,1170.0,54.6,120,565.0,0,0.102,1,Semiurban,34700.0,5.8,6510.0,Rejected
APP104226,53,Male,Yes,0,Graduate,,Business Owner,5.1,7790.0,5720.0,67.7,240,681.0,1,0.141,1,Urban,56100.0,1.9,6850.0,Approved
APP104337,50,Female,No,1,Graduate,No,Salaried,3.0,4710.0,0.0,11.0,120,566.0,2,0.574,1,Semiurban,30900.0,6.3,8160.0,Rejected
APP100614,36,Female,Yes,,Graduate,No,Salaried,10.5,7160.0,0.0,33.2,60,732.0,0,0.097,1,Rural,,10.5,2610.0,Approved
APP104958,37,Male,No,1,Graduate,No,Salaried,4.8,7190.0,1170.0,15.6,36,612.0,1,0.244,1,Urban,33900.0,8.0,17290.0,Rejected
APP101466,36,Female,Yes,2,Graduate,No,Salaried,11.1,6570.0,2140.0,18.6,180,622.0,1,0.349,0,Semiurban,43400.0,0.1,9250.0,Rejected
APP100401,46,Male,Yes,1,Not Graduate,No,Salaried,1.8,1860.0,1500.0,,240,599.0,2,0.705,1,Rural,33900.0,13.0,9740.0,Rejected
APP103042,37,Male,Yes,0,Not Graduate,No,Business Owner,7.3,3370.0,3230.0,20.2,120,768.0,0,0.161,1,Semiurban,16500.0,19.3,2720.0,Approved
APP100934,26,Male,Yes,0,Not Graduate,No,Business Owner,6.3,3830.0,780.0,12.9,60,601.0,0,0.393,1,Rural,16600.0,2.5,490.0,Rejected
APP102419,56,Male,Yes,0,Not Graduate,Yes,Business Owner,4.0,7640.0,0.0,27.9,120,517.0,1,0.401,0,Urban,59600.0,2.6,2640.0,Rejected
APP104179,29,Male,Yes,1,Not Graduate,Yes,Salaried,3.0,1480.0,0.0,10.0,36,591.0,1,0.471,0,Semiurban,34800.0,10.0,4800.0,Rejected
APP104559,38,Male,Yes,0,Not Graduate,No,Self-Employed,4.5,3120.0,2070.0,11.1,360,604.0,0,0.019,1,Rural,30000.0,0.9,8590.0,Approved
APP102641,66,Female,Yes,0,Not Graduate,No,Self-Employed,0.4,1570.0,9470.0,39.0,12,599.0,1,0.257,0,Rural,119900.0,4.2,2500.0,Approved
APP104096,38,Male,No,2,Graduate,No,Unemployed,0.0,8850.0,1590.0,28.3,36,792.0,0,0.139,1,Urban,30900.0,3.4,7140.0,Approved
APP100726,43,Male,No,0,Graduate,No,Self-Employed,1.0,4180.0,0.0,10.0,360,690.0,2,0.311,1,Urban,52600.0,9.4,10120.0,Approved
APP100826,21,Male,No,2,Graduate,,Salaried,5.3,4170.0,0.0,16.8,60,608.0,0,0.257,1,Urban,53600.0,2.5,2820.0,Rejected
APP101521,33,Male,Yes,3+,Graduate,No,Business Owner,28.7,2670.0,5120.0,22.1,12,606.0,0,0.243,1,Semiurban,30900.0,31.9,20790.0,Approved
APP104793,33,Male,No,2,Not Graduate,Yes,Salaried,25.5,2940.0,0.0,,240,,2,0.102,1,Semiurban,43800.0,3.7,2360.0,Approved
APP102930,39,Male,Yes,0,Graduate,No,Salaried,3.7,1660.0,2020.0,16.8,360,735.0,0,0.355,1,Semiurban,101800.0,2.7,1550.0,Approved
APP100136,35,Male,No,0,Not Graduate,,Business Owner,4.1,2610.0,600.0,10.0,360,725.0,1,0.143,1,Semiurban,,8.4,5030.0,Approved
APP103590,48,Male,Yes,1,Not Graduate,No,Salaried,20.0,1980.0,0.0,10.0,60,595.0,0,0.256,1,Semiurban,9700.0,1.9,29490.0,Rejected
APP100628,53,Female,No,1,Graduate,Yes,Salaried,0.6,3330.0,0.0,10.0,60,638.0,0,0.177,1,Urban,55400.0,0.1,9840.0,Approved
APP100334,51,Male,Yes,0,Graduate,No,Self-Employed,13.6,6260.0,1450.0,41.8,36,746.0,0,0.21,1,Rural,21100.0,0.6,19440.0,Approved
APP100390,23,Male,No,0,Not Graduate,No,Unemployed,0.0,3090.0,0.0,,60,656.0,0,0.343,1,Semiurban,48200.0,2.3,36770.0,Rejected
APP104431,42,Female,No,0,Not Graduate,,Business Owner,8.6,5170.0,2950.0,38.9,12,776.0,0,0.416,0,Semiurban,34700.0,2.9,1920.0,Rejected
APP104925,62,Female,No,2,Graduate,No,Salaried,4.2,4500.0,0.0,10.0,240,641.0,1,0.462,1,Semiurban,19900.0,1.6,2110.0,Rejected
APP103906,45,Male,Yes,2,Not Graduate,No,Salaried,2.2,4010.0,0.0,13.5,120,476.0,0,0.167,1,Urban,21900.0,9.4,7100.0,Rejected
APP101817,21,Male,Yes,2,Graduate,No,Salaried,2.1,4020.0,760.0,21.4,60,622.0,0,0.568,1,Urban,128200.0,1.5,5090.0,Approved
APP100400,43,Male,No,0,Graduate,No,Salaried,0.5,3970.0,0.0,10.0,240,562.0,0,0.078,0,Semiurban,43700.0,11.5,10340.0,Rejected
APP100710,44,Female,No,2,Not Graduate,No,Salaried,2.2,2320.0,0.0,10.0,36,486.0,0,0.359,1,Rural,36600.0,3.9,16270.0,Rejected
APP101039,21,Male,No,0,Graduate,No,Salaried,28.6,2040.0,3680.0,16.0,36,800.0,1,0.502,1,Rural,65700.0,6.5,8610.0,Approved
APP104068,30,Female,Yes,0,Not Graduate,No,Salaried,2.8,5540.0,1840.0,18.7,36,815.0,0,0.313,1,Rural,,21.9,4060.0,Approved
APP103359,70,Male,Yes,0,Not Graduate,Yes,Salaried,6.0,3490.0,4900.0,41.8,120,548.0,0,0.207,1,Rural,30800.0,4.8,2070.0,Rejected
APP100046,21,Male,Yes,2,Graduate,No,Business Owner,0.7,2360.0,2950.0,11.0,360,704.0,2,0.286,1,Urban,46100.0,1.6,12980.0,Approved
APP101561,37,Male,Yes,2,Graduate,No,Salaried,0.4,3860.0,0.0,10.0,60,628.0,0,0.427,1,Urban,6600.0,2.4,9260.0,Rejected
APP104848,55,Female,Yes,3+,Graduate,No,Salaried,5.6,3280.0,0.0,11.5,60,628.0,1,0.478,1,Urban,39300.0,0.1,5260.0,Rejected
APP103642,52,Female,Yes,3+,Not Graduate,Yes,Salaried,6.0,3040.0,2370.0,12.1,12,836.0,1,0.595,1,Rural,16100.0,2.0,12850.0,Approved
APP103726,50,Female,Yes,1,Not Graduate,,Business Owner,0.2,2410.0,0.0,14.2,84,657.0,2,0.729,1,Urban,63500.0,3.8,1930.0,Rejected
APP104892,34,Female,Yes,1,Graduate,Yes,Self-Employed,1.9,4990.0,0.0,21.0,12,597.0,0,0.126,1,Semiurban,93700.0,3.1,3720.0,Approved
APP101112,35,Female,Yes,0,Graduate,No,Salaried,6.2,4630.0,0.0,27.0,12,648.0,0,0.029,1,Rural,,6.7,14880.0,Approved
APP102513,38,Male,No,2,Graduate,No,Salaried,4.8,4150.0,1550.0,28.5,36,662.0,1,0.708,1,Semiurban,52400.0,2.9,8420.0,Rejected
APP103608,37,Female,Yes,1,Graduate,No,Unemployed,0.0,5570.0,2570.0,45.4,120,627.0,1,0.068,1,Semiurban,27600.0,10.3,1360.0,Rejected
APP101223,41,Female,Yes,3+,Not Graduate,,Salaried,0.4,3240.0,0.0,,12,833.0,1,0.493,1,Urban,13800.0,0.2,2010.0,Rejected
APP104906,37,Female,No,0,Not Graduate,No,Unemployed,0.0,10620.0,0.0,54.7,36,767.0,1,0.098,1,Rural,22100.0,4.4,3620.0,Rejected
APP103023,21,Female,Yes,1,Graduate,No,Self-Employed,1.8,6340.0,3050.0,51.4,12,699.0,0,0.3,1,Urban,40600.0,13.2,5430.0,Approved
APP102421,44,Female,Yes,0,Graduate,No,Salaried,3.9,6150.0,1940.0,15.6,12,512.0,1,0.139,1,Semiurban,55300.0,1.2,42110.0,Approved
APP101508,26,Male,No,2,Graduate,No,Business Owner,8.2,2490.0,3970.0,30.1,12,587.0,0,0.034,1,Semiurban,121200.0,7.3,880.0,Approved
APP101750,22,Male,No,3+,Not Graduate,Yes,Salaried,17.1,3950.0,0.0,13.5,12,646.0,0,0.177,1,Rural,12800.0,2.9,430.0,Approved
APP104886,35,Male,Yes,1,Graduate,No,Salaried,2.9,6300.0,760.0,35.8,360,796.0,0,0.15,1,Urban,48500.0,1.7,20240.0,Approved
APP104137,45,Female,No,2,Not Graduate,No,Unemployed,0.0,2600.0,2840.0,11.4,360,584.0,2,0.334,1,Rural,39600.0,4.7,770.0,Rejected
APP101799,42,Male,Yes,0,Not Graduate,Yes,Salaried,2.3,1720.0,0.0,10.0,360,688.0,1,0.32,1,Rural,16700.0,3.4,1870.0,Rejected
APP100338,47,Female,Yes,1,Graduate,No,Unemployed,0.0,5140.0,0.0,13.3,60,679.0,2,0.164,1,Rural,59700.0,1.8,2350.0,Rejected
APP100215,29,Male,Yes,0,Not Graduate,No,Self-Employed,1.4,3920.0,0.0,11.6,60,657.0,1,0.095,1,Urban,31500.0,1.4,2610.0,Rejected
APP103663,55,Female,Yes,0,Not Graduate,No,Business Owner,3.1,3280.0,880.0,15.9,180,621.0,1,0.056,1,Urban,19400.0,0.8,4900.0,Approved
APP101341,36,Female,Yes,0,Not Graduate,No,Salaried,3.1,3030.0,0.0,,84,623.0,2,0.212,1,Rural,66600.0,1.8,10140.0,Rejected
APP100011,21,Male,Yes,2,Not Graduate,No,Salaried,2.5,5330.0,0.0,13.6,60,589.0,0,0.399,1,Urban,38000.0,7.2,8270.0,Rejected
APP101520,40,Female,Yes,2,Graduate,No,Salaried,2.6,4100.0,0.0,19.7,120,505.0,1,0.372,1,Semiurban,63400.0,11.3,1140.0,Rejected
APP103640,31,Male,Yes,0,Graduate,No,Unemployed,0.0,4130.0,0.0,24.0,180,631.0,0,0.369,1,Semiurban,21600.0,3.8,3240.0,Rejected
APP104743,52,Male,Yes,0,Graduate,No,Business Owner,2.0,2560.0,2240.0,10.5,180,530.0,0,0.315,1,Rural,196400.0,21.5,17630.0,Approved
APP103848,37,Female,No,0,Graduate,No,Salaried,8.5,4390.0,0.0,11.4,360,669.0,1,0.349,1,Rural,85700.0,1.0,1420.0,Approved
APP103004,35,Female,Yes,0,Graduate,No,Salaried,3.9,7870.0,2610.0,39.3,60,733.0,0,0.243,1,Rural,135800.0,27.6,880.0,Approved
APP102864,36,Female,Yes,0,Graduate,No,Self-Employed,0.1,19000.0,1510.0,,60,438.0,0,0.29,1,Urban,94600.0,25.0,16820.0,Rejected
APP103115,33,Male,No,3+,Not Graduate,No,Self-Employed,5.4,3710.0,3260.0,18.5,84,589.0,0,0.257,1,Urban,23900.0,16.1,46120.0,Rejected
APP104889,39,Male,Yes,0,Not Graduate,No,Salaried,1.8,3100.0,0.0,17.4,240,661.0,1,0.28,1,Rural,87300.0,5.0,540.0,Approved
APP102322,44,Female,Yes,2,Graduate,No,Salaried,1.6,5470.0,1690.0,18.6,360,,0,0.133,1,Semiurban,60000.0,0.5,2040.0,Approved
APP102571,40,Male,No,0,Graduate,No,Salaried,2.6,7070.0,0.0,42.0,120,829.0,2,0.38,1,Urban,78500.0,14.9,20700.0,Approved
APP102913,21,Female,No,3+,Not Graduate,No,Salaried,8.3,4330.0,0.0,10.0,240,621.0,0,0.301,1,Semiurban,5700.0,6.1,17130.0,Rejected
APP100101,39,Male,No,,Not Graduate,No,Business Owner,0.4,3870.0,0.0,16.2,36,748.0,0,0.175,1,Semiurban,24800.0,4.6,1770.0,Approved
APP103549,37,Female,Yes,0,Not Graduate,,Business Owner,0.1,6080.0,0.0,27.6,240,456.0,1,0.173,0,Rural,36400.0,20.4,15730.0,Rejected
APP101458,34,Female,No,1,Not Graduate,No,Salaried,1.8,3050.0,1030.0,19.5,84,611.0,3,0.413,1,Urban,128700.0,4.5,3730.0,Approved
APP100171,25,Female,Yes,3+,Graduate,No,Salaried,11.5,4610.0,2780.0,26.2,12,496.0,0,0.24,1,Semiurban,,7.0,1950.0,Rejected
APP100107,54,Male,No,1,Graduate,,Salaried,15.0,3470.0,7750.0,,360,699.0,2,0.147,1,Rural,22300.0,7.2,7260.0,Rejected
APP104239,33,Female,Yes,0,Not Graduate,No,Self-Employed,5.5,3710.0,0.0,15.5,360,651.0,0,0.156,1,Semiurban,35800.0,1.8,10820.0,Approved
APP103569,21,Male,No,0,Graduate,No,Salaried,2.4,5840.0,1080.0,17.2,36,811.0,1,0.165,1,Rural,17400.0,2.6,1810.0,Approved
APP100166,29,Male,No,0,Not Graduate,No,Unemployed,0.0,2900.0,0.0,10.0,180,558.0,1,0.101,1,Rural,218400.0,14.5,6230.0,Approved
APP104339,30,Female,Yes,0,Not Graduate,No,Salaried,12.1,3890.0,0.0,16.3,180,823.0,0,0.236,1,Urban,59500.0,9.8,5930.0,Approved
APP100024,39,Female,Yes,2,Not Graduate,No,Salaried,12.5,3610.0,0.0,19.9,84,579.0,1,0.122,1,Semiurban,25900.0,7.7,18860.0,Approved
APP103936,32,Male,No,1,Graduate,No,Self-Employed,2.6,4660.0,0.0,10.0,36,699.0,1,0.378,1,Urban,29100.0,0.3,1350.0,Approved
APP104396,37,Male,No,0,Graduate,No,Salaried,1.5,3840.0,1080.0,10.0,360,566.0,0,0.031,1,Rural,35600.0,1.1,1720.0,Approved
APP100938,50,Female,Yes,1,Not Graduate,No,Self-Employed,10.3,5110.0,2630.0,,240,802.0,0,0.219,1,Rural,16900.0,9.5,3870.0,Approved
APP100060,33,Male,No,2,Not Graduate,Yes,Self-Employed,3.8,1900.0,0.0,10.9,120,765.0,2,0.409,0,Rural,19800.0,3.4,970.0,Rejected
APP101240,38,Male,No,0,Not Graduate,No,Salaried,7.4,1200.0,0.0,10.0,84,647.0,0,0.151,1,Semiurban,29500.0,4.3,3560.0,Approved
APP104684,33,Male,Yes,0,Not Graduate,Yes,Business Owner,4.8,2010.0,0.0,10.4,36,603.0,0,0.513,1,Semiurban,40500.0,1.1,3830.0,Rejected
APP101040,37,Female,No,0,Graduate,No,Salaried,3.2,2340.0,1660.0,20.1,12,596.0,0,0.493,1,Urban,10000.0,7.7,10730.0,Rejected
APP104229,31,Male,Yes,1,Graduate,No,Salaried,3.6,3360.0,0.0,,12,542.0,1,0.335,1,Semiurban,55900.0,4.9,3020.0,Rejected
APP102760,34,Female,No,1,Not Graduate,No,Business Owner,0.7,3600.0,0.0,21.1,60,653.0,1,0.333,1,Urban,67300.0,3.5,1720.0,Rejected
APP102120,37,Male,Yes,1,Graduate,No,Self-Employed,4.4,20580.0,4810.0,151.9,240,660.0,2,0.3,1,Urban,35000.0,3.0,5000.0,Rejected
APP101524,53,Male,No,2,Not Graduate,No,Self-Employed,0.5,5310.0,0.0,29.4,60,569.0,0,0.097,1,Urban,38700.0,0.9,20420.0,Rejected
APP103521,43,Male,No,1,Not Graduate,No,Salaried,6.1,5120.0,1150.0,10.8,84,601.0,1,0.38,1,Urban,14400.0,0.2,3180.0,Rejected
APP100153,42,Male,Yes,2,Graduate,No,Self-Employed,6.2,3120.0,0.0,10.4,36,544.0,0,0.384,1,Urban,28600.0,10.8,1990.0,Rejected
APP102248,28,Male,Yes,3+,Graduate,No,Unemployed,0.0,3800.0,0.0,10.7,240,845.0,2,0.176,1,Urban,22300.0,1.8,27020.0,Approved
APP100481,38,Male,Yes,0,Graduate,Yes,Business Owner,8.8,8100.0,770.0,42.9,360,644.0,1,0.203,1,Urban,10800.0,6.3,10130.0,Rejected
APP104763,46,Female,Yes,2,Graduate,No,Salaried,1.2,4050.0,0.0,17.5,240,620.0,0,0.331,1,Urban,18700.0,2.4,10990.0,Rejected
APP104349,40,Female,No,0,Not Graduate,Yes,Salaried,1.7,6190.0,0.0,30.3,36,499.0,1,0.19,1,Urban,37600.0,31.3,9950.0,Rejected
APP103578,55,Female,No,0,Not Graduate,No,Unemployed,0.0,6770.0,6210.0,24.6,60,876.0,1,0.326,1,Semiurban,9700.0,5.5,2400.0,Approved
APP104167,54,Male,No,1,Graduate,Yes,Salaried,0.7,3190.0,0.0,10.0,36,883.0,0,0.195,1,Rural,59900.0,7.3,7510.0,Approved
APP103562,49,Male,No,0,Not Graduate,No,Salaried,8.3,4350.0,0.0,18.4,12,594.0,1,0.185,1,Semiurban,19900.0,2.8,14670.0,Rejected
APP103315,25,Female,Yes,0,Graduate,No,Business Owner,5.2,6600.0,0.0,32.8,60,690.0,1,0.452,1,Urban,46500.0,10.0,3770.0,Rejected
APP101762,36,Male,Yes,0,Graduate,No,Salaried,7.8,6200.0,3790.0,,84,664.0,0,0.285,1,Rural,31600.0,0.9,2990.0,Approved
APP103538,21,Female,Yes,2,Graduate,,Unemployed,0.0,3640.0,1760.0,12.2,36,587.0,0,0.086,1,Urban,53000.0,0.8,12170.0,Rejected
APP104852,38,Male,No,0,Not Graduate,No,Salaried,5.9,2250.0,0.0,10.0,360,855.0,0,0.067,1,Urban,41400.0,3.7,5310.0,Approved
APP100750,24,Male,Yes,0,Graduate,Yes,Business Owner,7.5,1720.0,2360.0,10.0,84,702.0,2,0.417,1,Urban,36800.0,0.7,2530.0,Rejected
APP103619,24,Female,No,1,Not Graduate,No,Salaried,4.0,1900.0,0.0,10.0,60,709.0,0,0.168,1,Urban,17400.0,1.4,6760.0,Rejected
APP101785,40,Male,Yes,2,Not Graduate,No,Salaried,0.3,2100.0,0.0,10.7,120,856.0,0,0.109,1,Semiurban,16900.0,0.9,4730.0,Approved
APP104314,34,Male,No,1,Graduate,Yes,Salaried,10.7,2990.0,3950.0,37.4,120,748.0,1,0.203,1,Rural,41100.0,9.5,3840.0,Approved
APP103383,43,Female,Yes,0,Graduate,No,Unemployed,0.0,3100.0,1110.0,16.4,180,633.0,1,0.377,1,Semiurban,26100.0,10.4,28740.0,Rejected
APP104180,41,Male,Yes,3+,Not Graduate,No,Business Owner,2.6,4220.0,2640.0,32.3,120,766.0,0,0.198,1,Urban,28900.0,12.4,3620.0,Approved
APP100405,37,Female,Yes,3+,Not Graduate,No,Business Owner,1.5,5900.0,0.0,16.7,60,697.0,0,0.012,1,Semiurban,120100.0,22.2,8670.0,Approved
APP100757,27,Male,Yes,1,Not Graduate,No,Salaried,12.8,2510.0,0.0,11.5,12,666.0,0,0.566,1,Rural,34400.0,7.4,6720.0,Rejected
APP102711,24,Male,Yes,3+,Graduate,No,Unemployed,0.0,3030.0,5250.0,32.1,240,698.0,1,0.309,1,Urban,95800.0,5.7,5860.0,Rejected
APP102670,37,Male,Yes,0,Graduate,No,Self-Employed,4.0,1200.0,0.0,10.0,60,616.0,0,0.038,1,Semiurban,56600.0,3.0,6990.0,Rejected
APP104841,31,Female,Yes,0,Graduate,No,Salaried,6.2,4880.0,0.0,15.1,240,635.0,1,0.305,1,Semiurban,29100.0,8.4,5160.0,Approved
APP100097,70,Female,No,0,Graduate,No,Business Owner,1.3,13460.0,0.0,26.5,36,523.0,1,0.368,1,Semiurban,64200.0,3.2,17830.0,Rejected
APP101333,40,Female,Yes,3+,Not Graduate,No,Self-Employed,7.0,5720.0,1390.0,32.2,36,696.0,0,0.137,1,Rural,7900.0,0.3,2440.0,Rejected
APP104796,33,Female,Yes,0,Graduate,Yes,Salaried,6.4,1930.0,0.0,10.0,60,739.0,0,0.324,1,Semiurban,18200.0,1.0,3420.0,Rejected
APP102791,26,Male,Yes,2,Graduate,No,Business Owner,8.4,7270.0,0.0,16.2,360,678.0,2,0.208,0,Semiurban,13200.0,3.2,3230.0,Rejected
APP102854,50,Female,No,0,Not Graduate,No,Salaried,4.3,4330.0,0.0,24.2,360,404.0,0,0.558,1,Semiurban,38300.0,10.3,37020.0,Rejected
APP100186,41,Male,Yes,0,Graduate,Yes,Salaried,1.3,3240.0,0.0,15.3,60,707.0,1,0.382,1,Urban,38900.0,3.4,5310.0,Approved
APP104082,45,Female,Yes,0,Not Graduate,Yes,Salaried,7.7,3360.0,0.0,10.1,60,597.0,2,0.181,1,Urban,29000.0,1.8,12820.0,Approved
APP102723,45,Male,No,0,Graduate,No,Salaried,2.1,5980.0,3360.0,21.0,60,,1,0.32,1,Urban,11900.0,11.1,3650.0,Rejected
APP103583,42,Female,Yes,0,Not Graduate,Yes,Salaried,0.2,11980.0,3740.0,46.5,60,766.0,1,0.247,1,Semiurban,91400.0,5.1,16010.0,Approved
APP102058,30,Male,Yes,1,Graduate,No,Salaried,10.0,4490.0,1360.0,20.3,360,724.0,0,0.149,1,Rural,50400.0,0.1,980.0,Approved
APP101319,41,Male,Yes,3+,Not Graduate,No,Self-Employed,3.3,4100.0,1800.0,24.3,180,499.0,0,0.313,1,Urban,20000.0,8.1,1370.0,Rejected
APP104241,45,Female,Yes,0,Not Graduate,No,Salaried,0.9,1200.0,0.0,,84,666.0,1,0.278,1,Rural,19900.0,2.5,620.0,Rejected
APP100148,49,Male,Yes,0,Graduate,No,Salaried,5.0,5890.0,0.0,30.6,180,628.0,1,0.331,1,Rural,37100.0,1.4,4020.0,Approved
APP100028,21,Female,No,1,Graduate,No,Self-Employed,5.6,3770.0,1440.0,13.5,240,675.0,1,0.101,1,Urban,35300.0,7.9,11960.0,Approved
APP104182,21,Male,Yes,0,Not Graduate,No,Unemployed,0.0,2960.0,2830.0,10.0,36,564.0,1,0.195,1,Urban,47100.0,0.2,4290.0,Rejected
APP104088,49,Male,Yes,0,Graduate,No,Salaried,8.7,1820.0,0.0,10.3,60,607.0,0,0.665,1,Semiurban,16500.0,0.8,1360.0,Rejected
APP103363,42,Male,No,3+,Graduate,No,Salaried,9.3,3690.0,1000.0,10.0,360,507.0,2,0.166,1,Urban,74500.0,3.6,4990.0,Rejected
APP100692,31,Male,Yes,0,Graduate,No,Business Owner,14.9,2810.0,890.0,16.9,84,584.0,4,0.316,1,Semiurban,26500.0,6.5,21040.0,Rejected
APP102866,40,Male,Yes,1,Graduate,,Salaried,3.3,2350.0,0.0,10.0,60,727.0,1,0.111,1,Semiurban,36600.0,1.8,13630.0,Approved
APP103776,32,Male,Yes,0,Not Graduate,No,Unemployed,0.0,4000.0,1720.0,26.3,36,633.0,0,0.11,1,Semiurban,27200.0,1.7,2930.0,Rejected
APP101386,38,Male,Yes,2,Not Graduate,,Self-Employed,0.9,6330.0,0.0,19.0,180,552.0,0,0.23,1,Semiurban,32000.0,1.7,6600.0,Rejected
APP101845,33,Male,Yes,2,Not Graduate,Yes,Salaried,1.3,2690.0,0.0,15.1,12,,2,0.221,1,Semiurban,47400.0,1.7,4840.0,Rejected
APP104902,39,Female,Yes,0,Graduate,No,Unemployed,0.0,3530.0,950.0,25.2,60,572.0,3,0.523,1,Urban,57400.0,0.5,6810.0,Rejected
APP100129,44,Male,Yes,0,Graduate,No,Self-Employed,1.1,4060.0,0.0,14.3,60,671.0,0,0.359,1,Semiurban,11300.0,14.7,14680.0,Rejected
APP101599,53,Female,Yes,2,Graduate,No,Salaried,16.5,7730.0,1590.0,23.6,360,795.0,0,0.328,1,Rural,31700.0,4.5,3100.0,Approved
APP103629,45,Female,Yes,,Graduate,No,Salaried,3.2,4910.0,4730.0,,84,658.0,0,0.295,1,Semiurban,57200.0,1.1,1470.0,Rejected
APP104661,43,Female,Yes,1,Not Graduate,No,Salaried,11.8,4470.0,0.0,19.7,360,633.0,1,0.141,1,Semiurban,33700.0,1.8,1860.0,Approved
APP100701,56,Female,Yes,3+,Graduate,Yes,Self-Employed,5.1,6180.0,0.0,25.8,180,,0,0.23,1,Urban,87700.0,6.0,880.0,Approved
APP104060,47,Male,Yes,0,Not Graduate,,Self-Employed,6.8,2300.0,0.0,10.0,240,656.0,3,0.599,1,Rural,16100.0,3.3,2960.0,Rejected
APP103028,32,Male,Yes,1,Graduate,No,Salaried,1.7,2910.0,3320.0,17.6,240,541.0,1,0.222,1,Semiurban,30700.0,1.8,1410.0,Rejected
APP102969,41,Male,Yes,0,Graduate,Yes,Salaried,0.6,2630.0,2930.0,30.8,12,715.0,1,0.302,1,Urban,25000.0,0.8,12830.0,Approved
APP104400,43,Female,Yes,3+,Not Graduate,,Business Owner,4.3,3990.0,2330.0,29.4,240,784.0,1,0.594,1,Urban,55900.0,6.1,17010.0,Rejected
APP101708,39,Female,Yes,0,Not Graduate,No,Self-Employed,3.2,4910.0,15580.0,,180,591.0,0,0.319,1,Rural,,1.3,3610.0,Rejected
APP102953,34,Male,Yes,2,Not Graduate,Yes,Salaried,1.2,2840.0,1140.0,12.8,12,632.0,0,0.488,1,Semiurban,48200.0,1.7,47960.0,Rejected
APP100454,21,Male,Yes,0,Graduate,No,Self-Employed,1.7,2660.0,0.0,14.1,12,544.0,2,0.257,1,Urban,45200.0,7.4,800.0,Rejected
APP102868,29,Female,Yes,1,Not Graduate,No,Salaried,1.8,3660.0,0.0,20.2,60,488.0,0,0.307,1,Rural,12300.0,12.0,12240.0,Rejected
APP102040,22,Male,Yes,0,Graduate,No,Salaried,6.9,6660.0,1000.0,21.4,84,687.0,2,0.121,0,Rural,27500.0,10.2,11000.0,Approved
APP101772,29,Female,Yes,0,Not Graduate,No,Salaried,1.4,6480.0,1670.0,15.1,120,582.0,0,0.238,1,Urban,38400.0,0.8,5610.0,Approved
APP102315,40,Female,Yes,0,Graduate,Yes,Self-Employed,16.3,7680.0,0.0,44.5,120,618.0,1,0.426,1,Urban,21700.0,2.9,2990.0,Rejected
APP100609,21,Male,No,3+,Graduate,No,Salaried,9.1,6550.0,0.0,,360,641.0,0,0.45,0,Semiurban,93300.0,6.7,4590.0,Approved
APP100167,21,Female,No,0,Not Graduate,No,Salaried,3.2,6440.0,1520.0,46.0,120,641.0,2,0.534,0,Semiurban,38800.0,0.1,68580.0,Rejected
APP100730,44,Male,Yes,2,Graduate,No,Salaried,27.3,10390.0,0.0,61.2,120,692.0,1,0.176,1,Semiurban,,4.5,350.0,Approved
APP104292,61,Male,Yes,0,Graduate,No,Self-Employed,5.5,4670.0,2010.0,20.6,240,648.0,0,0.117,1,Rural,49000.0,1.7,6040.0,Approved
APP103358,34,Male,Yes,0,Not Graduate,No,Self-Employed,12.7,4870.0,2640.0,33.0,36,627.0,1,0.267,1,Semiurban,48500.0,1.7,1090.0,Approved
APP103896,25,Female,Yes,3+,Graduate,No,Business Owner,0.2,3250.0,880.0,10.0,180,623.0,0,0.22,1,Semiurban,50100.0,8.2,4970.0,Rejected
APP102074,38,Male,Yes,1,Graduate,No,Business Owner,0.8,4970.0,0.0,12.8,84,669.0,0,0.414,1,Rural,141100.0,3.9,1950.0,Approved
APP104111,34,Male,Yes,0,Not Graduate,No,Salaried,1.4,2990.0,0.0,10.0,240,723.0,2,0.218,1,Semiurban,71600.0,10.3,4360.0,Approved
APP103700,24,Male,No,0,Not Graduate,No,Salaried,6.2,1810.0,2460.0,14.3,12,742.0,1,0.234,1,Urban,31100.0,7.9,3170.0,Rejected
APP101622,48,Female,Yes,0,Not Graduate,Yes,Salaried,2.8,2180.0,0.0,10.0,36,618.0,1,0.423,0,Rural,11000.0,6.7,3000.0,Rejected
APP100587,42,Male,No,1,Graduate,No,Self-Employed,6.4,2940.0,0.0,10.9,120,702.0,2,0.167,1,Rural,54100.0,7.7,6570.0,Rejected
APP101401,33,Male,Yes,1,Graduate,No,Salaried,0.2,5590.0,1680.0,25.5,36,626.0,0,0.219,0,Rural,60400.0,2.3,14540.0,Approved
APP103045,31,Male,No,3+,Not Graduate,No,Self-Employed,2.2,5090.0,0.0,22.4,180,572.0,0,0.5,0,Semiurban,115800.0,0.9,7730.0,Rejected
APP103224,43,Male,Yes,0,Graduate,No,Salaried,0.2,4560.0,1580.0,29.1,12,561.0,1,0.464,1,Urban,33200.0,2.1,4190.0,Rejected
APP101700,40,Male,Yes,0,Not Graduate,No,Unemployed,0.0,2130.0,0.0,10.7,84,719.0,1,0.136,1,Urban,22900.0,5.0,5150.0,Rejected
APP103088,26,Male,No,2,Graduate,No,Salaried,11.5,4370.0,800.0,15.4,12,735.0,2,0.18,1,Semiurban,29900.0,13.6,19030.0,Approved
APP104434,37,Female,Yes,0,Graduate,No,Self-Employed,5.1,4840.0,940.0,13.6,180,618.0,0,0.463,1,Semiurban,49400.0,0.6,5940.0,Approved
APP102981,25,Male,Yes,1,Graduate,No,Salaried,9.8,8320.0,680.0,27.8,12,571.0,1,0.227,1,Semiurban,49900.0,11.0,17270.0,Approved
APP100040,31,Male,Yes,2,Graduate,No,Salaried,6.0,5470.0,1980.0,19.1,120,601.0,1,0.325,1,Urban,119800.0,2.7,16120.0,Approved
APP101379,44,Male,Yes,3+,Graduate,No,Salaried,1.1,3320.0,2170.0,10.0,120,791.0,1,0.227,0,Rural,50900.0,5.1,40960.0,Approved
APP102089,25,Female,Yes,,Graduate,No,Unemployed,0.0,3570.0,1980.0,10.0,360,692.0,3,0.532,1,Semiurban,47600.0,2.7,1740.0,Rejected
APP103924,33,Male,No,0,Graduate,No,Salaried,1.5,2320.0,0.0,11.8,360,683.0,1,0.317,1,Urban,,0.6,4630.0,Rejected
APP102175,40,Male,Yes,0,Graduate,Yes,Self-Employed,3.4,1620.0,2970.0,15.0,12,900.0,1,0.483,1,Urban,13900.0,2.5,16760.0,Rejected
APP103217,31,Male,Yes,2,Graduate,No,Salaried,0.7,5820.0,1560.0,23.2,180,798.0,0,0.576,1,Urban,26400.0,0.9,1610.0,Approved
APP102885,21,Male,No,0,Graduate,No,Salaried,0.3,4740.0,1600.0,21.5,360,674.0,1,0.237,0,Semiurban,81800.0,9.7,1290.0,Approved
APP100074,21,Male,Yes,0,Graduate,No,Business Owner,1.9,6810.0,0.0,39.2,84,684.0,0,0.156,1,Urban,40200.0,7.0,2360.0,Approved
APP103986,42,Male,Yes,2,Graduate,No,Salaried,0.4,2660.0,440.0,15.9,180,602.0,0,0.249,1,Semiurban,96800.0,8.3,5560.0,Rejected
APP103967,45,Male,No,1,Graduate,No,Salaried,9.5,4010.0,0.0,19.7,120,696.0,0,0.414,1,Semiurban,31900.0,16.2,2330.0,Rejected
APP102657,38,Male,No,0,Graduate,No,Self-Employed,0.8,4750.0,1150.0,13.6,180,654.0,0,0.238,1,Urban,,0.5,4470.0,Approved
APP103180,35,Male,Yes,1,Not Graduate,No,Salaried,0.6,11770.0,0.0,53.5,84,652.0,1,0.538,1,Semiurban,78800.0,5.3,4800.0,Rejected
APP102076,44,Male,Yes,2,Not Graduate,No,Self-Employed,19.6,4050.0,0.0,,60,701.0,0,0.402,1,Rural,32300.0,1.7,2560.0,Approved
APP100441,27,Female,Yes,2,Graduate,No,Self-Employed,3.7,3780.0,2130.0,15.1,240,486.0,1,0.325,1,Urban,23600.0,1.6,9230.0,Rejected
APP104118,49,Female,No,0,Graduate,No,Salaried,4.2,4570.0,0.0,10.0,120,704.0,1,0.26,1,Rural,,6.6,730.0,Rejected
APP102051,50,Male,Yes,0,Graduate,No,Salaried,3.6,3210.0,2240.0,30.2,12,617.0,0,0.304,1,Rural,42200.0,8.2,2870.0,Rejected
APP102541,35,Male,Yes,2,Graduate,No,Unemployed,0.0,1200.0,720.0,10.0,84,688.0,2,0.222,0,Urban,14100.0,3.9,9730.0,Rejected
APP103306,58,Female,No,0,Graduate,No,Salaried,5.8,1960.0,0.0,10.0,360,776.0,4,0.354,0,Rural,149500.0,3.8,2360.0,Approved
APP101301,40,Female,No,0,Graduate,No,Salaried,1.8,4710.0,1840.0,35.8,12,676.0,0,0.313,1,Urban,85700.0,9.5,3350.0,Approved
APP101781,32,Female,Yes,0,Not Graduate,No,Salaried,6.9,2600.0,2880.0,19.7,180,628.0,0,0.199,1,Semiurban,12200.0,4.7,13940.0,Rejected
APP104863,23,Female,Yes,1,Not Graduate,No,Business Owner,2.0,5950.0,0.0,14.5,84,,3,0.263,0,Semiurban,10400.0,19.6,1840.0,Rejected
APP103430,42,Female,No,2,Graduate,Yes,Self-Employed,5.4,2130.0,2940.0,14.2,12,561.0,0,0.625,1,Urban,29300.0,4.4,1220.0,Rejected
APP101304,27,Female,No,1,Not Graduate,No,Salaried,1.7,4100.0,1590.0,21.2,360,578.0,0,0.073,1,Urban,62400.0,9.0,23000.0,Approved
APP100236,42,Female,No,0,Graduate,No,Salaried,0.9,2760.0,1300.0,22.3,180,686.0,0,0.278,1,Semiurban,63200.0,4.6,2850.0,Rejected
APP102599,57,Male,Yes,1,Not Graduate,No,Self-Employed,11.8,15260.0,2640.0,100.7,12,742.0,0,0.146,0,Rural,10700.0,11.0,12830.0,Approved
APP100520,24,Male,No,3+,Not Graduate,No,Unemployed,0.0,6090.0,0.0,29.4,120,640.0,0,0.268,1,Urban,65900.0,15.3,1060.0,Rejected
APP102573,39,Female,Yes,0,Not Graduate,No,Salaried,2.5,3770.0,5650.0,49.2,36,672.0,1,0.32,1,Semiurban,13300.0,0.6,27710.0,Rejected
APP103280,48,Male,Yes,1,Not Graduate,No,Business Owner,8.1,3180.0,0.0,,240,900.0,0,0.041,1,Semiurban,29800.0,5.6,12230.0,Approved
APP103186,34,Male,Yes,0,Not Graduate,No,Self-Employed,0.0,1980.0,9720.0,30.7,36,733.0,1,0.192,1,Semiurban,47400.0,4.6,1990.0,Rejected
APP103953,35,Male,No,3+,Not Graduate,No,Self-Employed,10.3,3740.0,1260.0,11.3,360,634.0,1,0.303,1,Urban,23300.0,6.7,2380.0,Rejected
APP102768,21,Male,Yes,0,Not Graduate,No,Business Owner,10.4,8180.0,0.0,25.5,240,580.0,1,0.155,1,Urban,43100.0,4.3,4470.0,Approved
APP100735,52,Female,Yes,1,Not Graduate,No,Salaried,2.8,3920.0,2460.0,31.0,120,776.0,0,0.367,1,Rural,,2.9,8570.0,Rejected
APP104751,58,Female,Yes,0,Graduate,No,Self-Employed,0.9,3220.0,1860.0,10.0,360,803.0,1,0.051,1,Urban,57000.0,2.0,1980.0,Approved
APP104979,44,Male,Yes,2,Not Graduate,Yes,Salaried,0.9,3990.0,0.0,18.9,36,655.0,1,0.557,1,Urban,,2.2,21860.0,Rejected
APP102106,36,Female,No,0,Not Graduate,No,Salaried,3.2,4980.0,2160.0,36.9,36,642.0,3,0.177,0,Semiurban,141600.0,11.1,37600.0,Approved
APP102679,22,Male,Yes,1,Graduate,No,Salaried,6.7,4470.0,0.0,10.0,120,770.0,0,0.128,1,Urban,63300.0,12.2,14780.0,Approved
APP103229,42,Female,No,0,Graduate,No,Salaried,7.4,5690.0,3030.0,21.6,120,707.0,0,0.155,1,Urban,19000.0,4.0,5960.0,Rejected
APP102761,21,Male,Yes,,Not Graduate,No,Salaried,3.4,7410.0,5090.0,73.2,180,697.0,2,0.189,1,Urban,56700.0,14.8,3620.0,Rejected
APP100592,41,Male,Yes,0,Graduate,,Business Owner,8.0,2990.0,970.0,14.8,36,635.0,0,0.39,1,Semiurban,28500.0,3.0,4540.0,Approved
APP101303,44,Male,No,3+,Graduate,Yes,Business Owner,3.2,1630.0,1540.0,10.0,60,609.0,0,0.296,1,Semiurban,51400.0,4.2,1140.0,Approved
APP101387,31,Male,No,1,Graduate,Yes,Business Owner,3.9,6230.0,1140.0,30.3,84,576.0,1,0.125,1,Rural,34600.0,4.2,2450.0,Approved
APP104742,52,Male,No,2,Not Graduate,,Self-Employed,14.7,1770.0,0.0,10.0,180,698.0,1,0.325,1,Semiurban,122700.0,8.3,4190.0,Approved
APP104571,43,Female,Yes,0,Not Graduate,No,Salaried,8.4,4010.0,0.0,21.9,36,620.0,0,0.214,1,Semiurban,25500.0,4.1,1850.0,Approved
APP104024,35,Female,Yes,0,Not Graduate,No,Salaried,10.1,2420.0,800.0,10.3,360,792.0,0,0.462,1,Urban,27700.0,8.7,3420.0,Rejected
APP101890,39,Male,Yes,0,Graduate,No,Business Owner,1.0,7750.0,0.0,37.1,180,480.0,2,0.108,0,Urban,45900.0,8.5,2610.0,Rejected
APP102987,24,Male,Yes,0,Graduate,No,Salaried,3.4,4180.0,740.0,29.3,120,679.0,0,0.239,1,Semiurban,187700.0,2.2,2590.0,Approved
APP104974,46,Male,Yes,0,Graduate,No,Salaried,0.7,6480.0,0.0,18.2,36,604.0,0,0.111,0,Urban,19600.0,0.3,29590.0,Rejected
APP103297,48,Male,Yes,0,Graduate,No,Salaried,0.7,4670.0,1130.0,20.5,36,570.0,0,0.265,1,Semiurban,38500.0,0.8,4650.0,Rejected
APP100904,47,Female,Yes,0,Not Graduate,No,Salaried,17.9,11270.0,1390.0,64.8,12,574.0,1,0.279,1,Semiurban,,0.3,2330.0,Approved
APP104655,51,Female,Yes,1,Not Graduate,No,Unemployed,0.0,6780.0,1880.0,35.5,60,634.0,1,0.137,1,Semiurban,26400.0,4.6,5750.0,Rejected
APP101279,42,Male,Yes,2,Graduate,Yes,Salaried,7.4,8270.0,1610.0,24.7,60,626.0,0,0.18,1,Urban,72100.0,1.2,5590.0,Approved
APP100933,33,Female,Yes,3+,Not Graduate,No,Salaried,1.3,8910.0,800.0,,60,704.0,0,0.388,1,Semiurban,39200.0,4.1,5300.0,Approved
APP104949,21,Female,Yes,0,Not Graduate,No,Salaried,6.1,4990.0,3120.0,12.8,60,607.0,1,0.201,1,Rural,22800.0,1.9,5110.0,Approved
APP102308,31,Female,No,3+,Graduate,Yes,Salaried,1.9,9760.0,0.0,55.4,36,685.0,1,0.156,0,Urban,29000.0,2.4,1660.0,Rejected
APP101555,29,Male,Yes,1,Not Graduate,No,Salaried,3.2,5280.0,0.0,20.1,240,392.0,3,0.587,1,Semiurban,118800.0,2.7,5210.0,Rejected
APP104578,41,Male,Yes,0,Graduate,Yes,Self-Employed,4.0,4180.0,0.0,10.0,84,444.0,0,0.146,1,Urban,62900.0,2.8,5620.0,Rejected
APP103190,46,Female,Yes,0,Graduate,No,Salaried,2.3,4340.0,0.0,13.5,360,686.0,2,0.626,0,Rural,77300.0,3.4,4760.0,Rejected
APP104486,55,Female,Yes,2,Not Graduate,No,Business Owner,4.6,8440.0,0.0,40.5,84,810.0,2,0.6,1,Semiurban,19100.0,1.5,40290.0,Approved
APP100706,51,Female,No,1,Not Graduate,No,Self-Employed,3.1,1960.0,2770.0,10.0,12,624.0,1,0.177,1,Urban,38100.0,5.2,11610.0,Rejected
APP104882,52,Male,Yes,2,Graduate,No,Unemployed,0.0,5640.0,1040.0,24.5,84,788.0,2,0.167,1,Urban,38700.0,0.5,1190.0,Rejected
APP103070,36,Female,No,2,Graduate,No,Salaried,5.3,3910.0,0.0,10.2,36,685.0,1,0.591,1,Rural,12500.0,2.0,4250.0,Rejected
APP100745,40,Male,Yes,3+,Graduate,Yes,Self-Employed,1.9,8640.0,3870.0,72.2,360,513.0,0,0.289,0,Rural,73100.0,0.3,2940.0,Rejected
APP103594,26,Male,No,2,Graduate,Yes,Unemployed,0.0,3170.0,1990.0,26.4,240,685.0,0,0.184,1,Urban,20100.0,0.2,1620.0,Rejected
APP101939,67,Male,No,1,Graduate,,Salaried,3.5,2860.0,6070.0,49.6,84,699.0,1,0.48,1,Semiurban,35800.0,0.8,640.0,Approved
APP104444,46,Male,Yes,1,Graduate,No,Salaried,9.4,3740.0,2110.0,34.2,240,,0,0.256,1,Urban,30600.0,7.0,7260.0,Approved
APP102862,33,Male,Yes,2,Graduate,Yes,Self-Employed,2.2,3090.0,0.0,17.8,120,776.0,0,0.148,1,Semiurban,14800.0,7.8,4270.0,Approved
APP104075,23,Male,Yes,1,Graduate,Yes,Salaried,12.8,3520.0,2250.0,25.3,360,727.0,1,0.403,1,Semiurban,71000.0,1.0,320.0,Rejected
APP100513,36,Male,Yes,0,Graduate,No,Salaried,8.6,2010.0,0.0,10.0,60,719.0,2,0.213,1,Urban,7000.0,4.5,4090.0,Approved
APP100081,47,Male,Yes,1,Graduate,No,Self-Employed,20.6,6700.0,0.0,30.0,12,458.0,0,0.066,1,Urban,11200.0,1.1,1780.0,Rejected
APP103972,43,Male,Yes,1,Graduate,No,Salaried,1.4,1820.0,4020.0,11.1,120,523.0,0,0.134,1,Semiurban,185700.0,4.1,2010.0,Approved
APP101308,48,Female,Yes,3+,Graduate,No,Salaried,5.6,3710.0,1430.0,22.9,12,694.0,0,0.185,0,Semiurban,24100.0,5.1,82660.0,Approved
APP104593,37,Male,No,3+,Graduate,No,Business Owner,27.4,7050.0,1100.0,30.3,180,688.0,1,0.066,1,Rural,36900.0,5.2,6010.0,Approved
APP100914,55,Female,No,0,Not Graduate,No,Self-Employed,0.0,4040.0,0.0,13.3,36,666.0,2,0.125,1,Urban,30300.0,3.0,3910.0,Rejected
APP103452,42,Female,Yes,0,Graduate,Yes,Salaried,2.4,3150.0,720.0,15.8,120,841.0,0,0.317,1,Urban,42800.0,0.9,13970.0,Approved
APP103695,49,Female,Yes,1,Graduate,No,Salaried,6.8,5820.0,2990.0,47.7,360,701.0,2,0.298,1,Semiurban,47500.0,11.9,1700.0,Approved
APP104853,29,Female,Yes,0,Graduate,Yes,Salaried,6.3,7740.0,2990.0,53.0,36,542.0,1,0.166,1,Rural,71000.0,9.5,1140.0,Approved
APP103156,49,Female,Yes,0,Graduate,No,Business Owner,10.9,2080.0,0.0,12.1,180,795.0,1,0.315,1,Urban,26200.0,7.9,880.0,Approved
APP102198,47,Male,Yes,,Graduate,No,Self-Employed,0.3,3210.0,1310.0,13.2,120,677.0,1,0.238,1,Rural,31400.0,8.5,20060.0,Rejected
APP104275,49,Male,No,1,Graduate,Yes,Self-Employed,1.1,2160.0,1890.0,16.5,36,653.0,1,0.231,1,Urban,19100.0,9.2,7670.0,Rejected
APP100774,28,Male,Yes,2,Graduate,No,Unemployed,0.0,1580.0,0.0,10.0,36,719.0,0,0.481,1,Semiurban,73100.0,7.1,4520.0,Rejected
APP100329,33,Male,No,2,Graduate,No,Business Owner,3.5,12950.0,0.0,33.5,180,768.0,0,0.079,0,Semiurban,10700.0,2.2,1920.0,Approved
APP102054,65,Male,No,3+,Graduate,Yes,Self-Employed,5.9,3740.0,2590.0,11.0,360,732.0,1,0.048,1,Urban,57000.0,4.6,9520.0,Approved
APP102001,33,Male,Yes,0,Graduate,No,Business Owner,13.6,2780.0,0.0,10.0,36,538.0,0,0.169,1,Urban,88900.0,16.7,3950.0,Approved
APP100943,33,Female,Yes,2,Graduate,No,Salaried,1.1,7080.0,1070.0,26.2,60,552.0,0,0.052,1,Urban,100800.0,1.8,1120.0,Approved
APP100822,37,Male,Yes,1,Graduate,,Self-Employed,4.3,1840.0,0.0,10.0,360,624.0,1,0.224,0,Semiurban,23100.0,1.1,4660.0,Rejected
APP104572,39,Female,Yes,3+,Graduate,No,Business Owner,3.5,7740.0,2160.0,26.5,240,563.0,1,0.21,1,Urban,41900.0,7.4,12690.0,Rejected
APP100909,62,Male,No,1,Graduate,Yes,Salaried,3.5,5600.0,1970.0,31.2,240,767.0,0,0.175,1,Rural,44400.0,8.6,12180.0,Approved
APP102516,27,Male,Yes,1,Graduate,No,Salaried,0.3,3540.0,6430.0,,12,695.0,0,0.235,0,Semiurban,19700.0,8.3,2340.0,Rejected
APP100181,53,Female,Yes,1,Not Graduate,No,Salaried,4.8,7030.0,4030.0,42.2,180,562.0,4,0.426,1,Urban,65700.0,1.9,2470.0,Rejected
APP100164,22,Male,Yes,,Graduate,No,Salaried,7.1,4610.0,400.0,19.5,120,668.0,0,0.353,1,Rural,33400.0,1.7,3060.0,Approved
APP101523,49,Male,Yes,3+,Not Graduate,No,Salaried,1.3,1520.0,0.0,10.0,12,619.0,0,0.14,1,Rural,45600.0,4.8,9670.0,Approved
APP100451,34,Female,No,0,Not Graduate,No,Salaried,3.9,6110.0,0.0,23.2,120,825.0,1,0.246,1,Urban,14500.0,6.1,6680.0,Approved
APP103983,39,Male,No,3+,Graduate,No,Business Owner,1.6,5350.0,2080.0,28.7,360,730.0,4,0.129,1,Semiurban,56500.0,8.6,1820.0,Rejected
APP102538,41,Male,No,2,Graduate,Yes,Business Owner,11.2,4020.0,1270.0,21.4,240,575.0,1,0.313,1,Semiurban,47800.0,3.0,3660.0,Rejected
APP104147,37,Female,No,0,Not Graduate,No,Salaried,12.4,3680.0,0.0,12.6,12,709.0,0,0.135,1,Urban,42600.0,4.4,20090.0,Approved
APP104824,40,Male,Yes,3+,Graduate,No,Salaried,3.6,11580.0,3350.0,72.7,84,643.0,1,0.44,1,Semiurban,20100.0,10.9,2850.0,Rejected
APP101311,32,Female,Yes,2,Not Graduate,No,Unemployed,0.0,5960.0,1800.0,18.5,360,592.0,0,0.305,1,Urban,55900.0,16.9,104900.0,Rejected
APP103149,21,Female,Yes,0,Graduate,Yes,Salaried,6.2,5180.0,4040.0,47.9,84,801.0,0,0.221,1,Semiurban,41500.0,5.4,4340.0,Approved
APP101111,44,Male,Yes,1,Graduate,No,Self-Employed,7.8,5840.0,980.0,22.9,180,665.0,0,0.266,1,Semiurban,121000.0,1.5,2110.0,Approved
APP104640,37,Male,Yes,0,Graduate,No,Salaried,0.4,6630.0,0.0,26.1,240,614.0,0,0.381,1,Urban,21800.0,6.7,1880.0,Rejected
APP103874,39,Male,Yes,0,Not Graduate,Yes,Unemployed,0.0,6170.0,2140.0,26.1,240,655.0,1,0.542,1,Urban,12800.0,20.4,7730.0,Rejected
APP103489,41,Male,No,0,Graduate,No,Business Owner,0.3,5230.0,1920.0,36.3,84,540.0,1,0.094,1,Rural,53600.0,0.7,2400.0,Rejected
APP101287,34,Male,No,0,Graduate,No,Salaried,5.7,7110.0,930.0,14.9,120,668.0,0,0.36,1,Urban,35100.0,5.1,3400.0,Rejected
APP104219,41,Male,Yes,1,Not Graduate,Yes,Self-Employed,12.3,8130.0,4730.0,76.3,180,807.0,1,0.379,1,Rural,36300.0,5.3,3740.0,Approved
APP104692,36,Female,No,0,Not Graduate,No,Business Owner,1.8,2900.0,0.0,13.6,36,634.0,2,0.198,1,Urban,58000.0,7.3,460.0,Rejected
APP103680,32,Female,Yes,3+,Not Graduate,Yes,Business Owner,2.7,4080.0,2040.0,25.0,360,657.0,0,0.233,1,Rural,55800.0,3.8,2390.0,Approved
APP104374,37,Male,Yes,2,Graduate,No,Salaried,19.6,2100.0,1970.0,21.6,84,624.0,1,0.35,0,Urban,11100.0,4.9,5620.0,Rejected
APP104210,21,Female,No,1,Not Graduate,No,Business Owner,14.8,4380.0,0.0,14.0,240,667.0,0,0.071,1,Urban,11900.0,4.1,4570.0,Approved
APP103300,45,Female,No,0,Not Graduate,No,Salaried,5.8,9150.0,2380.0,57.3,180,509.0,2,0.236,0,Semiurban,45000.0,7.0,10150.0,Rejected
APP103310,38,Male,Yes,0,Not Graduate,No,Salaried,0.2,8830.0,0.0,42.9,36,398.0,1,0.513,1,Urban,16700.0,6.9,2200.0,Rejected
APP104601,54,Female,No,0,Not Graduate,No,Unemployed,0.0,3570.0,1160.0,27.1,36,671.0,1,0.23,1,Urban,23300.0,0.4,17780.0,Rejected
APP103125,21,Male,Yes,0,Graduate,No,Self-Employed,3.6,2790.0,2440.0,14.5,120,749.0,1,0.064,1,Rural,20700.0,0.3,19680.0,Approved
APP100327,33,Male,Yes,,Graduate,No,Unemployed,0.0,1940.0,0.0,10.0,240,681.0,0,0.168,1,Semiurban,17900.0,1.3,5950.0,Approved
APP101790,38,Female,No,0,Not Graduate,No,Salaried,0.2,9380.0,0.0,21.0,240,804.0,2,0.426,0,Semiurban,84000.0,3.7,280.0,Approved
APP102490,35,Female,Yes,1,Not Graduate,No,Business Owner,2.8,9140.0,0.0,26.8,180,730.0,0,0.57,1,Rural,70200.0,6.2,13850.0,Approved
APP102006,23,Female,Yes,1,Graduate,No,Salaried,0.9,4900.0,4140.0,42.9,180,718.0,1,0.252,1,Urban,175300.0,5.2,5730.0,Approved
APP102007,28,Male,No,3+,Graduate,Yes,Self-Employed,25.3,2780.0,3540.0,34.8,180,648.0,1,0.154,1,Semiurban,24900.0,4.9,7400.0,Approved
APP101858,38,Male,Yes,0,Graduate,No,Self-Employed,0.3,9320.0,0.0,39.6,360,604.0,0,0.455,1,Rural,15900.0,13.6,16200.0,Approved
APP104732,27,Male,Yes,0,Graduate,No,Salaried,8.0,4760.0,4090.0,30.7,360,635.0,0,0.119,1,Urban,50600.0,19.2,11080.0,Approved
APP100312,58,Male,Yes,0,Graduate,No,Salaried,3.6,2230.0,0.0,10.0,36,745.0,2,0.218,1,Urban,48000.0,16.1,3970.0,Rejected
APP100832,39,Female,Yes,0,Graduate,No,Self-Employed,1.7,7410.0,0.0,20.9,36,581.0,1,0.054,1,Urban,28200.0,2.4,2510.0,Rejected
APP103079,48,Female,No,0,Graduate,No,Unemployed,0.0,15720.0,2020.0,50.5,36,726.0,1,0.647,1,Rural,26900.0,0.1,1970.0,Rejected
APP104765,43,Female,No,0,Graduate,No,Salaried,1.0,4080.0,1300.0,25.5,36,617.0,1,0.304,1,Semiurban,128700.0,9.7,6580.0,Rejected
APP103462,33,Male,Yes,0,Graduate,No,Salaried,14.4,1500.0,0.0,10.0,36,774.0,1,0.197,1,Urban,,0.3,11990.0,Approved
APP101201,39,Male,Yes,0,Graduate,No,Salaried,1.0,9980.0,0.0,29.8,60,750.0,0,0.102,1,Urban,32100.0,6.5,20500.0,Approved
APP104435,35,Female,No,3+,Graduate,No,Salaried,3.1,4860.0,1180.0,18.6,180,480.0,0,0.284,1,Rural,29300.0,3.8,6790.0,Rejected
APP103547,32,Female,Yes,1,Not Graduate,No,Salaried,1.3,1260.0,0.0,,360,659.0,2,0.234,1,Semiurban,77000.0,2.4,15110.0,Approved
APP104072,54,Female,Yes,0,Graduate,No,Unemployed,0.0,3090.0,2150.0,25.2,120,609.0,1,0.264,1,Rural,20200.0,0.1,4170.0,Rejected
APP102134,29,Male,No,0,Graduate,No,Salaried,0.1,4100.0,1760.0,32.4,120,557.0,0,0.122,1,Semiurban,,15.8,5910.0,Approved
APP103451,25,Female,Yes,0,Graduate,Yes,Salaried,6.1,7580.0,0.0,21.1,84,723.0,2,0.258,1,Urban,105100.0,16.4,8970.0,Rejected
APP102209,51,Female,Yes,2,Graduate,No,Salaried,11.8,10340.0,3210.0,23.7,36,525.0,0,0.143,1,Semiurban,54500.0,5.1,5010.0,Approved
APP101901,50,Male,Yes,0,Graduate,No,Business Owner,0.4,5170.0,0.0,10.0,36,757.0,1,0.328,1,Semiurban,100900.0,4.2,1330.0,Approved
APP104050,21,Male,Yes,0,Not Graduate,Yes,Salaried,4.8,1200.0,0.0,10.0,240,536.0,0,0.178,1,Urban,46700.0,0.4,10230.0,Rejected
APP101481,41,Female,Yes,2,Graduate,No,Salaried,0.6,5870.0,0.0,28.1,240,520.0,0,0.357,0,Semiurban,26800.0,6.1,3500.0,Rejected
APP100777,34,Female,Yes,2,Graduate,No,Business Owner,7.0,6550.0,0.0,34.1,12,552.0,0,0.158,1,Urban,81600.0,1.4,4380.0,Rejected
APP100799,33,Female,No,,Not Graduate,No,Salaried,0.6,2130.0,990.0,10.0,240,721.0,0,0.328,1,Urban,45500.0,16.8,4280.0,Approved
APP103714,28,Male,Yes,0,Not Graduate,Yes,Salaried,3.0,3690.0,8960.0,43.4,360,791.0,2,0.208,1,Rural,13300.0,1.2,2450.0,Approved
APP103942,26,Male,No,0,Graduate,Yes,Salaried,3.2,6810.0,1300.0,19.3,84,477.0,1,0.459,1,Urban,58900.0,4.1,790.0,Rejected
APP100054,40,Female,No,2,Not Graduate,No,Self-Employed,10.0,1830.0,0.0,10.0,120,738.0,0,0.414,1,Urban,53200.0,6.3,4160.0,Approved
APP102972,29,Male,No,1,Graduate,No,Self-Employed,1.6,2420.0,5630.0,36.8,84,800.0,0,0.171,1,Rural,13700.0,0.5,3570.0,Approved
APP103335,39,Male,Yes,0,Graduate,No,Self-Employed,4.0,2090.0,0.0,11.0,120,671.0,0,0.252,1,Semiurban,78100.0,5.1,5570.0,Approved
APP101920,49,Male,No,0,Graduate,No,Salaried,8.2,4930.0,0.0,29.1,36,,0,0.396,1,Semiurban,119800.0,6.7,15300.0,Rejected
APP103715,45,Female,Yes,0,Not Graduate,Yes,Salaried,1.9,2610.0,0.0,10.0,360,649.0,2,0.238,1,Urban,22100.0,17.0,14170.0,Rejected
APP104693,31,Male,Yes,0,Not Graduate,Yes,Business Owner,3.5,1750.0,740.0,10.1,36,650.0,0,0.078,1,Urban,189500.0,1.4,3740.0,Approved
APP100946,48,Male,No,0,Not Graduate,Yes,Business Owner,5.6,8500.0,0.0,50.1,12,501.0,1,0.382,1,Urban,23500.0,12.8,2900.0,Rejected
APP101701,42,Male,No,2,Not Graduate,No,Salaried,4.5,4880.0,1760.0,13.0,240,562.0,0,0.167,1,Urban,33400.0,2.4,4450.0,Rejected
APP103293,34,Male,Yes,0,Graduate,Yes,Business Owner,2.5,1200.0,2400.0,,180,615.0,0,0.379,1,Semiurban,34800.0,4.9,2630.0,Rejected
APP102161,31,Female,Yes,1,Graduate,No,Salaried,9.8,4990.0,2230.0,18.7,180,530.0,0,0.103,1,Urban,23200.0,16.7,20870.0,Approved
APP101136,56,Female,No,0,Graduate,No,Salaried,0.4,4490.0,2360.0,37.5,84,708.0,1,0.41,1,Urban,24900.0,0.2,32000.0,Rejected
APP100987,45,Male,No,0,Graduate,No,Salaried,4.3,5230.0,1380.0,31.4,84,564.0,0,0.232,1,Rural,50000.0,18.2,3950.0,Rejected
APP102549,29,Male,Yes,,Graduate,Yes,Unemployed,0.0,4920.0,1190.0,28.8,360,626.0,0,0.408,1,Semiurban,37800.0,3.1,12650.0,Rejected
APP100193,34,Male,Yes,1,Not Graduate,No,Self-Employed,6.5,1670.0,1470.0,12.5,120,621.0,0,0.495,1,Rural,,11.0,5520.0,Rejected
APP103057,47,Male,Yes,0,Graduate,No,Salaried,0.2,4410.0,1720.0,26.6,360,595.0,1,0.456,1,Semiurban,62700.0,8.8,830.0,Rejected
APP103246,30,Female,No,,Graduate,Yes,Salaried,0.8,2600.0,720.0,,60,596.0,0,0.384,1,Rural,31000.0,1.2,3460.0,Rejected
APP101394,27,Male,No,0,Not Graduate,No,Self-Employed,17.5,5590.0,1530.0,15.4,240,651.0,1,0.044,0,Semiurban,,3.8,6010.0,Approved
APP102637,37,Male,No,0,Graduate,No,Unemployed,0.0,5680.0,4350.0,59.6,84,639.0,1,0.287,1,Urban,15800.0,5.0,3640.0,Rejected
APP100768,26,Male,No,0,Graduate,,Salaried,7.4,1790.0,0.0,10.0,360,634.0,1,0.396,1,Rural,27700.0,16.2,1490.0,Rejected
APP104750,46,Male,Yes,0,Graduate,No,Salaried,4.8,1800.0,1740.0,16.4,36,776.0,2,0.129,1,Rural,15500.0,22.4,8080.0,Approved
APP103090,41,Female,Yes,1,Not Graduate,No,Business Owner,7.6,1590.0,2960.0,26.2,60,894.0,0,0.549,1,Rural,17900.0,11.3,1620.0,Approved
APP103495,55,Female,Yes,0,Not Graduate,No,Unemployed,0.0,1700.0,2040.0,,180,598.0,0,0.169,1,Urban,23300.0,0.3,8110.0,Rejected
APP103215,21,Female,Yes,2,Not Graduate,Yes,Unemployed,0.0,2340.0,2310.0,13.8,12,611.0,5,0.196,1,Urban,12000.0,9.1,1860.0,Rejected
APP100285,31,Male,Yes,0,Graduate,Yes,Business Owner,3.8,5440.0,2730.0,27.8,180,693.0,0,0.352,1,Semiurban,34500.0,4.0,3100.0,Approved
APP104988,43,Male,Yes,0,Not Graduate,No,Salaried,2.1,2440.0,0.0,10.9,360,611.0,1,0.052,1,Rural,58200.0,5.6,1120.0,Rejected
APP104801,39,Female,No,0,Graduate,No,Unemployed,0.0,2020.0,4360.0,,180,661.0,0,0.261,1,Urban,52600.0,5.9,7760.0,Rejected
APP102332,49,Male,No,1,Not Graduate,No,Salaried,6.3,2750.0,0.0,14.2,84,504.0,0,0.223,1,Semiurban,40900.0,1.4,5230.0,Rejected
APP102717,38,Male,No,0,Not Graduate,No,Salaried,1.2,6450.0,1720.0,31.0,84,590.0,0,0.317,1,Semiurban,29000.0,24.8,55380.0,Approved
APP102079,48,Male,Yes,2,Graduate,No,Salaried,2.6,13380.0,1860.0,63.0,240,646.0,4,0.34,0,Urban,81800.0,0.5,4030.0,Rejected
APP103389,39,Female,No,2,Graduate,No,Salaried,4.3,5080.0,0.0,26.9,36,652.0,0,0.291,0,Urban,21000.0,5.9,13250.0,Rejected
APP100722,47,Female,Yes,0,Graduate,Yes,Salaried,3.5,1210.0,0.0,10.0,180,619.0,2,0.199,1,Semiurban,22600.0,12.1,3220.0,Rejected
APP100951,52,Male,No,3+,Graduate,No,Business Owner,18.7,3410.0,0.0,17.3,12,676.0,0,0.174,1,Rural,203900.0,0.3,5830.0,Approved
APP104410,48,Female,Yes,1,Graduate,No,Self-Employed,1.8,20990.0,0.0,106.1,36,,1,0.161,1,Urban,13800.0,2.3,2570.0,Rejected
APP102262,45,Male,Yes,2,Graduate,No,Salaried,0.0,2280.0,4690.0,28.5,120,819.0,2,0.35,1,Semiurban,33900.0,0.5,1630.0,Approved
APP100989,40,Male,No,0,Not Graduate,No,Salaried,2.6,6540.0,1470.0,34.1,360,667.0,1,0.139,1,Urban,30700.0,6.4,810.0,Approved
APP103212,24,Male,Yes,0,Not Graduate,No,Salaried,1.8,1770.0,0.0,10.0,180,664.0,1,0.363,1,Semiurban,30700.0,4.8,21870.0,Rejected
APP101759,50,Female,Yes,2,Not Graduate,No,Unemployed,0.0,3360.0,200.0,10.0,240,742.0,0,0.176,1,Urban,33000.0,6.8,3950.0,Rejected
APP104148,35,Male,Yes,0,Graduate,No,Salaried,2.8,1250.0,0.0,10.0,360,706.0,2,0.392,0,Urban,104900.0,3.4,8760.0,Rejected
APP101724,31,Female,Yes,0,Graduate,No,Unemployed,0.0,3190.0,1820.0,26.2,360,523.0,0,0.239,1,Urban,19800.0,11.6,4240.0,Rejected
APP100341,49,Female,No,2,Not Graduate,Yes,Business Owner,0.7,3800.0,4130.0,37.5,36,655.0,0,0.667,1,Urban,42500.0,12.0,2550.0,Rejected
APP103701,59,Female,Yes,0,Graduate,No,Business Owner,8.3,5470.0,1420.0,10.5,36,758.0,0,0.027,1,Rural,45400.0,13.4,45880.0,Approved
APP100688,60,Male,Yes,1,Not Graduate,No,Salaried,2.3,3640.0,0.0,14.6,180,586.0,1,0.524,1,Semiurban,67200.0,0.7,31360.0,Rejected
APP103432,42,Male,Yes,3+,Not Graduate,No,Self-Employed,1.9,2130.0,0.0,10.7,360,777.0,1,0.348,1,Semiurban,47600.0,0.9,22790.0,Approved
APP100966,50,Male,Yes,1,Not Graduate,No,Unemployed,0.0,2830.0,0.0,16.8,120,835.0,0,0.361,1,Rural,,9.9,10770.0,Approved
APP104775,34,Male,Yes,0,Graduate,Yes,Business Owner,3.7,2240.0,0.0,11.1,84,554.0,0,0.428,1,Semiurban,30000.0,5.3,6090.0,Rejected
APP102203,54,Male,No,0,Graduate,No,Salaried,3.5,2930.0,0.0,13.7,36,640.0,0,0.197,1,Urban,31200.0,11.5,1370.0,Rejected
APP102713,48,Male,Yes,0,Graduate,No,Salaried,1.2,3020.0,1450.0,11.8,240,475.0,1,0.269,1,Rural,57200.0,7.3,15350.0,Rejected
APP103572,48,Male,No,2,Graduate,No,Salaried,2.2,4720.0,0.0,24.9,120,653.0,0,0.217,1,Semiurban,33900.0,0.6,12350.0,Rejected
APP101990,51,Male,No,,Graduate,Yes,Salaried,2.5,5010.0,3460.0,36.0,360,738.0,1,0.237,1,Urban,101400.0,0.5,14130.0,Approved
APP104120,41,Male,Yes,0,Not Graduate,No,Self-Employed,5.8,2970.0,2070.0,26.1,120,523.0,0,0.082,1,Urban,34000.0,2.3,13090.0,Rejected
APP104361,37,Female,Yes,2,Graduate,No,Salaried,0.4,9480.0,0.0,26.3,60,700.0,1,0.102,1,Semiurban,39200.0,5.6,8950.0,Approved
APP104791,44,Female,No,2,Graduate,Yes,Salaried,2.7,6800.0,1370.0,23.8,180,764.0,0,0.278,1,Urban,69100.0,2.7,3870.0,Approved
APP103600,44,Female,Yes,3+,Graduate,No,Salaried,0.5,14330.0,1610.0,54.3,84,,0,0.336,1,Urban,12900.0,3.3,2120.0,Rejected
APP104612,39,Male,Yes,0,Not Graduate,No,Self-Employed,5.7,3310.0,1230.0,15.7,240,593.0,1,0.286,1,Urban,52900.0,5.3,21510.0,Approved
APP104235,44,Male,Yes,0,Graduate,No,Business Owner,1.1,4340.0,0.0,23.8,36,736.0,0,0.326,1,Urban,45400.0,0.6,1440.0,Approved
APP104166,48,Female,Yes,3+,Graduate,No,Business Owner,4.8,2890.0,0.0,14.0,240,574.0,2,0.32,1,Urban,29100.0,2.3,1110.0,Rejected
APP100385,60,Male,Yes,3+,Not Graduate,No,Salaried,6.9,4470.0,0.0,26.1,180,580.0,1,0.391,1,Semiurban,10900.0,2.8,1310.0,Rejected
APP104414,39,Male,Yes,2,Graduate,No,Unemployed,0.0,14440.0,840.0,47.0,12,632.0,1,0.399,1,Semiurban,34000.0,15.2,20730.0,Rejected
APP104614,31,Male,No,3+,Graduate,Yes,Business Owner,4.5,10940.0,2560.0,52.5,84,699.0,2,0.068,1,Rural,84100.0,5.0,6020.0,Approved
APP100536,46,Male,No,0,Graduate,No,Salaried,0.8,8640.0,0.0,46.5,60,452.0,1,0.295,1,Semiurban,33000.0,4.9,1870.0,Rejected
APP104712,34,Female,No,0,Graduate,No,Unemployed,0.0,6470.0,0.0,20.8,84,705.0,0,0.265,0,Rural,11500.0,1.6,4880.0,Rejected
APP103507,37,Male,No,0,Not Graduate,No,Salaried,5.2,2150.0,0.0,10.0,240,641.0,0,0.369,1,Semiurban,111200.0,0.0,16700.0,Approved
APP100201,25,Male,No,0,Not Graduate,Yes,Salaried,3.9,1960.0,2940.0,20.7,12,558.0,0,0.371,1,Rural,85300.0,5.8,1680.0,Rejected
APP101332,51,Female,Yes,3+,Graduate,No,Salaried,2.9,8140.0,0.0,12.4,12,654.0,0,0.397,1,Semiurban,25600.0,4.1,49770.0,Approved
APP103502,21,Female,Yes,0,Graduate,Yes,Salaried,0.4,4530.0,1190.0,15.6,360,487.0,0,0.203,1,Semiurban,28900.0,2.9,5350.0,Rejected
APP102708,21,Female,Yes,0,Graduate,No,Salaried,1.9,4750.0,0.0,10.0,120,643.0,0,0.231,1,Urban,13900.0,10.9,8100.0,Approved
APP104021,38,Male,Yes,0,Graduate,No,Self-Employed,0.7,11440.0,0.0,58.8,36,,0,0.029,1,Rural,8900.0,2.2,13920.0,Rejected
APP101854,49,Female,Yes,0,Not Graduate,Yes,Salaried,1.6,2350.0,7430.0,16.7,84,654.0,1,0.072,1,Urban,11100.0,1.9,1870.0,Approved
APP104960,28,Female,Yes,0,Graduate,No,Salaried,1.0,6180.0,0.0,22.6,36,553.0,1,0.193,1,Urban,16900.0,0.3,7720.0,Rejected
APP102872,21,Male,Yes,3+,Graduate,No,Business Owner,4.0,6120.0,2840.0,20.1,120,625.0,1,0.096,1,Semiurban,44700.0,29.2,5170.0,Approved
APP103030,37,Male,Yes,3+,Not Graduate,No,Salaried,2.3,3240.0,0.0,15.9,120,772.0,0,0.412,1,Semiurban,20300.0,6.4,5170.0,Rejected
APP101205,37,Male,Yes,,Graduate,No,Self-Employed,0.2,1200.0,6470.0,41.1,240,639.0,0,0.288,1,Urban,,0.3,5620.0,Rejected
APP101645,50,Male,Yes,0,Graduate,Yes,Self-Employed,4.8,6680.0,0.0,10.2,360,622.0,0,0.213,1,Semiurban,,9.1,9290.0,Approved
APP103417,48,Female,Yes,0,Not Graduate,No,Business Owner,1.4,4330.0,2400.0,21.2,120,687.0,2,0.072,1,Urban,45500.0,12.2,4180.0,Approved
APP103476,24,Female,Yes,0,Not Graduate,No,Salaried,0.6,4530.0,0.0,19.5,12,632.0,1,0.153,1,Rural,84800.0,19.3,620.0,Rejected
APP102861,50,Female,No,3+,Graduate,Yes,Self-Employed,2.5,3200.0,3160.0,10.0,120,700.0,0,0.169,1,Urban,,5.1,33440.0,Approved
APP101792,32,Male,No,2,Graduate,No,Salaried,3.2,2460.0,0.0,10.0,240,505.0,1,0.206,1,Semiurban,29000.0,4.9,51500.0,Rejected
APP103797,56,Male,Yes,1,Not Graduate,No,Unemployed,0.0,4890.0,3230.0,29.0,120,818.0,1,0.425,1,Urban,35900.0,2.5,9630.0,Rejected
APP103368,42,Male,No,3+,Graduate,No,Self-Employed,2.1,3310.0,0.0,17.9,240,694.0,0,0.052,1,Semiurban,40600.0,1.6,3310.0,Rejected
APP103367,22,Male,Yes,0,Not Graduate,No,Salaried,11.6,4690.0,0.0,16.0,180,650.0,0,0.383,1,Rural,27300.0,3.7,6460.0,Approved
APP103533,49,Female,No,2,Graduate,No,Salaried,6.7,1750.0,2040.0,21.0,60,,0,0.275,1,Semiurban,52400.0,8.4,3420.0,Approved
APP104437,28,Female,No,0,Graduate,No,Salaried,5.2,2600.0,2810.0,22.1,120,734.0,0,0.504,1,Semiurban,40500.0,5.6,3110.0,Rejected
APP103449,45,Male,Yes,1,Not Graduate,No,Salaried,9.5,4240.0,0.0,13.7,12,,0,0.316,1,Semiurban,40800.0,9.4,3810.0,Approved
APP100603,63,Male,No,3+,Not Graduate,No,Salaried,8.7,6800.0,1440.0,39.3,84,595.0,0,0.084,1,Rural,11000.0,14.6,3580.0,Approved
APP103056,63,Male,Yes,0,Graduate,No,Salaried,1.2,8160.0,2120.0,30.1,240,635.0,0,0.591,1,Urban,40300.0,7.9,4120.0,Rejected
APP104404,39,Male,No,0,Graduate,No,Self-Employed,2.2,4510.0,2410.0,11.6,60,589.0,1,0.463,1,Rural,156100.0,1.2,3240.0,Approved
APP100126,46,Female,Yes,0,Graduate,No,Business Owner,4.6,5290.0,770.0,35.7,240,541.0,0,0.097,1,Urban,268400.0,7.7,1550.0,Approved
APP103876,39,Male,Yes,2,Graduate,No,Business Owner,6.2,3190.0,0.0,10.0,120,569.0,0,0.201,1,Semiurban,13200.0,3.9,17990.0,Rejected
APP102935,43,Male,Yes,0,Graduate,No,Self-Employed,1.6,4610.0,0.0,11.9,12,732.0,0,0.196,0,Urban,59200.0,13.2,2510.0,Approved
APP103531,24,Female,Yes,2,Graduate,Yes,Salaried,5.7,3230.0,0.0,10.0,360,723.0,0,0.036,1,Semiurban,36500.0,11.0,6900.0,Approved
APP102730,42,Male,No,0,Graduate,No,Unemployed,0.0,3610.0,970.0,15.3,360,789.0,0,0.206,1,Rural,21400.0,2.5,2750.0,Approved
APP100827,32,Female,Yes,2,Graduate,No,Salaried,1.8,3310.0,0.0,10.0,60,705.0,0,0.305,1,Semiurban,10100.0,29.3,8270.0,Rejected
APP101639,27,Male,No,0,Not Graduate,No,Unemployed,0.0,1580.0,0.0,10.0,180,718.0,0,0.454,1,Semiurban,57600.0,17.5,6030.0,Rejected
APP100984,30,Male,No,0,Graduate,No,Salaried,0.8,3690.0,690.0,11.7,240,708.0,1,0.175,1,Urban,33600.0,4.2,8680.0,Rejected
APP103281,28,Male,Yes,0,Graduate,No,Business Owner,3.4,7490.0,0.0,36.4,360,687.0,0,0.139,0,Urban,71800.0,20.7,830.0,Approved
APP101127,26,Male,Yes,0,Not Graduate,Yes,Salaried,4.8,4110.0,4760.0,25.7,60,543.0,2,0.221,1,Urban,35000.0,5.4,7600.0,Rejected
APP102188,32,Male,Yes,0,Graduate,Yes,Salaried,4.3,6020.0,3050.0,39.5,120,725.0,1,0.383,1,Urban,,16.4,4720.0,Rejected
APP104893,48,Male,No,2,Graduate,No,Salaried,14.1,2610.0,5570.0,26.7,12,660.0,1,0.414,1,Semiurban,106500.0,10.0,8870.0,Rejected
APP102443,50,Female,Yes,2,Graduate,Yes,Salaried,4.1,3030.0,0.0,12.4,360,771.0,0,0.544,1,Rural,62000.0,5.2,11460.0,Approved
APP100362,21,Female,Yes,3+,Graduate,Yes,Salaried,3.4,6940.0,3950.0,30.1,240,650.0,2,0.07,1,Urban,83900.0,5.1,12200.0,Rejected
APP102349,32,Male,Yes,1,Graduate,Yes,Unemployed,0.0,5100.0,2590.0,24.9,84,596.0,1,0.232,1,Rural,36900.0,4.1,11670.0,Rejected
APP100345,59,Female,No,2,Not Graduate,Yes,Unemployed,0.0,3930.0,0.0,13.8,240,613.0,0,0.49,0,Urban,57900.0,5.6,5630.0,Rejected
APP100814,47,Male,Yes,1,Graduate,No,Business Owner,0.1,4130.0,0.0,16.6,240,657.0,0,0.262,1,Semiurban,16400.0,4.6,45120.0,Approved
APP103205,47,Male,Yes,1,Graduate,No,Salaried,2.0,2290.0,5170.0,31.1,180,725.0,0,0.194,1,Semiurban,37500.0,0.1,18330.0,Approved
APP100322,51,Male,Yes,2,Graduate,No,Self-Employed,15.7,3110.0,2980.0,32.5,180,756.0,1,0.285,1,Semiurban,57800.0,10.3,6070.0,Approved
APP104844,58,Female,Yes,2,Graduate,No,Business Owner,7.7,3230.0,0.0,10.0,180,580.0,0,0.27,1,Semiurban,42100.0,3.6,1390.0,Rejected
APP103325,45,Female,Yes,0,Not Graduate,No,Salaried,1.9,2630.0,540.0,10.0,120,736.0,1,0.388,1,Urban,44700.0,9.9,1790.0,Approved
APP104106,24,Female,No,0,Not Graduate,No,Business Owner,3.5,9390.0,0.0,52.4,12,768.0,0,0.51,1,Urban,41400.0,8.6,7520.0,Approved
APP102116,41,Male,Yes,0,Graduate,No,Self-Employed,15.0,5880.0,4500.0,29.7,60,599.0,1,0.31,1,Urban,31100.0,14.9,6530.0,Rejected
APP101834,35,Female,Yes,0,Graduate,No,Salaried,5.6,1930.0,1410.0,13.0,36,731.0,0,0.351,1,Urban,99900.0,1.8,4390.0,Approved
APP100793,31,Male,No,2,Graduate,Yes,Salaried,1.0,2440.0,3500.0,19.9,120,688.0,0,0.231,1,Urban,23400.0,19.2,3690.0,Approved
APP104996,41,Male,Yes,0,Graduate,No,Unemployed,0.0,4910.0,1120.0,24.9,240,667.0,0,0.028,1,Semiurban,68300.0,10.6,590.0,Approved
APP102674,21,Female,Yes,0,Graduate,No,Self-Employed,7.9,9330.0,2030.0,57.9,360,616.0,1,0.247,1,Urban,56300.0,16.2,2090.0,Rejected
APP100094,42,Male,No,0,Graduate,No,Self-Employed,5.6,9560.0,0.0,49.5,60,536.0,0,0.222,1,Semiurban,43400.0,4.0,3530.0,Rejected
APP103756,46,Male,No,1,Graduate,No,Self-Employed,2.7,6010.0,0.0,28.0,120,727.0,1,0.236,1,Rural,83800.0,3.6,9830.0,Approved
APP102891,25,Male,No,0,Not Graduate,No,Salaried,3.7,4520.0,1660.0,12.1,240,596.0,0,0.352,1,Urban,44500.0,0.2,7720.0,Rejected
APP102371,35,Male,Yes,0,Graduate,No,Salaried,1.1,2030.0,2890.0,,60,791.0,0,0.26,1,Urban,13600.0,2.0,15600.0,Approved
APP104933,42,Male,Yes,2,Graduate,No,Salaried,4.7,11490.0,0.0,22.2,36,710.0,1,0.15,1,Rural,30400.0,8.1,1390.0,Approved
APP104476,27,Female,Yes,1,Graduate,No,Salaried,9.4,1300.0,0.0,10.0,60,670.0,0,0.315,1,Urban,12200.0,4.8,4230.0,Rejected
APP103228,21,Male,Yes,3+,Not Graduate,No,Salaried,6.1,9870.0,2300.0,67.2,240,679.0,1,0.564,1,Semiurban,15700.0,8.2,6840.0,Rejected
APP102853,51,Male,Yes,0,Graduate,,Unemployed,0.0,2550.0,2650.0,10.1,360,667.0,1,0.193,1,Urban,68800.0,1.2,14110.0,Approved
APP102912,28,Male,Yes,0,Graduate,No,Self-Employed,9.9,2900.0,2930.0,32.6,120,596.0,0,0.334,1,Rural,74800.0,4.8,1910.0,Rejected
APP101865,33,Male,Yes,0,Not Graduate,No,Salaried,1.5,4910.0,0.0,26.7,36,721.0,0,0.213,1,Semiurban,6500.0,4.1,990.0,Rejected
APP101857,52,Female,Yes,0,Graduate,No,Self-Employed,1.2,9530.0,4020.0,68.6,12,709.0,1,0.199,1,Urban,,1.6,1180.0,Approved
APP102645,41,Male,No,3+,Not Graduate,No,Business Owner,10.2,8920.0,0.0,39.8,84,491.0,1,0.306,1,Semiurban,33100.0,8.8,6560.0,Rejected
APP102243,39,Female,No,0,Graduate,No,Salaried,0.3,1320.0,0.0,10.0,240,700.0,1,0.577,1,Urban,39400.0,1.5,2550.0,Rejected
APP102336,21,Female,Yes,0,Not Graduate,No,Salaried,1.6,2640.0,2100.0,27.5,36,773.0,0,0.244,1,Semiurban,4300.0,3.3,3060.0,Approved
APP100950,34,Male,Yes,3+,Graduate,No,Salaried,0.9,4350.0,0.0,22.0,120,784.0,0,0.127,1,Semiurban,73800.0,7.6,1950.0,Approved
APP103068,49,Female,Yes,0,Not Graduate,Yes,Salaried,5.1,2660.0,2470.0,12.0,120,785.0,3,0.431,1,Semiurban,16200.0,0.2,28300.0,Rejected
APP101120,42,Male,No,0,Not Graduate,Yes,Salaried,7.9,4850.0,0.0,19.6,60,765.0,0,0.148,1,Rural,58300.0,4.2,20330.0,Approved
APP102597,27,Female,Yes,3+,Graduate,No,Salaried,1.3,3060.0,0.0,10.2,120,700.0,0,0.126,1,Rural,22300.0,5.4,16250.0,Approved
APP102204,38,Male,Yes,0,Graduate,No,Self-Employed,5.3,9390.0,680.0,26.3,36,770.0,0,0.35,1,Rural,42700.0,4.8,2720.0,Approved
APP100419,45,Male,No,3+,Not Graduate,No,Salaried,1.0,10590.0,0.0,60.9,60,622.0,1,0.398,1,Semiurban,36100.0,4.9,1870.0,Rejected
APP100922,52,Male,No,1,Graduate,No,Salaried,2.0,4960.0,0.0,15.6,36,669.0,0,0.178,1,Semiurban,20200.0,0.5,2230.0,Approved
APP101254,36,Male,Yes,1,Graduate,No,Unemployed,0.0,7150.0,2410.0,21.7,360,651.0,0,0.576,1,Rural,121600.0,4.5,7310.0,Rejected
APP100477,48,Female,Yes,1,Graduate,No,Business Owner,1.0,3560.0,0.0,10.0,60,720.0,0,0.189,1,Urban,54800.0,7.5,2050.0,Approved
APP102035,37,Female,No,0,Not Graduate,No,Salaried,0.9,4360.0,0.0,,180,761.0,0,0.172,1,Urban,50000.0,1.1,6190.0,Approved
APP101202,43,Male,No,2,Not Graduate,No,Self-Employed,2.2,3610.0,0.0,10.0,360,599.0,2,0.307,1,Semiurban,67100.0,9.6,2060.0,Rejected
APP102626,48,Male,Yes,0,Graduate,No,Self-Employed,0.1,1830.0,0.0,10.0,60,661.0,2,0.196,1,Urban,68600.0,2.4,6830.0,Rejected
APP104867,45,Male,Yes,0,Graduate,No,Salaried,4.6,3660.0,0.0,10.0,60,523.0,1,0.139,1,Urban,34400.0,0.6,1210.0,Rejected
APP101970,38,Female,No,0,Graduate,No,Salaried,8.8,5900.0,0.0,15.7,84,593.0,0,0.191,1,Rural,,1.8,22490.0,Approved
APP103110,53,Female,Yes,0,Graduate,No,Business Owner,1.5,4480.0,0.0,19.8,60,582.0,0,0.254,1,Urban,24500.0,0.4,1840.0,Rejected
APP104018,38,Male,Yes,0,Graduate,No,Salaried,0.7,1650.0,0.0,10.0,36,659.0,1,0.22,1,Urban,13700.0,3.5,1660.0,Rejected
APP102151,48,Male,No,2,Graduate,,Business Owner,0.6,3330.0,0.0,10.0,84,521.0,0,0.287,1,Rural,21500.0,0.3,4110.0,Rejected
APP103687,60,Female,Yes,0,Not Graduate,No,Business Owner,0.0,2600.0,2370.0,26.5,60,697.0,0,0.214,1,Rural,28500.0,9.9,2030.0,Approved
APP101997,57,Female,Yes,0,Graduate,No,Self-Employed,3.6,6730.0,2160.0,36.7,60,686.0,1,0.303,1,Semiurban,50900.0,4.7,3150.0,Approved
APP104033,50,Female,Yes,0,Graduate,No,Business Owner,5.0,5870.0,1060.0,10.5,12,764.0,3,0.256,1,Semiurban,17400.0,2.1,4140.0,Rejected
APP103054,42,Male,Yes,,Graduate,No,Business Owner,6.0,4350.0,1520.0,19.4,120,856.0,0,0.121,1,Semiurban,34800.0,1.1,20300.0,Approved
APP101248,28,Male,Yes,0,Not Graduate,No,Self-Employed,1.4,17820.0,0.0,94.1,12,670.0,1,0.249,1,Urban,44200.0,4.9,11420.0,Rejected
APP102192,39,Male,Yes,0,Not Graduate,No,Salaried,0.0,6010.0,3180.0,35.0,12,615.0,0,0.192,1,Semiurban,30200.0,9.8,4550.0,Rejected
APP102712,21,Female,No,0,Graduate,No,Salaried,2.3,6010.0,4710.0,41.5,360,646.0,0,0.166,0,Rural,37200.0,0.4,2240.0,Approved
APP100992,45,Male,Yes,0,Not Graduate,No,Self-Employed,5.3,4540.0,4710.0,43.2,60,589.0,2,0.113,1,Semiurban,15200.0,5.1,4320.0,Rejected
APP102190,44,Female,No,1,Graduate,No,Salaried,0.6,3530.0,0.0,15.0,240,550.0,0,0.252,1,Urban,13700.0,9.3,68280.0,Rejected
APP103762,40,Female,Yes,1,Graduate,No,Self-Employed,6.1,1890.0,2640.0,25.7,36,484.0,1,0.153,0,Semiurban,40100.0,1.3,8260.0,Rejected
APP103597,31,Male,No,,Not Graduate,,Business Owner,0.8,1820.0,1480.0,15.3,12,704.0,0,0.156,1,Semiurban,22400.0,21.0,3150.0,Approved
APP101318,39,Male,No,1,Not Graduate,No,Salaried,2.0,1550.0,0.0,10.0,120,877.0,0,0.257,0,Urban,49500.0,2.0,1670.0,Approved
APP101863,41,Male,No,0,Graduate,No,Business Owner,0.8,16980.0,3420.0,121.7,240,551.0,0,0.18,1,Semiurban,22100.0,4.7,1700.0,Rejected
APP102343,33,Male,No,2,Graduate,Yes,Salaried,15.2,5770.0,2240.0,12.7,120,725.0,1,0.36,1,Rural,46800.0,2.5,13160.0,Rejected
APP102449,53,Male,Yes,1,Graduate,No,Unemployed,0.0,8400.0,0.0,24.7,36,572.0,2,0.225,1,Semiurban,84000.0,1.5,4630.0,Rejected
APP102136,43,Female,Yes,3+,Graduate,Yes,Self-Employed,35.0,7000.0,0.0,11.1,36,603.0,0,0.422,1,Urban,50900.0,0.3,4730.0,Approved
APP101065,40,Female,Yes,1,Not Graduate,No,Salaried,10.3,2490.0,0.0,10.0,360,714.0,0,0.099,1,Urban,37800.0,5.9,1280.0,Approved
APP102329,49,Male,Yes,0,Graduate,No,Salaried,0.1,7810.0,1940.0,40.1,84,732.0,1,0.295,1,Semiurban,64800.0,6.0,1330.0,Approved
APP104227,43,Male,Yes,0,Graduate,No,Unemployed,0.0,3600.0,0.0,15.7,120,619.0,1,0.289,1,Urban,50200.0,1.5,1350.0,Rejected
APP102621,44,Male,No,0,Not Graduate,No,Unemployed,0.0,7320.0,0.0,42.7,12,714.0,0,0.176,1,Semiurban,33300.0,4.6,1270.0,Rejected
APP100077,42,Female,Yes,1,Not Graduate,Yes,Salaried,1.5,6330.0,1750.0,27.2,360,614.0,0,0.112,1,Urban,38000.0,11.5,8330.0,Rejected
APP102898,33,Female,No,0,Not Graduate,No,Salaried,1.4,4860.0,520.0,11.9,120,622.0,0,0.042,0,Semiurban,29900.0,1.6,13870.0,Rejected
APP101314,46,Male,Yes,2,Graduate,,Business Owner,0.8,4130.0,880.0,13.6,12,,0,0.211,1,Semiurban,45500.0,5.7,14120.0,Approved
APP104416,31,Male,No,3+,Graduate,No,Salaried,0.7,12930.0,0.0,60.7,180,578.0,1,0.602,0,Rural,17100.0,5.2,7920.0,Rejected
APP100872,42,Male,No,0,Not Graduate,Yes,Self-Employed,8.1,3820.0,2160.0,27.0,360,565.0,0,0.148,1,Urban,34600.0,5.6,8080.0,Rejected
APP103850,56,Male,Yes,0,Graduate,No,Business Owner,6.2,7490.0,0.0,18.6,120,507.0,0,0.464,1,Urban,16400.0,0.7,3890.0,Rejected
APP104836,41,Female,Yes,0,Graduate,Yes,Unemployed,0.0,2190.0,2920.0,19.2,120,523.0,0,0.403,1,Semiurban,61900.0,0.6,21820.0,Rejected
APP102965,46,Female,No,0,Graduate,No,Salaried,8.8,3410.0,1090.0,13.4,60,,1,0.265,1,Urban,,0.8,4210.0,Approved
APP103391,30,Male,No,0,Not Graduate,No,Self-Employed,1.8,6460.0,0.0,26.9,120,649.0,1,0.29,1,Semiurban,46900.0,16.8,3840.0,Rejected
APP102560,48,Male,Yes,2,Graduate,No,Salaried,0.2,2180.0,0.0,10.0,60,566.0,1,0.422,1,Urban,35600.0,2.2,3770.0,Rejected
APP104946,48,Female,Yes,0,Graduate,No,Self-Employed,1.9,3250.0,1110.0,,84,510.0,1,0.159,1,Rural,19900.0,7.6,470.0,Rejected
APP102635,50,Female,No,0,Graduate,Yes,Self-Employed,0.0,7630.0,6630.0,30.9,120,701.0,0,0.099,1,Rural,32200.0,2.7,2780.0,Approved
APP103530,45,Female,No,1,Graduate,No,Business Owner,0.1,1860.0,2410.0,16.6,180,685.0,1,0.537,1,Rural,30500.0,5.6,9630.0,Rejected
APP100375,47,Male,No,0,Graduate,No,Self-Employed,6.3,5870.0,0.0,34.7,84,727.0,2,0.26,1,Semiurban,68900.0,10.7,6050.0,Rejected
APP101908,36,Male,Yes,1,Not Graduate,No,Unemployed,0.0,3640.0,1550.0,23.5,180,785.0,1,0.192,1,Rural,47700.0,2.7,2420.0,Rejected
APP104376,32,Male,Yes,0,Not Graduate,No,Self-Employed,4.9,1360.0,1290.0,12.5,84,590.0,2,0.207,1,Semiurban,75900.0,0.1,8170.0,Rejected
APP104423,41,Female,No,1,Graduate,No,Salaried,4.1,8350.0,0.0,42.6,12,601.0,1,0.153,1,Rural,19500.0,4.2,280.0,Rejected
APP104027,51,Male,No,1,Not Graduate,No,Self-Employed,1.2,5540.0,730.0,37.0,180,718.0,1,0.42,1,Urban,45400.0,8.7,2850.0,Rejected
APP101604,27,Female,Yes,0,Graduate,No,Business Owner,3.4,4810.0,1020.0,16.7,240,603.0,0,0.331,1,Urban,20500.0,15.4,3070.0,Rejected
APP101118,44,Female,Yes,,Graduate,No,Self-Employed,2.0,9000.0,0.0,31.7,360,667.0,0,0.161,1,Semiurban,68600.0,1.5,21300.0,Approved
APP103677,58,Male,Yes,0,Graduate,No,Unemployed,0.0,5170.0,1310.0,11.3,12,719.0,1,0.491,1,Urban,43300.0,3.8,3900.0,Rejected
APP103490,35,Male,Yes,2,Graduate,No,Business Owner,2.9,3510.0,2390.0,,12,731.0,0,0.172,1,Semiurban,42300.0,5.0,2930.0,Approved
APP104913,35,Female,Yes,1,Not Graduate,No,Salaried,10.4,2450.0,0.0,10.0,360,645.0,3,0.579,1,Urban,5100.0,13.1,9480.0,Rejected
APP102958,43,Female,No,0,Graduate,Yes,Unemployed,0.0,4030.0,6360.0,45.1,36,618.0,1,0.278,1,Urban,58300.0,6.4,5770.0,Rejected
APP101994,36,Male,Yes,3+,Graduate,No,Salaried,1.7,2230.0,790.0,,360,730.0,0,0.265,0,Urban,100000.0,7.5,6450.0,Approved
APP102346,23,Female,Yes,1,Not Graduate,No,Salaried,5.5,3860.0,1140.0,13.3,12,802.0,0,0.49,1,Rural,,10.9,2220.0,Approved
APP104399,37,Male,No,1,Not Graduate,No,Salaried,2.5,3180.0,2070.0,28.2,84,582.0,2,0.594,1,Urban,29700.0,6.4,17440.0,Rejected
APP102376,36,Female,Yes,0,Not Graduate,Yes,Salaried,1.3,4160.0,2600.0,24.4,60,569.0,0,0.242,1,Semiurban,102000.0,6.0,15090.0,Approved
APP101342,46,Male,Yes,,Graduate,No,Salaried,1.8,5660.0,3050.0,29.6,36,679.0,0,0.364,0,Urban,52000.0,8.3,11740.0,Rejected
APP100320,42,Female,No,0,Not Graduate,Yes,Salaried,3.8,6200.0,2520.0,35.2,360,579.0,0,0.219,1,Rural,25200.0,2.7,16670.0,Rejected
APP101619,47,Female,Yes,0,Graduate,No,Salaried,3.0,5820.0,0.0,13.1,12,593.0,0,0.345,1,Semiurban,16000.0,4.1,5430.0,Rejected
APP103713,39,Male,Yes,3+,Not Graduate,No,Unemployed,0.0,1920.0,2080.0,10.2,84,566.0,1,0.066,0,Semiurban,67600.0,2.8,5290.0,Rejected
APP102060,44,Female,Yes,0,Not Graduate,Yes,Unemployed,0.0,8150.0,0.0,46.0,180,792.0,2,0.368,1,Rural,22000.0,3.5,1550.0,Rejected
APP102219,27,Male,No,0,Graduate,No,Salaried,3.6,2980.0,1720.0,19.5,12,622.0,1,0.135,1,Semiurban,25200.0,3.8,2740.0,Rejected
APP101673,25,Male,No,0,Graduate,No,Unemployed,0.0,3310.0,2230.0,24.5,60,636.0,0,0.171,1,Semiurban,26100.0,9.3,1260.0,Rejected
APP100260,50,Male,No,2,Graduate,No,Salaried,4.5,3290.0,0.0,16.9,60,758.0,1,0.464,1,Urban,55400.0,13.1,2940.0,Approved
APP104461,56,Female,Yes,0,Graduate,Yes,Salaried,9.1,4770.0,3430.0,43.1,36,750.0,0,0.259,1,Rural,38200.0,6.2,6500.0,Rejected
APP102039,36,Female,Yes,3+,Not Graduate,No,Salaried,0.2,2520.0,1910.0,10.0,12,743.0,0,0.068,0,Semiurban,25300.0,1.5,4840.0,Approved
APP100901,25,Male,Yes,0,Graduate,Yes,Salaried,0.3,18230.0,2310.0,38.1,360,674.0,1,0.123,0,Urban,26300.0,6.5,5850.0,Rejected
APP103744,26,Male,Yes,0,Graduate,No,Self-Employed,24.3,3010.0,0.0,17.7,60,483.0,0,0.641,1,Semiurban,34100.0,12.4,7550.0,Rejected
APP102026,43,Female,No,0,Not Graduate,No,Business Owner,5.1,4920.0,1880.0,37.6,60,638.0,1,0.095,1,Semiurban,16700.0,10.9,5790.0,Approved
APP104234,64,Female,Yes,0,Graduate,Yes,Salaried,9.5,15870.0,2870.0,109.3,60,551.0,0,0.399,1,Urban,20800.0,1.9,4040.0,Rejected
APP101917,42,Male,No,0,Not Graduate,No,Salaried,1.7,2150.0,0.0,10.0,120,760.0,0,0.245,1,Urban,55300.0,4.0,23700.0,Approved
APP101828,34,Female,Yes,1,Not Graduate,,Salaried,20.1,2670.0,2100.0,10.3,36,683.0,0,0.149,1,Urban,29000.0,5.7,3030.0,Approved
APP101573,21,Male,No,0,Not Graduate,No,Salaried,1.8,5100.0,0.0,28.6,36,649.0,0,0.07,1,Urban,61600.0,6.3,4420.0,Approved
APP104438,35,Male,Yes,1,Graduate,No,Unemployed,0.0,6600.0,0.0,13.1,180,697.0,0,0.533,1,Rural,34300.0,18.4,2600.0,Rejected
APP104208,37,Male,Yes,0,Graduate,No,Salaried,12.9,4640.0,3920.0,49.4,120,,1,0.481,1,Semiurban,36500.0,6.9,3040.0,Approved
APP100224,49,Male,No,2,Graduate,No,Salaried,5.1,3310.0,1770.0,16.1,84,685.0,0,0.48,1,Rural,44100.0,3.1,4650.0,Approved
APP100723,21,Female,Yes,,Not Graduate,No,Salaried,2.0,2450.0,4400.0,11.2,60,689.0,2,0.747,0,Semiurban,48100.0,12.3,14780.0,Rejected
APP104530,45,Male,Yes,1,Not Graduate,No,Self-Employed,5.2,3040.0,0.0,10.0,84,591.0,0,0.593,1,Rural,6500.0,5.6,5740.0,Rejected
APP101141,22,Male,Yes,3+,Not Graduate,Yes,Business Owner,0.7,1490.0,0.0,10.0,12,,0,0.309,1,Urban,13000.0,6.4,660.0,Approved
APP102762,37,Female,Yes,2,Graduate,No,Business Owner,9.0,4970.0,1930.0,21.6,84,695.0,0,0.183,1,Rural,18400.0,0.1,17460.0,Approved
APP100846,25,Male,No,1,Graduate,No,Salaried,2.5,2900.0,6270.0,30.4,84,852.0,1,0.102,1,Urban,23500.0,0.5,7060.0,Approved
APP102551,48,Male,Yes,1,Graduate,No,Salaried,2.8,4140.0,1380.0,22.3,12,300.0,1,0.035,1,Urban,,18.7,5750.0,Rejected
APP102928,50,Female,Yes,0,Graduate,Yes,Salaried,4.1,3980.0,0.0,10.0,84,813.0,0,0.068,1,Urban,129500.0,0.8,6050.0,Approved
APP100117,35,Female,Yes,0,Not Graduate,No,Business Owner,5.7,1900.0,0.0,10.0,180,639.0,0,0.259,1,Semiurban,36400.0,2.5,4130.0,Rejected
APP100645,46,Male,Yes,0,Not Graduate,No,Salaried,1.2,2320.0,1720.0,10.6,120,614.0,0,0.267,1,Semiurban,60600.0,0.5,4720.0,Rejected
APP100003,31,Female,Yes,0,Not Graduate,Yes,Salaried,0.2,3920.0,0.0,21.9,84,580.0,0,0.504,1,Semiurban,69000.0,4.9,9140.0,Rejected
APP104170,31,Female,No,0,Not Graduate,Yes,Salaried,8.1,1440.0,0.0,10.0,240,749.0,0,0.245,1,Semiurban,25800.0,1.7,6320.0,Approved
APP100467,34,Male,Yes,0,Not Graduate,Yes,Salaried,2.6,2450.0,0.0,14.2,180,596.0,1,0.298,1,Semiurban,18700.0,9.0,23620.0,Rejected
APP100005,44,Male,Yes,0,Not Graduate,No,Salaried,9.2,4050.0,5120.0,35.9,180,733.0,2,0.415,1,Semiurban,9600.0,1.2,5800.0,Rejected
APP100919,29,Female,Yes,0,Graduate,No,Self-Employed,0.0,3100.0,0.0,10.0,60,502.0,2,0.465,1,Urban,26600.0,0.3,19540.0,Rejected
APP102595,21,Male,No,0,Not Graduate,No,Salaried,1.0,3730.0,0.0,10.3,120,624.0,0,0.204,1,Urban,12000.0,0.0,5860.0,Rejected
APP101063,31,Male,Yes,1,Not Graduate,No,Salaried,0.6,5530.0,0.0,30.0,360,721.0,2,0.288,1,Urban,19000.0,7.8,1260.0,Rejected
APP102590,48,Female,Yes,0,Not Graduate,No,Salaried,3.5,2850.0,3120.0,31.1,120,639.0,2,0.233,0,Semiurban,15000.0,5.9,6230.0,Rejected
APP100242,44,Male,Yes,0,Graduate,No,Salaried,10.1,4400.0,0.0,14.7,360,637.0,4,0.37,1,Urban,35400.0,9.8,2760.0,Rejected
APP101160,45,Male,Yes,0,Graduate,No,Salaried,4.4,4450.0,2940.0,12.0,180,542.0,1,0.506,1,Semiurban,27600.0,6.4,1360.0,Rejected
APP102870,45,Female,No,3+,Not Graduate,Yes,Unemployed,0.0,7210.0,0.0,24.5,60,743.0,0,0.062,1,Urban,35000.0,7.6,3670.0,Approved
APP103735,34,Male,No,1,Not Graduate,No,Business Owner,1.3,1850.0,1050.0,,12,,0,0.228,1,Urban,30800.0,6.9,5070.0,Approved
APP102397,56,Female,Yes,2,Graduate,No,Salaried,3.9,12260.0,1690.0,47.8,36,667.0,0,0.293,1,Semiurban,59100.0,2.7,2780.0,Approved
APP103517,33,Female,Yes,0,Graduate,Yes,Business Owner,0.8,6500.0,0.0,22.6,360,658.0,0,0.463,1,Rural,41300.0,1.6,3320.0,Rejected
APP103421,42,Male,No,0,Graduate,No,Salaried,7.4,4600.0,1380.0,10.0,84,637.0,0,0.182,1,Urban,86400.0,11.4,3550.0,Approved
APP102563,52,Female,No,0,Graduate,No,Unemployed,0.0,6200.0,0.0,35.8,84,741.0,1,0.132,1,Semiurban,44500.0,7.0,1820.0,Rejected
APP101605,21,Male,Yes,2,Graduate,Yes,Business Owner,4.9,6020.0,0.0,17.1,84,585.0,3,0.387,1,Rural,153300.0,4.3,4440.0,Approved
APP104877,37,Female,Yes,0,Not Graduate,No,Self-Employed,2.0,6810.0,0.0,12.0,12,896.0,1,0.398,1,Semiurban,40200.0,1.6,4720.0,Approved
APP102324,23,Male,Yes,1,Graduate,No,Self-Employed,3.6,4770.0,2360.0,41.5,84,680.0,0,0.103,1,Rural,61400.0,3.8,31650.0,Approved
APP102709,46,Female,Yes,0,Not Graduate,No,Salaried,2.9,7360.0,1250.0,13.1,120,522.0,1,0.174,1,Rural,26600.0,8.8,4120.0,Rejected
APP104442,36,Male,Yes,0,Not Graduate,No,Business Owner,0.3,10290.0,1750.0,32.1,180,618.0,0,0.181,1,Semiurban,46000.0,7.2,6480.0,Approved
APP101312,32,Female,Yes,2,Graduate,No,Salaried,14.2,1270.0,0.0,10.0,36,703.0,2,0.231,1,Urban,26800.0,4.8,900.0,Rejected
APP103448,69,Male,No,1,Graduate,Yes,Self-Employed,4.8,4880.0,0.0,28.3,180,623.0,0,0.726,1,Semiurban,107000.0,0.8,79490.0,Approved
APP103812,47,Female,No,0,Graduate,No,Business Owner,2.6,3670.0,4000.0,22.3,12,576.0,0,0.395,0,Urban,30500.0,2.3,2610.0,Rejected
APP104702,21,Female,Yes,0,Graduate,No,Self-Employed,4.6,3160.0,4150.0,20.9,36,756.0,0,0.186,1,Urban,33200.0,3.6,9180.0,Approved
APP102362,27,Male,Yes,0,Graduate,No,Self-Employed,1.9,5810.0,5980.0,65.7,12,733.0,0,0.477,1,Rural,18500.0,6.4,4300.0,Rejected
APP101975,34,Male,Yes,1,Graduate,Yes,Unemployed,0.0,5860.0,1900.0,32.6,360,811.0,1,0.126,1,Semiurban,32100.0,3.1,4330.0,Approved
APP103514,47,Male,Yes,0,Not Graduate,No,Salaried,15.6,5430.0,0.0,14.9,240,801.0,2,0.353,1,Semiurban,55400.0,4.5,4850.0,Approved
APP101761,43,Female,Yes,3+,Graduate,No,Business Owner,1.2,2530.0,0.0,10.0,84,686.0,0,0.424,1,Rural,26500.0,1.3,2380.0,Rejected
APP102739,30,Male,No,0,Graduate,No,Self-Employed,2.1,5000.0,0.0,23.5,240,800.0,2,0.275,0,Semiurban,48400.0,10.2,7480.0,Approved
APP104706,26,Female,Yes,0,Graduate,No,Salaried,28.7,3530.0,0.0,,180,581.0,0,0.25,0,Rural,30000.0,2.9,7240.0,Approved
APP102472,35,Female,Yes,0,Not Graduate,No,Salaried,2.0,2080.0,0.0,10.0,36,635.0,1,0.239,1,Semiurban,9700.0,12.2,9200.0,Rejected
APP104007,50,Male,No,2,Graduate,No,Self-Employed,6.6,12160.0,2710.0,39.0,36,720.0,0,0.28,1,Rural,,13.5,4160.0,Approved
APP101493,29,Female,Yes,3+,Not Graduate,Yes,Business Owner,11.7,1940.0,920.0,10.8,180,701.0,1,0.499,1,Rural,24100.0,2.9,3840.0,Approved
APP104206,29,Male,No,0,Graduate,No,Self-Employed,4.4,10400.0,1790.0,25.5,120,733.0,0,0.14,1,Rural,4200.0,11.1,2070.0,Approved
APP102158,55,Female,Yes,0,Graduate,No,Business Owner,8.6,3880.0,1950.0,25.2,84,684.0,1,0.457,0,Rural,58800.0,1.9,10170.0,Rejected
APP101169,30,Female,No,0,Graduate,No,Self-Employed,0.7,6090.0,7520.0,,60,,1,0.315,1,Semiurban,112900.0,2.0,1620.0,Approved
APP104561,37,Female,No,0,Graduate,Yes,Salaried,4.6,4140.0,690.0,20.7,84,625.0,2,0.124,1,Semiurban,25900.0,5.2,31800.0,Approved
APP100232,36,Male,Yes,1,Not Graduate,No,Salaried,2.5,1990.0,1520.0,10.0,180,,1,0.152,1,Semiurban,18500.0,3.7,5280.0,Rejected
APP100066,48,Female,Yes,0,Graduate,No,Salaried,12.0,4700.0,0.0,16.7,84,787.0,1,0.403,1,Semiurban,74100.0,2.9,19100.0,Approved
APP101603,21,Male,No,0,Not Graduate,Yes,Self-Employed,3.3,2010.0,0.0,10.0,180,695.0,1,0.394,1,Urban,28300.0,0.0,2970.0,Rejected
APP103283,49,Male,Yes,2,Graduate,No,Salaried,8.7,15630.0,2730.0,30.4,120,667.0,0,0.368,0,Urban,25900.0,5.3,10210.0,Rejected
APP103596,53,Male,Yes,0,Not Graduate,No,Unemployed,0.0,6390.0,860.0,12.6,84,790.0,2,0.307,1,Semiurban,50300.0,7.3,2620.0,Rejected
APP100125,24,Male,Yes,3+,Graduate,Yes,Unemployed,0.0,7870.0,0.0,45.2,240,640.0,1,0.05,1,Urban,70800.0,10.5,2440.0,Approved
APP101296,41,Male,No,,Graduate,No,Unemployed,0.0,4760.0,3570.0,12.8,240,585.0,3,0.187,1,Rural,32100.0,7.4,7390.0,Rejected
APP101976,48,Male,Yes,0,Graduate,No,Business Owner,1.7,6510.0,3610.0,57.5,360,545.0,0,0.036,1,Rural,55500.0,20.5,3180.0,Rejected
APP104562,39,Male,No,,Graduate,Yes,Self-Employed,3.1,4420.0,1090.0,,12,832.0,1,0.055,1,Rural,72100.0,1.6,19550.0,Approved
APP104526,38,Male,No,0,Not Graduate,No,Salaried,8.4,6700.0,1250.0,39.3,120,622.0,0,0.074,1,Rural,63400.0,1.3,2640.0,Approved
APP102075,30,Male,No,0,Graduate,No,Salaried,5.9,3830.0,3190.0,19.4,36,515.0,0,0.126,1,Urban,36300.0,12.2,16580.0,Rejected
APP103086,37,Male,Yes,3+,Graduate,No,Business Owner,4.4,4470.0,2460.0,12.5,12,583.0,0,0.304,1,Urban,39700.0,2.7,2780.0,Approved
APP104870,31,Male,Yes,0,Graduate,Yes,Salaried,5.5,3250.0,0.0,13.9,84,669.0,0,0.383,1,Semiurban,149200.0,0.7,15070.0,Approved
APP103345,45,Male,No,2,Not Graduate,No,Business Owner,7.6,2230.0,0.0,10.0,36,601.0,2,0.226,1,Urban,13700.0,10.4,25960.0,Rejected
APP104509,41,Female,No,0,Graduate,Yes,Unemployed,0.0,6880.0,870.0,15.5,60,797.0,2,0.173,1,Urban,50600.0,4.0,4770.0,Approved
APP102797,33,Male,Yes,1,Graduate,No,Salaried,0.4,1530.0,0.0,,60,523.0,0,0.243,1,Urban,,2.3,6540.0,Rejected
APP100918,40,Male,No,0,Graduate,No,Salaried,1.5,2920.0,0.0,10.0,84,647.0,0,0.195,1,Rural,47500.0,7.2,2210.0,Rejected
APP101646,43,Female,Yes,2,Graduate,Yes,Salaried,0.4,4700.0,2610.0,33.9,12,729.0,0,0.547,1,Urban,129800.0,1.6,2420.0,Approved
APP100364,42,Female,Yes,0,Not Graduate,No,Self-Employed,0.3,2880.0,0.0,15.2,120,517.0,2,0.466,1,Semiurban,9000.0,7.4,3820.0,Rejected
APP103287,57,Female,No,0,Graduate,No,Salaried,4.8,4440.0,2250.0,4564.182644463852,36,639.0,1,0.235,1,Semiurban,9900.0,8.0,2860.0,Rejected
APP102125,55,Female,No,0,Graduate,No,Business Owner,1.0,5610.0,2480.0,22.2,36,796.0,2,0.534,1,Semiurban,37900.0,0.6,1760.0,Rejected
APP104123,43,Male,Yes,3+,Graduate,No,Self-Employed,0.3,5210.0,7000.0,70.7,180,806.0,0,0.245,1,Urban,32900.0,9.6,10410.0,Approved
APP100525,50,Female,Yes,2,Graduate,No,Salaried,23.3,2000.0,3370.0,20.2,84,737.0,0,0.169,1,Urban,109900.0,3.0,1160.0,Approved
APP100055,61,Female,Yes,0,Not Graduate,No,Unemployed,0.0,3920.0,0.0,22.1,12,455.0,1,0.222,1,Rural,24600.0,10.3,7010.0,Rejected
APP100638,49,Male,Yes,0,Not Graduate,Yes,Salaried,18.4,6020.0,5890.0,27.5,60,741.0,1,0.764,1,Urban,31700.0,0.6,9300.0,Rejected
APP100302,37,Female,Yes,0,Graduate,No,Unemployed,0.0,4520.0,0.0,,84,765.0,0,0.356,1,Semiurban,57400.0,1.9,5310.0,Approved
APP102766,43,Male,Yes,2,Graduate,No,Salaried,5.7,5480.0,0.0,27.5,60,799.0,0,0.364,1,Urban,32000.0,14.9,1000.0,Approved
APP101276,21,Male,Yes,0,Graduate,No,Salaried,8.7,4490.0,1780.0,27.6,360,621.0,1,0.557,1,Semiurban,61800.0,10.3,1410.0,Rejected
APP102055,38,Male,Yes,0,Graduate,No,Business Owner,0.7,7990.0,2650.0,50.5,12,602.0,0,0.28,1,Urban,35600.0,16.3,12800.0,Rejected
APP103644,49,Female,Yes,0,Graduate,No,Salaried,6.8,9080.0,1150.0,57.5,120,695.0,2,0.125,1,Urban,,2.9,27020.0,Approved
APP104143,66,Female,No,0,Graduate,No,Salaried,14.8,5440.0,0.0,20.6,84,625.0,3,0.33,1,Urban,144600.0,3.8,4360.0,Approved
APP102878,33,Male,No,3+,Graduate,No,Salaried,3.4,1410.0,2050.0,10.0,12,757.0,1,0.606,1,Semiurban,13500.0,5.5,4650.0,Rejected
APP104202,35,Male,No,0,Graduate,No,Unemployed,0.0,1730.0,0.0,10.0,180,646.0,1,0.34,1,Semiurban,58600.0,3.2,4540.0,Rejected
APP102286,25,Male,Yes,2,Not Graduate,No,Unemployed,0.0,3820.0,0.0,12.4,120,661.0,2,0.179,1,Urban,,1.9,11280.0,Rejected
APP102261,38,Male,Yes,3+,Not Graduate,No,Salaried,2.4,2770.0,3440.0,35.5,120,693.0,0,0.052,1,Urban,85400.0,6.6,9400.0,Approved
APP102296,24,Male,No,2,Not Graduate,No,Salaried,6.7,2190.0,1370.0,13.2,36,642.0,0,0.495,1,Semiurban,11200.0,6.9,15880.0,Rejected
APP101753,30,Female,Yes,0,Not Graduate,No,Salaried,3.5,2760.0,1730.0,10.0,120,781.0,0,0.452,1,Semiurban,60200.0,5.3,14930.0,Approved
APP101968,21,Male,Yes,0,Graduate,No,Salaried,5.1,2810.0,2120.0,14.2,36,564.0,1,0.274,1,Urban,27500.0,9.8,1470.0,Rejected
APP104395,37,Female,Yes,0,Graduate,No,Self-Employed,2.9,2720.0,510.0,14.5,60,642.0,1,0.164,1,Rural,79000.0,0.9,1170.0,Approved
APP103117,32,Male,No,0,Not Graduate,No,Salaried,0.1,3150.0,0.0,18.0,240,679.0,0,0.297,1,Semiurban,14600.0,7.6,1110.0,Approved
APP102393,38,Male,Yes,0,Graduate,No,Business Owner,0.6,7400.0,2620.0,26.2,36,502.0,1,0.114,1,Rural,116000.0,2.4,3260.0,Approved
APP100523,49,Male,Yes,0,Graduate,No,Salaried,8.4,1610.0,1710.0,14.2,180,692.0,0,0.32,0,Semiurban,50900.0,7.2,3240.0,Approved
APP103900,25,Female,Yes,0,Graduate,,Salaried,6.9,7010.0,0.0,15.5,240,648.0,3,0.429,1,Rural,23100.0,1.0,62400.0,Rejected
APP103122,57,Male,Yes,0,Graduate,No,Business Owner,4.3,5550.0,470.0,16.2,84,712.0,1,0.245,1,Urban,109400.0,7.6,11730.0,Approved
APP104156,45,Female,No,1,Not Graduate,No,Salaried,13.4,5610.0,4750.0,43.7,36,631.0,0,0.432,1,Urban,119100.0,4.7,11910.0,Approved
APP101969,24,Male,Yes,0,Graduate,No,Business Owner,0.5,4690.0,1460.0,16.3,36,484.0,0,0.427,1,Semiurban,120700.0,1.1,1840.0,Rejected
APP100671,21,Male,No,0,Graduate,No,Business Owner,7.2,3170.0,800.0,,360,515.0,0,0.141,1,Rural,32100.0,4.9,9980.0,Rejected
APP104188,42,Female,No,3+,Graduate,No,Self-Employed,4.0,3680.0,2830.0,28.6,84,471.0,0,0.555,1,Urban,23300.0,4.3,7880.0,Rejected
APP100666,35,Female,Yes,3+,Not Graduate,No,Salaried,1.1,4380.0,1940.0,23.0,180,633.0,0,0.129,1,Semiurban,48100.0,4.5,12200.0,Rejected
APP104382,25,Male,No,1,Graduate,No,Business Owner,1.4,1830.0,0.0,10.0,120,603.0,0,0.248,1,Semiurban,21000.0,0.8,1980.0,Rejected
APP101887,21,Female,Yes,1,Graduate,No,Salaried,0.4,5480.0,0.0,11.7,120,690.0,0,0.518,1,Rural,39300.0,2.2,2760.0,Rejected
APP103266,51,Male,Yes,0,Graduate,No,Salaried,22.6,7200.0,5260.0,73.5,60,679.0,0,0.133,1,Urban,13400.0,0.7,4440.0,Approved
APP100280,44,Female,No,0,Graduate,No,Self-Employed,1.6,3150.0,0.0,15.2,84,606.0,0,0.091,1,Semiurban,29600.0,4.2,8130.0,Rejected
APP101719,39,Male,No,0,Not Graduate,No,Salaried,5.6,4590.0,0.0,23.5,12,717.0,0,0.067,0,Rural,28500.0,0.7,13210.0,Approved
APP102947,21,Male,Yes,1,Not Graduate,No,Salaried,3.3,12860.0,8670.0,114.6,60,610.0,2,0.476,1,Semiurban,57300.0,1.0,1450.0,Rejected
APP100899,28,Male,Yes,0,Graduate,Yes,Self-Employed,2.9,6900.0,560.0,43.4,120,605.0,1,0.466,1,Semiurban,26000.0,4.5,8810.0,Rejected
APP104899,25,Male,Yes,1,Not Graduate,No,Salaried,7.5,3650.0,0.0,18.4,60,,2,0.116,1,Rural,12700.0,5.3,8980.0,Approved
APP100760,31,Male,Yes,0,Not Graduate,Yes,Salaried,4.5,4350.0,3530.0,14.6,60,466.0,0,0.437,1,Semiurban,,0.9,1240.0,Rejected
APP101906,54,Male,Yes,0,Graduate,,Salaried,2.6,4640.0,0.0,21.7,84,,0,0.155,1,Rural,15400.0,11.6,4480.0,Rejected
APP104042,50,Female,No,1,Graduate,No,Salaried,1.8,2230.0,0.0,13.0,12,650.0,0,0.159,1,Semiurban,31500.0,1.3,7730.0,Rejected
APP103823,52,Male,No,0,Graduate,No,Self-Employed,7.0,6040.0,0.0,14.2,240,530.0,1,0.484,0,Rural,34700.0,5.6,15150.0,Rejected
APP104138,59,Male,Yes,0,Not Graduate,No,Unemployed,0.0,4470.0,0.0,10.0,120,677.0,0,0.136,1,Urban,47500.0,0.0,40280.0,Rejected
APP103818,37,Female,Yes,0,Not Graduate,No,Self-Employed,4.6,4770.0,0.0,13.2,36,750.0,0,0.069,1,Rural,32800.0,15.9,690.0,Approved
APP104300,35,Female,No,1,Graduate,No,Self-Employed,0.3,7680.0,0.0,,60,536.0,1,0.265,1,Urban,,1.2,6680.0,Rejected
APP102593,49,Male,Yes,1,Graduate,No,Salaried,1.4,3880.0,0.0,20.0,60,473.0,0,0.37,1,Rural,193300.0,7.9,7730.0,Rejected
APP104164,38,Female,Yes,1,Not Graduate,No,Business Owner,6.9,3140.0,0.0,11.9,60,619.0,0,0.314,1,Urban,38700.0,40.0,11690.0,Approved
APP103031,36,Female,Yes,2,Graduate,No,Self-Employed,0.2,1420.0,0.0,10.0,60,737.0,0,0.455,1,Urban,29500.0,0.3,3740.0,Rejected
APP103579,38,Male,Yes,0,Graduate,Yes,Salaried,1.8,5370.0,2690.0,28.4,84,649.0,3,0.451,1,Semiurban,26900.0,9.8,28060.0,Rejected
APP102832,32,Male,Yes,0,Graduate,,Salaried,6.6,5180.0,1430.0,24.4,180,573.0,1,0.124,1,Rural,88200.0,0.9,860.0,Approved
APP103472,24,Female,Yes,,Graduate,No,Salaried,2.3,3940.0,710.0,27.8,360,610.0,1,0.098,1,Rural,36500.0,9.1,7900.0,Rejected
APP100137,24,Male,No,0,Graduate,Yes,Salaried,5.0,3670.0,0.0,10.0,180,675.0,0,0.24,1,Semiurban,21700.0,0.4,7210.0,Approved
APP102180,32,Female,Yes,3+,Not Graduate,No,Salaried,5.0,1200.0,0.0,10.0,360,702.0,1,0.383,1,Urban,61000.0,14.3,4780.0,Approved
APP102128,32,Male,Yes,1,Graduate,No,Business Owner,2.5,12630.0,1900.0,73.0,12,687.0,1,0.047,1,Rural,30100.0,4.5,4510.0,Rejected
APP103177,28,Male,Yes,0,Graduate,No,Salaried,2.1,9300.0,0.0,41.6,360,677.0,1,0.285,1,Semiurban,11000.0,2.3,7100.0,Rejected
APP104411,37,Male,Yes,0,Graduate,No,Salaried,6.1,4050.0,0.0,,120,551.0,1,0.207,1,Rural,45700.0,2.9,9370.0,Approved
APP104261,49,Male,Yes,2,Not Graduate,Yes,Unemployed,0.0,5570.0,3530.0,24.0,120,579.0,0,0.275,1,Rural,10800.0,0.5,2820.0,Rejected
APP104344,40,Female,Yes,0,Not Graduate,,Self-Employed,13.4,8390.0,0.0,23.5,36,669.0,0,0.474,1,Semiurban,36600.0,1.7,4720.0,Approved
APP101331,41,Female,No,0,Graduate,No,Unemployed,0.0,3190.0,0.0,14.1,84,757.0,0,0.318,1,Rural,41300.0,11.4,3860.0,Rejected
APP102017,40,Male,No,0,Graduate,Yes,Business Owner,5.1,5550.0,560.0,12.2,12,696.0,1,0.248,1,Rural,38400.0,8.2,8020.0,Approved
APP102482,33,Male,Yes,1,Graduate,No,Salaried,0.7,3040.0,1180.0,17.0,36,659.0,0,0.305,1,Urban,66300.0,0.0,14640.0,Approved
APP101358,44,Male,Yes,0,Not Graduate,No,Salaried,0.7,1970.0,2490.0,20.5,60,728.0,1,0.297,1,Semiurban,27400.0,3.9,2220.0,Approved
APP101329,28,Male,No,0,Graduate,No,Unemployed,0.0,8720.0,6690.0,69.1,240,555.0,0,0.038,1,Semiurban,17100.0,2.9,3840.0,Rejected
APP102150,42,Female,Yes,,Not Graduate,No,Unemployed,0.0,2100.0,0.0,12.1,12,653.0,1,0.137,1,Urban,190700.0,1.1,8680.0,Approved
APP102122,38,Male,Yes,2,Graduate,No,Self-Employed,4.1,2270.0,800.0,18.0,180,741.0,0,0.546,1,Semiurban,26500.0,2.3,17020.0,Rejected
APP103981,24,Male,Yes,1,Graduate,No,Unemployed,0.0,7910.0,0.0,34.7,240,661.0,1,0.491,1,Rural,11600.0,3.2,4460.0,Rejected
APP101252,35,Male,Yes,2,Graduate,No,Salaried,15.1,1770.0,0.0,10.0,60,786.0,1,0.664,1,Urban,41100.0,17.7,490.0,Approved
APP103278,40,Male,Yes,2,Graduate,No,Unemployed,0.0,3680.0,0.0,16.6,84,758.0,1,0.217,0,Rural,72600.0,9.3,900.0,Rejected
APP103374,35,Male,No,0,Graduate,No,Salaried,3.2,10960.0,0.0,45.4,84,693.0,2,0.159,1,Semiurban,40700.0,0.1,11680.0,Approved
APP102814,36,Female,Yes,3+,Graduate,No,Self-Employed,0.4,10290.0,0.0,23.8,240,859.0,1,0.613,1,Urban,53300.0,7.6,6170.0,Approved
APP101848,53,Male,Yes,0,Graduate,No,Salaried,13.7,5190.0,0.0,11.5,180,634.0,1,0.053,1,Urban,18200.0,4.3,1050.0,Approved
APP103037,56,Female,Yes,1,Graduate,No,Salaried,4.3,4970.0,910.0,27.6,12,752.0,0,0.11,0,Urban,12400.0,4.2,5070.0,Approved
APP100388,28,Female,Yes,0,Graduate,No,Salaried,0.3,4790.0,1200.0,28.6,84,719.0,1,0.324,1,Semiurban,18100.0,9.8,5020.0,Rejected
APP100235,43,Female,Yes,1,Not Graduate,No,Salaried,10.3,4100.0,2230.0,12.3,240,674.0,1,0.247,1,Rural,42600.0,1.0,6080.0,Approved
APP101077,45,Male,Yes,0,Graduate,No,Salaried,5.1,2860.0,0.0,10.0,120,,1,0.426,1,Urban,58600.0,3.5,7580.0,Rejected
APP101984,45,Male,Yes,0,Graduate,No,Salaried,1.9,6200.0,0.0,,360,747.0,0,0.184,1,Rural,68700.0,3.3,2810.0,Approved
APP104363,36,Male,Yes,0,Not Graduate,No,Salaried,6.0,6190.0,2670.0,50.8,360,613.0,0,0.04,1,Rural,13100.0,3.1,2030.0,Rejected
APP103962,30,Female,No,1,Not Graduate,No,Self-Employed,3.8,3360.0,3070.0,26.8,36,662.0,1,0.12,0,Semiurban,,2.7,8580.0,Rejected
APP100770,30,Female,Yes,0,Graduate,No,Salaried,9.1,6060.0,1260.0,15.0,36,814.0,3,0.266,1,Semiurban,64000.0,1.3,6540.0,Approved
APP102165,32,Female,Yes,0,Graduate,No,Salaried,0.0,5560.0,3260.0,32.6,36,597.0,1,0.184,1,Urban,17700.0,3.1,1620.0,Rejected
APP100673,32,Male,No,0,Not Graduate,No,Self-Employed,3.7,11410.0,3590.0,41.0,120,718.0,0,0.567,1,Rural,59100.0,1.7,1700.0,Rejected
APP100249,21,Male,No,0,Graduate,No,Business Owner,1.6,4110.0,1540.0,11.7,36,634.0,0,0.561,1,Rural,16800.0,2.5,12320.0,Rejected
APP101574,30,Female,No,2,Graduate,No,Salaried,5.7,6990.0,1040.0,27.2,120,628.0,0,0.123,1,Urban,165900.0,3.3,1620.0,Approved
APP103419,35,Male,Yes,1,Not Graduate,Yes,Salaried,16.8,2670.0,890.0,19.0,360,729.0,2,0.224,1,Semiurban,18900.0,2.9,21070.0,Approved
APP102081,21,Male,No,0,Graduate,No,Salaried,2.4,6020.0,0.0,14.3,180,607.0,1,0.187,1,Urban,26200.0,12.2,7420.0,Rejected
APP101823,34,Female,No,0,Graduate,Yes,Salaried,7.1,3160.0,0.0,12.6,12,703.0,1,0.162,1,Rural,38900.0,16.5,9720.0,Approved
APP100716,30,Male,Yes,0,Graduate,No,Unemployed,0.0,12700.0,2240.0,65.6,240,633.0,4,0.292,1,Urban,37300.0,15.1,9350.0,Rejected
APP104715,37,Male,Yes,1,Graduate,No,Salaried,1.0,8710.0,2000.0,60.0,120,678.0,0,0.016,1,Semiurban,58500.0,0.9,3180.0,Approved
APP102048,38,Male,Yes,1,Graduate,No,Unemployed,0.0,3360.0,760.0,11.0,36,703.0,1,0.363,1,Rural,16900.0,3.6,8360.0,Rejected
APP104178,42,Female,Yes,3+,Not Graduate,No,Salaried,1.0,4610.0,740.0,31.0,240,696.0,1,0.458,1,Rural,30200.0,3.2,3590.0,Rejected
APP102724,45,Male,Yes,3+,Graduate,No,Salaried,1.1,3460.0,1550.0,29.8,240,580.0,0,0.239,1,Rural,16700.0,3.2,2350.0,Rejected
APP104566,21,Female,No,1,Not Graduate,No,Self-Employed,0.9,4900.0,3910.0,27.8,60,659.0,0,0.228,1,Semiurban,22800.0,5.1,6600.0,Approved
APP101460,55,Male,Yes,0,Not Graduate,No,Unemployed,0.0,2070.0,0.0,10.0,36,791.0,0,0.141,1,Semiurban,50300.0,0.5,4470.0,Rejected
APP101668,36,Male,Yes,0,Graduate,No,Salaried,2.2,10670.0,0.0,41.2,36,650.0,2,0.077,1,Urban,19100.0,11.5,23380.0,Approved
APP102756,52,Male,Yes,0,Not Graduate,Yes,Self-Employed,15.8,3360.0,1200.0,,60,793.0,2,0.409,1,Urban,21600.0,12.4,2090.0,Approved
APP102000,28,Male,Yes,0,Not Graduate,No,Self-Employed,7.4,1330.0,1200.0,13.5,84,703.0,1,0.18,0,Semiurban,37900.0,2.0,3960.0,Rejected
APP100404,25,Male,Yes,,Not Graduate,No,Self-Employed,4.0,3280.0,1430.0,25.7,60,540.0,1,0.207,1,Semiurban,25800.0,0.4,820.0,Rejected
APP100384,51,Male,No,0,Graduate,No,Salaried,1.1,3300.0,1100.0,18.1,360,498.0,0,0.386,1,Semiurban,18200.0,2.0,4020.0,Rejected
APP104537,48,Male,No,0,Not Graduate,No,Business Owner,5.6,1710.0,2220.0,21.0,120,502.0,2,0.181,1,Urban,49900.0,7.5,17260.0,Rejected
APP102152,39,Female,No,0,Not Graduate,No,Salaried,0.6,3490.0,1150.0,10.0,60,596.0,1,0.382,1,Semiurban,58100.0,8.1,3320.0,Rejected
APP101633,21,Male,Yes,1,Not Graduate,No,Self-Employed,1.6,4510.0,0.0,10.0,240,617.0,1,0.719,1,Rural,100600.0,15.6,3240.0,Rejected
APP104631,42,Female,Yes,2,Graduate,No,Business Owner,1.6,8440.0,0.0,49.8,12,723.0,0,0.259,1,Urban,223400.0,2.0,2040.0,Approved
APP103925,37,Male,Yes,1,Graduate,No,Salaried,0.8,6010.0,1940.0,22.6,12,601.0,1,0.47,1,Urban,27300.0,8.2,11190.0,Rejected
APP104158,46,Male,No,,Graduate,No,Business Owner,0.5,1830.0,2240.0,10.0,120,663.0,0,0.402,1,Rural,8700.0,0.9,10300.0,Rejected
APP100223,26,Male,No,2,Not Graduate,Yes,Salaried,0.9,2280.0,0.0,10.0,180,850.0,0,0.251,1,Urban,45600.0,14.4,3840.0,Approved
APP102193,31,Male,Yes,0,Graduate,No,Business Owner,1.6,15290.0,0.0,87.3,240,703.0,0,0.181,1,Urban,32400.0,0.8,3450.0,Rejected
APP103136,52,Male,Yes,1,Not Graduate,No,Business Owner,0.8,3470.0,0.0,12.4,360,501.0,0,0.151,1,Urban,99900.0,5.3,13130.0,Approved
APP101824,21,Male,No,0,Not Graduate,No,Salaried,9.0,7160.0,0.0,28.8,84,794.0,1,0.337,1,Semiurban,41200.0,17.1,6820.0,Approved
APP104657,64,Male,Yes,2,Graduate,,Business Owner,1.6,4680.0,1680.0,34.7,180,713.0,2,0.232,0,Semiurban,58100.0,1.7,2820.0,Rejected
APP100797,51,Female,Yes,0,Graduate,No,Unemployed,0.0,2250.0,0.0,10.2,180,444.0,1,0.518,1,Rural,31000.0,7.6,1770.0,Rejected
APP102871,35,Female,Yes,1,Graduate,Yes,Business Owner,17.0,9780.0,0.0,50.5,180,844.0,1,0.629,1,Semiurban,38200.0,4.2,1180.0,Rejected
APP100009,57,Male,Yes,0,Graduate,No,Business Owner,0.5,4740.0,4390.0,50.1,240,542.0,0,0.257,1,Semiurban,38200.0,12.6,2420.0,Rejected
APP101944,41,Female,Yes,,Not Graduate,No,Salaried,2.5,9240.0,0.0,21.7,84,704.0,0,0.511,1,Semiurban,38800.0,2.7,46500.0,Approved
APP101838,39,Male,Yes,1,Not Graduate,No,Salaried,2.2,12550.0,2480.0,69.5,36,767.0,0,0.258,1,Urban,48300.0,0.3,1210.0,Approved
APP100255,48,Male,Yes,0,Not Graduate,No,Salaried,0.5,5830.0,0.0,18.6,360,573.0,0,0.174,1,Urban,83600.0,1.1,2800.0,Approved
APP104553,40,Male,No,0,Not Graduate,,Self-Employed,1.4,1200.0,0.0,,60,754.0,0,0.036,1,Semiurban,57800.0,1.1,11600.0,Approved
APP101581,40,Female,No,2,Graduate,No,Self-Employed,1.1,8170.0,3430.0,55.1,84,691.0,0,0.418,1,Semiurban,60000.0,0.6,6800.0,Approved
APP102956,21,Female,Yes,1,Graduate,No,Salaried,4.0,13320.0,2010.0,80.9,240,740.0,0,0.618,1,Urban,24400.0,0.6,5950.0,Rejected
APP100924,56,Female,Yes,1,Graduate,No,Unemployed,0.0,2280.0,0.0,10.0,60,603.0,0,0.32,1,Semiurban,28200.0,0.3,5020.0,Rejected
APP104473,37,Male,Yes,1,Graduate,Yes,Unemployed,0.0,8550.0,0.0,36.6,36,692.0,0,0.252,1,Rural,31400.0,0.4,6550.0,Rejected
APP102508,43,Female,No,1,Graduate,,Salaried,7.4,4580.0,1310.0,15.0,12,709.0,0,0.074,1,Semiurban,29900.0,4.0,1890.0,Approved
APP103775,55,Male,Yes,0,Graduate,Yes,Self-Employed,6.8,2190.0,2130.0,25.7,120,622.0,1,0.374,1,Urban,45100.0,3.5,4510.0,Approved
APP104136,40,Female,Yes,0,Graduate,No,Self-Employed,3.3,3900.0,0.0,12.5,120,510.0,0,0.071,1,Urban,70000.0,20.0,2120.0,Approved
APP102779,54,Male,No,1,Graduate,No,Salaried,7.5,1700.0,4910.0,21.9,240,551.0,1,0.247,1,Rural,15400.0,2.5,2230.0,Rejected
APP100539,46,Female,No,0,Not Graduate,Yes,Salaried,3.4,3180.0,0.0,,240,681.0,1,0.305,1,Rural,34700.0,2.6,7740.0,Approved
APP102745,34,Female,Yes,0,Not Graduate,No,Salaried,7.0,2820.0,1180.0,19.7,84,698.0,1,0.2,1,Urban,83000.0,4.3,1230.0,Approved
APP104543,49,Male,No,0,Graduate,No,Salaried,0.4,5110.0,450.0,8723.338960366198,240,660.0,0,0.258,1,Rural,34300.0,0.8,1840.0,Approved
APP104616,29,Female,Yes,1,Graduate,Yes,Salaried,2.8,5590.0,0.0,22.8,12,721.0,0,0.341,1,Urban,31800.0,5.1,23960.0,Approved
APP101145,21,Male,No,0,Graduate,No,Unemployed,0.0,9040.0,0.0,51.9,240,690.0,1,0.431,1,Semiurban,,3.0,1180.0,Rejected
APP104468,70,Female,Yes,,Not Graduate,No,Salaried,4.9,6880.0,2370.0,22.5,120,606.0,1,0.164,1,Rural,113800.0,0.3,2540.0,Rejected
APP100667,33,Female,Yes,3+,Not Graduate,No,Unemployed,0.0,2060.0,0.0,12.2,240,662.0,1,0.315,1,Semiurban,45900.0,10.2,2410.0,Rejected
APP103019,44,Male,Yes,,Graduate,No,Unemployed,0.0,5180.0,0.0,16.3,60,614.0,1,0.245,1,Semiurban,18100.0,8.5,4710.0,Rejected
APP100357,33,Male,No,3+,Not Graduate,No,Self-Employed,0.1,10670.0,0.0,48.3,240,620.0,0,0.578,1,Semiurban,28600.0,7.7,6750.0,Rejected
APP102831,29,Male,Yes,1,Graduate,No,Self-Employed,9.4,5810.0,910.0,29.6,36,607.0,0,0.138,1,Semiurban,55500.0,3.6,1650.0,Rejected
APP102783,28,Female,Yes,0,Graduate,No,Salaried,11.8,7530.0,8830.0,45.3,36,681.0,0,0.147,1,Semiurban,29400.0,16.1,2490.0,Approved
APP101353,27,Female,Yes,1,Graduate,No,Unemployed,0.0,3800.0,0.0,11.7,60,763.0,1,0.357,1,Rural,39300.0,6.2,2490.0,Approved
APP100470,36,Male,Yes,1,Graduate,,Self-Employed,16.1,1800.0,0.0,10.0,120,566.0,0,0.702,1,Rural,37000.0,7.9,18200.0,Rejected
APP102703,49,Male,No,1,Not Graduate,No,Business Owner,0.7,5050.0,0.0,10.0,84,575.0,3,0.356,1,Semiurban,27200.0,5.0,23270.0,Rejected
APP103330,40,Male,Yes,0,Not Graduate,No,Unemployed,0.0,6540.0,4410.0,26.9,120,591.0,0,0.138,1,Urban,63600.0,1.4,26110.0,Rejected
APP103637,49,Female,Yes,1,Graduate,No,Self-Employed,1.4,3140.0,3330.0,24.5,12,687.0,1,0.243,1,Urban,60300.0,6.1,2410.0,Approved
APP101396,56,Male,No,0,Graduate,No,Salaried,3.3,2620.0,2310.0,10.0,60,526.0,1,0.183,1,Rural,37500.0,0.1,32100.0,Approved
APP103584,36,Male,Yes,0,Not Graduate,No,Salaried,8.9,6890.0,0.0,20.5,120,622.0,2,0.09,1,Semiurban,40100.0,2.0,2790.0,Approved
APP104531,39,Female,Yes,0,Graduate,No,Unemployed,0.0,1880.0,1510.0,16.6,12,634.0,0,0.206,1,Urban,145600.0,0.7,3010.0,Approved
APP103376,32,Female,Yes,2,Graduate,No,Self-Employed,8.9,6520.0,0.0,24.8,120,749.0,1,0.204,1,Semiurban,73700.0,1.3,5260.0,Approved
APP101256,51,Female,Yes,,Not Graduate,No,Unemployed,0.0,3290.0,4420.0,12.2,240,765.0,1,0.121,1,Rural,45600.0,14.9,2740.0,Approved
APP103512,23,Female,No,0,Not Graduate,No,Salaried,3.8,5840.0,7010.0,26.7,360,636.0,3,0.546,1,Semiurban,29500.0,12.0,16270.0,Rejected
APP101250,21,Male,Yes,0,Graduate,No,Salaried,9.2,9020.0,2550.0,26.1,60,655.0,1,0.504,1,Urban,22600.0,15.4,2060.0,Rejected
APP104856,24,Female,Yes,1,Graduate,No,Salaried,0.7,6070.0,2060.0,14.3,84,699.0,1,0.071,1,Rural,26500.0,4.3,7560.0,Approved
APP104298,35,Male,Yes,0,Graduate,No,Business Owner,1.6,2830.0,0.0,10.0,360,525.0,1,0.372,1,Rural,59800.0,2.2,4420.0,Rejected
APP103284,58,Female,No,0,Graduate,Yes,Self-Employed,0.3,1360.0,0.0,10.0,12,625.0,1,0.291,1,Urban,139300.0,19.6,17380.0,Approved
APP102933,21,Female,No,0,Not Graduate,Yes,Salaried,4.1,5230.0,1080.0,10.4,36,628.0,0,0.296,1,Urban,25900.0,11.9,1200.0,Rejected
APP104175,28,Male,Yes,0,Graduate,No,Unemployed,0.0,10080.0,0.0,39.3,60,562.0,2,0.356,1,Urban,104900.0,1.2,2370.0,Rejected
APP101852,36,Male,Yes,0,Graduate,No,Unemployed,0.0,7400.0,630.0,26.6,360,584.0,0,0.325,1,Urban,33400.0,8.5,1910.0,Rejected
APP104918,22,Male,No,0,Not Graduate,Yes,Self-Employed,3.8,2490.0,0.0,10.0,240,640.0,1,0.206,1,Semiurban,127300.0,3.1,2300.0,Approved
APP102105,40,Male,Yes,2,Not Graduate,Yes,Self-Employed,1.4,4850.0,1420.0,33.4,180,900.0,0,0.288,1,Semiurban,42300.0,8.4,2020.0,Approved
APP100133,60,Male,No,0,Graduate,No,Business Owner,3.2,7110.0,0.0,19.6,12,615.0,1,0.038,1,Semiurban,117100.0,1.1,8340.0,Approved
APP100928,45,Male,No,0,Graduate,No,Business Owner,2.0,3140.0,1380.0,26.0,120,665.0,2,0.175,1,Urban,19200.0,4.4,4380.0,Rejected
APP100823,41,Female,Yes,1,Not Graduate,Yes,Salaried,7.3,4930.0,2300.0,11.6,240,612.0,0,0.169,1,Rural,14800.0,25.2,5650.0,Approved
APP104588,25,Male,Yes,0,Not Graduate,,Self-Employed,5.9,6620.0,1410.0,39.0,180,801.0,1,0.473,1,Semiurban,25600.0,15.9,1790.0,Rejected
APP101531,37,Male,Yes,0,Graduate,No,Salaried,3.2,7000.0,0.0,36.2,180,672.0,2,0.116,1,Urban,167800.0,1.0,9440.0,Approved
APP101214,42,Female,Yes,1,Graduate,No,Salaried,2.2,15250.0,3220.0,89.6,180,787.0,0,0.349,1,Semiurban,58600.0,10.8,8790.0,Approved
APP100504,40,Male,No,2,Graduate,No,Salaried,9.2,7040.0,0.0,,180,608.0,0,0.2,1,Semiurban,106900.0,2.4,330.0,Rejected
APP104285,25,Female,Yes,0,Graduate,Yes,Business Owner,3.6,8720.0,1520.0,53.7,240,627.0,1,0.203,1,Semiurban,38400.0,0.5,930.0,Rejected
APP101996,34,Female,Yes,0,Graduate,No,Salaried,3.1,4910.0,0.0,10.0,60,655.0,0,0.594,1,Semiurban,32700.0,12.7,6020.0,Rejected
APP103072,35,Male,Yes,0,Not Graduate,No,Business Owner,7.2,4160.0,3870.0,12.1,240,514.0,0,0.357,1,Semiurban,31000.0,0.4,14490.0,Rejected
APP101958,46,Female,No,0,Not Graduate,No,Salaried,5.3,3690.0,0.0,10.6,60,787.0,0,0.45,0,Rural,20200.0,5.9,5120.0,Approved
APP101384,49,Male,Yes,0,Not Graduate,Yes,Salaried,0.9,2490.0,810.0,17.2,84,667.0,0,0.374,1,Semiurban,44500.0,12.1,5150.0,Rejected
APP100894,54,Female,No,0,Not Graduate,Yes,Salaried,1.1,1730.0,3190.0,,360,,0,0.617,1,Semiurban,16900.0,3.4,4300.0,Approved
APP100455,42,Female,No,1,Graduate,No,Self-Employed,6.4,2830.0,3550.0,36.7,36,628.0,0,0.232,1,Semiurban,53200.0,2.2,10970.0,Rejected
APP104683,33,Male,No,1,Not Graduate,No,Salaried,3.9,5680.0,0.0,27.5,240,651.0,0,0.362,1,Urban,31300.0,0.7,6370.0,Rejected
APP103709,41,Female,Yes,1,Not Graduate,No,Salaried,3.4,5800.0,1290.0,11.1,36,610.0,0,0.171,1,Semiurban,,1.1,3740.0,Approved
APP104665,21,Male,Yes,0,Graduate,,Business Owner,3.9,5800.0,3760.0,50.8,360,485.0,2,0.351,1,Semiurban,83500.0,1.1,1560.0,Rejected
APP104268,51,Male,Yes,0,Not Graduate,No,Salaried,2.2,6940.0,0.0,33.9,84,828.0,1,0.117,1,Rural,64900.0,8.3,7400.0,Approved
APP103522,50,Female,Yes,0,Graduate,No,Salaried,14.5,5340.0,2430.0,14.4,240,573.0,3,0.157,1,Urban,18000.0,1.5,74700.0,Approved
APP104134,44,Male,No,2,Graduate,Yes,Self-Employed,2.7,8840.0,1650.0,41.5,240,741.0,0,0.302,0,Semiurban,20600.0,3.1,9490.0,Approved
APP103602,36,Male,Yes,1,Graduate,,Unemployed,0.0,3710.0,990.0,15.4,120,748.0,0,0.247,1,Semiurban,37800.0,0.4,5470.0,Rejected
APP100713,39,Female,Yes,1,Not Graduate,No,Salaried,20.2,3050.0,0.0,13.7,12,413.0,1,0.239,1,Semiurban,43000.0,2.8,1590.0,Rejected
APP104186,30,Female,Yes,3+,Graduate,No,Salaried,1.7,11460.0,0.0,36.7,36,707.0,0,0.334,1,Semiurban,28300.0,2.2,890.0,Approved
APP102214,37,Male,Yes,0,Not Graduate,No,Self-Employed,17.1,1200.0,1340.0,10.0,84,620.0,2,0.064,1,Rural,28000.0,0.3,7240.0,Rejected
APP102923,42,Male,Yes,1,Not Graduate,No,Business Owner,7.4,1900.0,1030.0,10.2,60,660.0,1,0.254,1,Rural,23000.0,19.9,2470.0,Rejected
APP101810,46,Female,No,2,Graduate,Yes,Self-Employed,3.9,6970.0,2730.0,35.1,180,,0,0.225,1,Semiurban,12500.0,1.9,4220.0,Approved
APP103486,37,Female,Yes,0,Not Graduate,No,Business Owner,8.3,1920.0,3270.0,28.1,240,783.0,0,0.086,1,Urban,61600.0,3.6,14990.0,Approved
APP103141,59,Male,Yes,1,Graduate,No,Self-Employed,7.2,3740.0,1900.0,29.4,180,723.0,1,0.228,1,Urban,7200.0,7.2,3050.0,Approved
APP101827,21,Male,Yes,0,Graduate,No,Salaried,1.8,10230.0,1100.0,29.4,180,590.0,0,0.645,1,Rural,31300.0,0.0,4020.0,Rejected
APP101155,33,Female,Yes,0,Graduate,Yes,Self-Employed,15.0,5350.0,1190.0,30.2,60,728.0,1,0.611,1,Semiurban,69000.0,4.7,3450.0,Approved
APP101324,26,Male,Yes,0,Graduate,No,Salaried,0.8,4420.0,0.0,12.4,360,570.0,0,0.539,1,Rural,39100.0,0.3,2870.0,Rejected
APP104312,44,Female,No,0,Graduate,No,Self-Employed,2.7,2890.0,0.0,15.0,84,521.0,0,0.369,1,Urban,8300.0,11.3,3780.0,Rejected
APP100510,41,Male,Yes,0,Graduate,Yes,Self-Employed,0.4,9940.0,1420.0,54.4,36,544.0,1,0.371,1,Rural,19400.0,11.0,790.0,Rejected
APP101680,55,Male,Yes,0,Not Graduate,No,Self-Employed,3.6,5330.0,1540.0,27.0,36,678.0,4,0.335,1,Rural,15300.0,2.4,6630.0,Rejected
APP100499,31,Male,No,0,Graduate,No,Self-Employed,7.7,5040.0,0.0,16.7,84,565.0,0,0.065,1,Rural,99600.0,0.2,12400.0,Approved
APP104581,48,Male,Yes,0,Not Graduate,Yes,Unemployed,0.0,2450.0,4890.0,18.2,60,895.0,1,0.228,1,Semiurban,29700.0,5.1,6100.0,Approved
APP101856,49,Male,Yes,3+,Graduate,No,Salaried,0.2,6290.0,1210.0,36.4,84,608.0,3,0.275,1,Urban,13300.0,17.9,25490.0,Rejected
APP101388,38,Female,Yes,2,Not Graduate,No,Self-Employed,18.3,2590.0,0.0,10.0,120,605.0,2,0.66,1,Semiurban,60100.0,6.9,4850.0,Rejected
APP103719,54,Male,Yes,0,Graduate,Yes,Salaried,1.0,7780.0,0.0,29.3,12,571.0,1,0.341,1,Semiurban,56400.0,0.9,11650.0,Rejected
APP102386,39,Female,Yes,0,Not Graduate,No,Self-Employed,1.5,6590.0,1390.0,13.7,180,632.0,0,0.054,1,Rural,45600.0,7.9,22060.0,Rejected
APP103236,31,Female,Yes,2,Not Graduate,,Self-Employed,1.8,4300.0,0.0,12.6,36,807.0,1,0.472,1,Rural,15700.0,15.2,5700.0,Approved
APP101540,33,Female,No,1,Not Graduate,No,Business Owner,18.7,2370.0,3790.0,16.3,12,632.0,1,0.584,1,Rural,143300.0,5.3,3430.0,Approved
APP101217,45,Male,Yes,2,Graduate,No,Unemployed,0.0,3790.0,1130.0,11.0,120,808.0,0,0.159,1,Rural,46500.0,17.2,7960.0,Approved
APP102681,47,Male,Yes,0,Not Graduate,No,Unemployed,0.0,6010.0,1360.0,19.4,84,482.0,1,0.592,1,Urban,21300.0,3.3,1660.0,Rejected
APP102993,49,Male,Yes,0,Graduate,No,Salaried,3.0,4040.0,0.0,10.1,240,622.0,0,0.116,1,Rural,33500.0,4.6,23750.0,Approved
APP101191,37,Male,Yes,1,Graduate,Yes,Unemployed,0.0,2000.0,2020.0,10.0,12,700.0,0,0.373,1,Rural,23100.0,3.8,2380.0,Rejected
APP101542,44,Male,Yes,0,Graduate,No,Unemployed,0.0,9800.0,920.0,20.2,120,639.0,1,0.317,1,Semiurban,50900.0,1.1,2890.0,Rejected
APP103301,47,Male,No,3+,Graduate,No,Salaried,14.6,5580.0,1520.0,29.7,180,720.0,0,0.304,1,Urban,32000.0,5.6,2500.0,Approved
APP103324,30,Male,No,0,Graduate,No,Salaried,10.8,12870.0,0.0,27.7,84,479.0,1,0.18,1,Semiurban,129600.0,2.3,1790.0,Approved
APP102539,44,Female,No,3+,Graduate,No,Salaried,11.5,1730.0,0.0,10.0,84,678.0,2,0.232,0,Urban,11900.0,16.4,11530.0,Rejected
APP100953,37,Male,No,0,Graduate,Yes,Salaried,6.0,7930.0,1130.0,36.7,240,659.0,0,0.151,0,Urban,36200.0,1.8,1470.0,Approved
APP104330,30,Female,Yes,0,Graduate,No,Self-Employed,13.4,2700.0,0.0,12.4,36,723.0,0,0.247,1,Urban,59800.0,15.6,10430.0,Approved
APP100732,56,Male,No,2,Graduate,No,Salaried,7.4,1980.0,0.0,10.0,180,629.0,0,0.376,1,Urban,13600.0,2.9,600.0,Rejected
APP101156,27,Male,No,0,Graduate,No,Salaried,8.4,6220.0,1940.0,15.0,180,611.0,0,0.417,1,Semiurban,128800.0,2.0,4620.0,Approved
APP103294,31,Female,Yes,0,Graduate,No,Business Owner,0.5,12570.0,2070.0,62.4,360,606.0,1,0.157,1,Semiurban,,0.6,3650.0,Approved
APP102982,30,Female,No,2,Graduate,No,Salaried,2.7,1790.0,0.0,10.4,60,743.0,1,0.316,1,Semiurban,28400.0,0.3,2400.0,Rejected
APP102156,29,Male,No,0,Graduate,No,Salaried,3.4,3170.0,1570.0,10.0,180,832.0,2,0.453,1,Semiurban,14800.0,1.1,2680.0,Approved
APP101062,42,Male,Yes,0,Graduate,Yes,Self-Employed,2.9,6850.0,0.0,23.0,360,644.0,0,0.187,1,Semiurban,15400.0,11.7,3900.0,Rejected
APP102616,43,Female,Yes,0,Graduate,No,Unemployed,0.0,12690.0,1800.0,72.5,240,600.0,0,0.203,1,Semiurban,17600.0,1.8,2970.0,Rejected
APP101167,30,Female,No,2,Graduate,No,Salaried,0.2,2600.0,2100.0,25.6,12,795.0,0,0.246,0,Semiurban,24100.0,0.2,1990.0,Rejected
APP103222,32,Male,No,0,Not Graduate,No,Unemployed,0.0,3720.0,1820.0,25.2,180,626.0,0,0.517,1,Semiurban,49600.0,10.4,6030.0,Rejected
APP103636,37,Female,Yes,0,Not Graduate,No,Salaried,3.3,3620.0,2960.0,24.1,84,713.0,1,0.126,1,Rural,43800.0,2.0,8080.0,Approved
APP102938,44,Male,No,1,Graduate,No,Self-Employed,9.2,4130.0,1750.0,16.0,120,621.0,0,0.502,1,Urban,22700.0,2.6,6360.0,Rejected
APP104491,28,Female,No,0,Not Graduate,No,Salaried,1.3,3780.0,1840.0,15.2,120,663.0,1,0.291,0,Urban,198300.0,23.4,630.0,Approved
APP103140,35,Female,No,1,Graduate,No,Salaried,6.4,2280.0,0.0,10.0,360,677.0,0,0.236,0,Urban,34900.0,9.5,7100.0,Approved
APP100143,40,Male,Yes,2,Graduate,No,Salaried,0.8,6270.0,1620.0,17.0,36,736.0,1,0.042,1,Semiurban,26600.0,8.7,25430.0,Rejected
APP103577,30,Male,No,0,Graduate,No,Self-Employed,2.4,6790.0,0.0,12.9,84,498.0,0,0.216,1,Semiurban,44600.0,2.3,48930.0,Rejected
APP102782,42,Male,Yes,3+,Not Graduate,No,Salaried,0.5,1220.0,2530.0,10.6,60,533.0,1,0.227,1,Urban,28400.0,10.1,2850.0,Rejected
APP100717,33,Female,No,2,Graduate,No,Business Owner,4.2,4590.0,0.0,19.4,360,512.0,0,0.348,1,Semiurban,89600.0,1.6,8630.0,Rejected
APP101819,39,Female,Yes,3+,Graduate,No,Salaried,11.7,2930.0,1750.0,13.8,84,734.0,0,0.287,1,Semiurban,63700.0,14.6,3940.0,Approved
APP102502,25,Male,Yes,0,Not Graduate,No,Salaried,5.7,4290.0,0.0,20.2,240,838.0,1,0.352,1,Semiurban,29300.0,13.9,22740.0,Approved
APP104360,36,Female,Yes,1,Graduate,No,Self-Employed,1.7,2550.0,0.0,10.4,180,649.0,1,0.136,1,Semiurban,42900.0,17.2,510.0,Approved
APP104171,26,Female,Yes,0,Not Graduate,No,Salaried,3.0,3220.0,0.0,12.9,360,730.0,0,0.205,1,Urban,27200.0,0.4,16050.0,Rejected
APP100395,61,Female,Yes,,Graduate,No,Unemployed,0.0,3540.0,0.0,10.0,240,569.0,0,0.368,0,Semiurban,101100.0,0.5,3040.0,Rejected
APP104885,60,Male,No,0,Not Graduate,No,Salaried,4.2,2430.0,1480.0,15.2,360,692.0,1,0.274,1,Rural,83000.0,4.3,3710.0,Approved
APP104492,39,Male,No,0,Not Graduate,No,Self-Employed,5.1,3310.0,0.0,16.6,120,551.0,1,0.176,1,Semiurban,43300.0,2.2,12730.0,Rejected
APP101365,43,Male,No,2,Graduate,No,Salaried,0.0,5700.0,0.0,25.3,60,753.0,0,0.407,1,Urban,12500.0,10.1,5350.0,Approved
APP104603,37,Male,No,0,Not Graduate,No,Salaried,6.6,3620.0,3280.0,,240,579.0,1,0.063,1,Semiurban,7700.0,1.3,12180.0,Approved
APP100595,40,Male,Yes,1,Graduate,No,Salaried,3.8,4730.0,1230.0,25.7,120,804.0,0,0.268,1,Urban,29100.0,10.4,1540.0,Approved
APP103952,36,Female,No,0,Not Graduate,No,Salaried,9.4,3730.0,0.0,10.0,120,659.0,1,0.448,1,Semiurban,,2.6,1330.0,Rejected
APP102914,39,Male,Yes,1,Graduate,No,Business Owner,2.2,10200.0,0.0,18.7,360,664.0,0,0.223,1,Semiurban,30100.0,10.7,8390.0,Approved
APP102326,49,Female,Yes,2,Graduate,No,Unemployed,0.0,2020.0,0.0,10.0,120,759.0,3,0.314,1,Urban,51200.0,1.2,10030.0,Rejected
APP103766,40,Male,No,0,Graduate,No,Self-Employed,8.0,2840.0,2410.0,20.6,240,,0,0.153,1,Urban,42800.0,3.0,1010.0,Approved
APP103440,47,Female,No,0,Graduate,No,Salaried,0.0,4120.0,1110.0,23.4,12,491.0,0,0.101,1,Semiurban,84900.0,0.2,17350.0,Rejected
APP103851,46,Male,Yes,0,Graduate,Yes,Salaried,2.7,5260.0,0.0,20.9,36,810.0,0,0.14,0,Rural,13500.0,18.9,1250.0,Rejected
APP104132,32,Female,No,2,Graduate,No,Business Owner,20.6,4820.0,3650.0,27.7,180,636.0,0,0.3,1,Semiurban,32200.0,7.7,2350.0,Approved
APP104929,23,Female,Yes,0,Graduate,No,Salaried,8.5,3990.0,1200.0,18.0,36,571.0,0,0.236,1,Rural,61200.0,10.0,3800.0,Approved
APP102143,35,Male,Yes,0,Not Graduate,,Salaried,5.6,2280.0,770.0,12.2,120,509.0,1,0.178,1,Semiurban,131300.0,6.9,27970.0,Approved
APP101571,43,Female,No,0,Graduate,No,Self-Employed,0.8,3650.0,0.0,13.8,360,,0,0.233,1,Urban,21200.0,28.0,18050.0,Rejected
APP104079,35,Male,Yes,0,Graduate,No,Salaried,4.5,3420.0,2990.0,35.7,180,673.0,1,0.123,1,Rural,44900.0,0.7,3530.0,Rejected
APP101122,29,Male,No,0,Not Graduate,No,Salaried,3.6,4630.0,0.0,12.5,12,739.0,0,0.096,1,Rural,109200.0,6.7,1340.0,Approved
APP102786,37,Male,No,0,Not Graduate,No,Salaried,0.0,4780.0,0.0,22.6,360,620.0,0,0.399,1,Semiurban,157300.0,0.6,6750.0,Approved
APP102967,29,Male,Yes,0,Graduate,No,Salaried,4.4,4290.0,0.0,13.3,12,639.0,0,0.23,1,Urban,14300.0,2.4,2010.0,Rejected
APP102504,57,Male,Yes,0,Graduate,No,Salaried,3.6,4810.0,9270.0,49.4,240,624.0,0,0.172,1,Semiurban,33700.0,12.7,17240.0,Approved
APP103465,36,Male,Yes,2,Not Graduate,No,Salaried,4.8,2750.0,0.0,,84,676.0,1,0.231,1,Urban,74600.0,3.2,690.0,Rejected
APP100675,60,Male,Yes,1,Graduate,No,Salaried,7.9,2460.0,0.0,14.4,120,,0,0.376,1,Semiurban,26800.0,6.1,3660.0,Rejected
APP102808,46,Male,No,0,Graduate,No,Salaried,4.6,4390.0,5990.0,22.0,360,658.0,0,0.421,1,Semiurban,19600.0,0.8,1360.0,Rejected
APP103348,52,Male,Yes,0,Not Graduate,Yes,Salaried,1.5,1990.0,840.0,10.0,180,648.0,0,0.53,1,Urban,17600.0,10.1,4600.0,Rejected
APP100728,48,Female,No,3+,Graduate,No,Self-Employed,0.6,3290.0,0.0,10.0,180,576.0,0,0.192,1,Rural,8900.0,19.0,3470.0,Approved
APP100412,31,Female,Yes,0,Graduate,No,Salaried,13.8,12780.0,0.0,68.1,60,667.0,0,0.021,1,Rural,177700.0,1.9,7010.0,Approved
APP103146,47,Female,No,0,Not Graduate,No,Self-Employed,0.5,4490.0,3900.0,16.7,180,591.0,0,0.197,1,Semiurban,36700.0,6.7,4400.0,Approved
APP101516,21,Male,No,2,Graduate,No,Self-Employed,4.6,3600.0,0.0,,84,552.0,1,0.575,1,Rural,32600.0,4.6,4080.0,Rejected
APP100825,50,Female,Yes,0,Graduate,Yes,Salaried,1.4,4590.0,2810.0,39.0,120,529.0,1,0.255,1,Urban,71900.0,1.6,4140.0,Approved
APP103267,34,Male,Yes,,Not Graduate,No,Salaried,8.8,2690.0,0.0,10.0,36,772.0,0,0.189,1,Urban,25700.0,5.4,690.0,Approved
APP103974,49,Female,Yes,2,Graduate,No,Business Owner,12.0,3330.0,1830.0,10.0,84,747.0,0,0.384,1,Urban,25000.0,6.8,3320.0,Approved
APP100616,43,Female,Yes,0,Not Graduate,No,Salaried,5.0,4300.0,0.0,24.6,12,552.0,0,0.143,1,Urban,15600.0,8.8,2160.0,Rejected
APP100114,48,Male,Yes,1,Graduate,Yes,Business Owner,1.0,2360.0,0.0,12.2,84,681.0,0,0.217,1,Urban,16400.0,11.4,3260.0,Rejected
APP100417,49,Female,Yes,3+,Not Graduate,No,Self-Employed,10.4,1470.0,0.0,10.0,12,763.0,1,0.287,1,Semiurban,46000.0,4.1,2720.0,Approved
APP103069,21,Male,Yes,1,Graduate,No,Salaried,2.8,4510.0,1260.0,13.7,36,,0,0.153,1,Rural,37800.0,9.2,10040.0,Approved
APP101625,30,Female,Yes,0,Not Graduate,,Salaried,2.3,3400.0,0.0,17.6,84,603.0,0,0.161,1,Urban,40800.0,1.9,1390.0,Approved
APP103378,56,Female,No,0,Graduate,No,Salaried,4.1,3210.0,0.0,16.5,360,,1,0.511,1,Urban,34400.0,13.2,2740.0,Rejected
APP104185,35,Female,Yes,,Not Graduate,No,Salaried,1.8,1770.0,0.0,10.0,120,644.0,2,0.458,0,Urban,51700.0,0.6,2280.0,Rejected
APP102896,32,Female,Yes,0,Not Graduate,No,Salaried,0.3,2300.0,0.0,10.0,84,734.0,0,0.123,1,Semiurban,56900.0,12.0,10570.0,Approved
APP104718,28,Female,Yes,0,Graduate,No,Unemployed,0.0,4380.0,0.0,15.9,180,581.0,0,0.104,1,Urban,17500.0,10.4,8240.0,Rejected
APP102082,39,Male,Yes,2,Not Graduate,No,Salaried,1.3,3960.0,0.0,11.5,120,803.0,0,0.411,0,Urban,28800.0,20.6,2870.0,Rejected
APP100753,42,Male,Yes,1,Graduate,No,Salaried,2.3,8890.0,0.0,45.5,180,736.0,0,0.457,1,Semiurban,13600.0,2.4,15810.0,Rejected
APP102546,28,Male,No,0,Not Graduate,No,Salaried,1.2,2520.0,0.0,13.5,120,607.0,1,0.188,1,Semiurban,9900.0,2.7,8570.0,Rejected
APP103969,36,Male,No,0,Graduate,No,Salaried,0.3,6430.0,0.0,19.4,12,619.0,0,0.408,1,Urban,55100.0,1.4,21910.0,Rejected
APP103373,34,Male,No,0,Graduate,No,Business Owner,13.0,4500.0,1470.0,27.6,36,511.0,0,0.27,1,Semiurban,66600.0,6.5,10370.0,Approved
APP104107,49,Male,Yes,0,Not Graduate,No,Salaried,10.7,3820.0,0.0,22.0,180,522.0,2,0.279,1,Semiurban,60800.0,4.2,3100.0,Rejected
APP102444,36,Female,Yes,0,Graduate,Yes,Self-Employed,4.5,8110.0,1630.0,47.7,120,669.0,1,0.344,1,Urban,22900.0,17.6,5980.0,Rejected
APP104380,37,Male,Yes,0,Graduate,No,Business Owner,0.3,4630.0,0.0,22.6,120,611.0,0,0.357,1,Semiurban,25400.0,2.2,2540.0,Rejected
APP101066,33,Male,No,,Graduate,No,Salaried,5.7,2280.0,1950.0,24.4,36,747.0,0,0.228,1,Urban,,5.5,10580.0,Rejected
APP103913,30,Female,Yes,0,Graduate,No,Salaried,10.4,5680.0,0.0,10.0,12,641.0,2,0.084,1,Urban,56200.0,6.4,9440.0,Approved
APP103498,21,Female,Yes,0,Graduate,No,Salaried,16.3,6270.0,0.0,23.6,84,700.0,0,0.39,1,Urban,51800.0,15.8,7260.0,Approved
APP102738,35,Male,Yes,0,Not Graduate,Yes,Self-Employed,2.5,3760.0,0.0,10.0,60,594.0,0,0.059,1,Rural,5900.0,5.5,970.0,Rejected
APP104000,27,Male,Yes,2,Not Graduate,No,Salaried,2.6,4650.0,0.0,10.0,120,553.0,1,0.127,1,Semiurban,15000.0,1.4,12170.0,Rejected
APP101568,41,Female,Yes,1,Graduate,No,Self-Employed,2.1,2790.0,2630.0,,180,737.0,0,0.55,1,Urban,60500.0,5.3,3170.0,Approved
APP102427,22,Male,No,2,Not Graduate,Yes,Salaried,0.2,2350.0,0.0,10.0,84,795.0,1,0.314,1,Urban,26900.0,1.7,760.0,Approved
APP103746,54,Male,No,0,Graduate,No,Salaried,4.7,3160.0,2140.0,21.9,120,623.0,0,0.209,1,Rural,87900.0,14.8,19460.0,Approved
APP104686,27,Male,Yes,2,Graduate,No,Salaried,10.9,3570.0,2620.0,15.1,240,506.0,0,0.196,1,Urban,90000.0,4.9,3960.0,Approved
APP101687,54,Male,Yes,,Graduate,No,Salaried,0.5,12730.0,2110.0,60.0,360,648.0,0,0.103,1,Rural,48300.0,1.0,28130.0,Approved
APP100851,43,Male,Yes,2,Graduate,No,Salaried,0.3,7140.0,0.0,28.0,120,674.0,0,0.099,1,Urban,29800.0,5.9,2410.0,Rejected
APP103546,21,Male,No,0,Graduate,No,Self-Employed,1.8,4320.0,2190.0,10.4,180,519.0,2,0.512,1,Rural,41400.0,2.3,3950.0,Rejected
APP100895,59,Female,No,1,Not Graduate,No,Salaried,2.1,4370.0,2920.0,17.4,60,687.0,0,0.189,1,Rural,14000.0,5.5,6820.0,Approved
APP104592,24,Male,No,1,Not Graduate,No,Salaried,1.0,3270.0,1860.0,26.0,360,710.0,0,0.215,0,Semiurban,29400.0,3.3,3030.0,Approved
APP100335,44,Male,No,1,Graduate,No,Unemployed,0.0,6260.0,1040.0,35.7,120,538.0,0,0.252,1,Rural,184400.0,5.4,1540.0,Approved
APP102839,29,Female,No,0,Graduate,No,Business Owner,0.6,2080.0,3500.0,23.1,12,597.0,0,0.087,0,Urban,34600.0,2.4,22040.0,Rejected
APP103087,23,Female,Yes,1,Graduate,Yes,Salaried,2.7,7230.0,1810.0,51.2,84,831.0,0,0.019,1,Semiurban,31800.0,0.2,19840.0,Approved
APP104611,22,Female,Yes,2,Graduate,No,Business Owner,3.3,2980.0,0.0,10.0,60,434.0,1,0.218,1,Urban,39600.0,8.9,13700.0,Rejected
APP101348,32,Female,Yes,0,Graduate,No,Self-Employed,1.0,2540.0,0.0,,12,648.0,2,0.208,1,Urban,23800.0,4.3,1670.0,Rejected
APP101015,33,Male,Yes,0,Graduate,Yes,Salaried,12.5,6540.0,2620.0,21.3,240,,0,0.636,1,Semiurban,38400.0,5.3,7500.0,Rejected
APP102816,43,Female,No,0,Graduate,No,Salaried,0.4,3990.0,0.0,22.5,240,565.0,0,0.298,1,Semiurban,56600.0,1.9,1920.0,Approved
APP101631,49,Male,Yes,,Not Graduate,Yes,Business Owner,0.0,1200.0,970.0,10.0,240,655.0,2,0.341,0,Urban,32400.0,2.5,4410.0,Rejected
APP102489,37,Female,Yes,2,Graduate,Yes,Salaried,12.6,1700.0,4320.0,11.2,60,695.0,0,0.028,1,Rural,34900.0,7.9,1660.0,Approved
APP103730,37,Female,Yes,0,Not Graduate,No,Salaried,2.2,1540.0,2290.0,19.5,240,518.0,0,0.333,1,Urban,11300.0,2.0,3290.0,Rejected
APP103251,48,Male,Yes,3+,Graduate,Yes,Salaried,0.4,3510.0,2180.0,32.7,360,712.0,0,0.069,1,Rural,58600.0,0.9,3420.0,Approved
APP104681,21,Female,No,2,Graduate,Yes,Salaried,1.8,10520.0,0.0,26.1,240,657.0,2,0.392,1,Urban,22000.0,1.8,3440.0,Rejected
APP102070,25,Female,No,0,Not Graduate,No,Salaried,4.9,2420.0,1220.0,17.0,180,774.0,0,0.033,1,Urban,44500.0,10.3,1460.0,Approved
APP104452,34,Female,Yes,0,Not Graduate,No,Salaried,6.2,4100.0,1560.0,17.0,84,525.0,0,0.555,1,Semiurban,41400.0,3.1,1970.0,Rejected
APP104932,43,Male,No,0,Not Graduate,No,Salaried,7.4,1900.0,0.0,10.0,240,,0,0.584,1,Rural,20700.0,0.6,10630.0,Approved
APP101635,39,Male,Yes,0,Graduate,No,Salaried,7.8,7380.0,1480.0,37.0,36,,0,0.525,1,Urban,17900.0,4.0,12210.0,Approved
APP104646,45,Female,Yes,0,Not Graduate,,Salaried,5.3,4140.0,5270.0,19.4,84,759.0,1,0.148,1,Semiurban,58100.0,9.4,3150.0,Approved
APP102479,29,Female,Yes,0,Not Graduate,No,Salaried,7.0,1870.0,1760.0,10.0,360,838.0,0,0.171,1,Urban,3500.0,8.6,8820.0,Approved
APP102265,38,Male,Yes,3+,Graduate,Yes,Salaried,0.9,2060.0,0.0,10.0,60,598.0,2,0.262,1,Semiurban,25500.0,0.7,770.0,Rejected
APP102959,40,Female,No,3+,Not Graduate,No,Salaried,5.3,6410.0,0.0,30.5,60,640.0,0,0.126,1,Urban,47500.0,6.8,2890.0,Approved
APP104780,35,Female,Yes,1,Graduate,No,Salaried,1.7,2190.0,0.0,10.0,240,717.0,0,0.206,1,Semiurban,,0.8,8490.0,Approved
APP103059,41,Female,Yes,2,Graduate,No,Salaried,3.7,8690.0,0.0,34.6,12,683.0,0,0.117,1,Urban,51300.0,24.7,7100.0,Approved
APP102141,41,Male,Yes,2,Graduate,No,Self-Employed,0.9,7450.0,1340.0,32.1,36,647.0,0,0.06,1,Urban,48900.0,2.5,2830.0,Approved
APP103118,66,Male,Yes,0,Graduate,No,Salaried,5.3,4790.0,1480.0,36.4,120,833.0,0,0.5,1,Urban,111500.0,2.6,1000.0,Approved
APP104773,39,Female,Yes,0,Graduate,No,Salaried,0.5,2680.0,0.0,10.0,12,542.0,0,0.417,0,Semiurban,21300.0,2.1,3490.0,Rejected
APP104045,43,Female,Yes,0,Graduate,Yes,Salaried,16.8,4680.0,1550.0,21.4,84,695.0,1,0.476,1,Rural,,1.8,1660.0,Approved
APP103356,21,Male,Yes,1,Graduate,No,Salaried,1.5,5320.0,1320.0,12.2,36,653.0,1,0.146,1,Urban,12300.0,5.2,10150.0,Rejected
APP102744,43,Male,No,3+,Graduate,No,Business Owner,4.4,3450.0,1060.0,13.0,36,584.0,0,0.271,1,Rural,18100.0,15.7,42220.0,Approved
APP103506,39,Female,Yes,1,Graduate,No,Unemployed,0.0,15550.0,0.0,73.3,240,467.0,0,0.445,1,Urban,41600.0,7.9,1420.0,Rejected
APP101679,21,Male,Yes,0,Graduate,No,Salaried,2.2,1910.0,0.0,10.0,180,714.0,0,0.246,1,Rural,55100.0,26.6,5610.0,Approved
APP104249,38,Male,Yes,0,Not Graduate,No,Salaried,2.8,39330.0,1710.0,109.3,60,,0,0.163,0,Urban,35000.0,2.0,3060.0,Rejected
APP103147,43,Female,Yes,2,Not Graduate,No,Salaried,10.2,4340.0,2720.0,38.7,240,614.0,2,0.102,1,Semiurban,62800.0,4.1,4700.0,Approved
APP102294,28,Male,No,0,Graduate,No,Unemployed,0.0,12920.0,1850.0,85.9,240,574.0,0,0.615,1,Semiurban,39400.0,0.1,2690.0,Rejected
APP100580,60,Male,No,0,Graduate,No,Self-Employed,9.6,3210.0,2330.0,17.6,360,603.0,1,0.156,1,Semiurban,52900.0,22.9,650.0,Approved
APP101470,36,Male,Yes,0,Not Graduate,No,Salaried,2.2,7860.0,0.0,37.5,12,644.0,1,0.212,1,Urban,104300.0,9.1,33160.0,Approved
APP104070,45,Male,No,1,Graduate,No,Unemployed,0.0,5540.0,3390.0,14.0,180,704.0,1,0.044,1,Rural,,5.7,34860.0,Approved
APP103343,49,Male,Yes,1,Graduate,No,Salaried,0.8,3310.0,3030.0,10.2,12,664.0,0,0.274,1,Semiurban,30800.0,0.6,14780.0,Approved
APP104583,30,Male,No,1,Not Graduate,No,Salaried,0.2,3110.0,0.0,12.5,360,738.0,0,0.3,1,Rural,59300.0,0.3,3590.0,Approved
APP103672,39,Male,Yes,1,Graduate,No,Self-Employed,5.5,8770.0,2930.0,61.9,12,506.0,0,0.151,1,Semiurban,36700.0,1.5,13030.0,Rejected
APP100559,48,Female,No,0,Graduate,Yes,Salaried,0.9,7400.0,0.0,,180,596.0,2,0.21,1,Urban,69700.0,6.6,2000.0,Rejected
APP102849,27,Male,Yes,1,Graduate,No,Business Owner,10.4,5390.0,0.0,12.5,36,691.0,1,0.213,1,Rural,20200.0,2.1,8890.0,Approved
APP100512,38,Female,Yes,1,Graduate,No,Salaried,3.2,2150.0,0.0,10.0,120,,1,0.221,1,Semiurban,25600.0,0.6,2090.0,Approved
APP101081,28,Female,No,,Not Graduate,Yes,Salaried,6.6,1200.0,0.0,10.0,360,,3,0.398,1,Semiurban,28700.0,1.2,1630.0,Rejected
APP101664,44,Female,No,0,Not Graduate,No,Business Owner,2.7,3670.0,0.0,16.3,180,556.0,1,0.151,1,Urban,14500.0,14.3,1600.0,Rejected
APP101012,43,Female,No,2,Graduate,Yes,Business Owner,1.9,5380.0,0.0,10.0,240,580.0,1,0.132,1,Rural,72400.0,7.1,56590.0,Approved
APP101931,26,Male,Yes,0,Graduate,No,Business Owner,4.8,4360.0,0.0,23.4,360,600.0,0,0.327,1,Semiurban,39100.0,6.2,1450.0,Rejected
APP101150,38,Male,Yes,0,Graduate,No,Salaried,0.9,2430.0,0.0,10.0,240,714.0,1,0.319,1,Urban,113900.0,7.8,4780.0,Rejected
APP102838,21,Male,Yes,0,Graduate,No,Unemployed,0.0,3270.0,5550.0,34.1,84,565.0,2,0.351,1,Urban,24100.0,0.6,6630.0,Rejected
APP100116,49,Male,No,0,Not Graduate,No,Self-Employed,2.2,6960.0,0.0,23.1,36,709.0,1,0.123,1,Urban,20900.0,5.9,4020.0,Approved
APP100740,57,Male,No,0,Graduate,No,Unemployed,0.0,3690.0,0.0,16.8,36,662.0,1,0.206,1,Urban,41200.0,0.7,1920.0,Rejected
APP104855,29,Male,Yes,2,Not Graduate,Yes,Salaried,2.1,2790.0,2170.0,20.0,180,681.0,1,0.55,1,Rural,25200.0,7.7,13410.0,Rejected
APP103675,45,Male,No,1,Not Graduate,No,Salaried,15.8,1600.0,0.0,10.0,360,619.0,1,0.402,1,Rural,107900.0,15.3,35690.0,Rejected
APP100830,45,Female,No,0,Graduate,,Salaried,6.2,5360.0,0.0,,60,794.0,0,0.715,1,Rural,50300.0,0.8,3190.0,Approved
APP100119,22,Male,Yes,0,Not Graduate,No,Self-Employed,9.0,2860.0,0.0,10.0,240,669.0,0,0.066,1,Urban,21000.0,15.6,46690.0,Approved
APP104828,60,Male,Yes,0,Not Graduate,No,Salaried,6.9,7170.0,0.0,23.9,36,586.0,1,0.422,1,Semiurban,22100.0,1.1,1460.0,Rejected
APP104787,27,Female,No,0,Not Graduate,No,Salaried,4.1,2970.0,0.0,10.4,12,735.0,1,0.113,1,Semiurban,18200.0,4.8,6930.0,Approved
APP100635,60,Female,Yes,1,Graduate,No,Business Owner,0.6,2620.0,1290.0,11.1,360,619.0,0,0.233,1,Rural,26400.0,4.7,16940.0,Rejected
APP104465,33,Female,No,0,Graduate,No,Salaried,6.2,8600.0,2030.0,32.0,360,581.0,2,0.278,1,Semiurban,16400.0,1.6,6950.0,Rejected
APP104364,21,Male,Yes,,Not Graduate,No,Salaried,2.5,4820.0,1970.0,24.6,240,518.0,0,0.274,1,Semiurban,38100.0,2.2,21630.0,Rejected
APP104142,38,Male,Yes,2,Graduate,No,Unemployed,0.0,4490.0,0.0,20.8,240,681.0,0,0.08,1,Semiurban,58400.0,1.3,1260.0,Approved
APP100991,43,Female,No,2,Not Graduate,No,Salaried,0.1,1720.0,0.0,,360,547.0,1,0.203,1,Semiurban,35300.0,6.6,5270.0,Rejected
APP100876,59,Female,Yes,2,Graduate,No,Unemployed,0.0,6150.0,3450.0,55.3,240,729.0,2,0.063,0,Rural,20900.0,12.6,20370.0,Rejected
APP100004,41,Male,Yes,1,Graduate,Yes,Salaried,0.9,4600.0,0.0,24.3,120,516.0,1,0.175,1,Semiurban,30800.0,3.7,1110.0,Rejected
APP103051,44,Male,No,3+,Graduate,No,Salaried,1.8,8740.0,0.0,44.0,180,650.0,0,0.251,1,Urban,20100.0,8.4,5420.0,Rejected
APP103124,39,Male,No,1,Graduate,No,Salaried,10.5,2500.0,0.0,10.0,180,632.0,4,0.247,1,Urban,104100.0,12.2,31370.0,Approved
APP102660,24,Male,No,1,Not Graduate,No,Salaried,7.7,3880.0,1760.0,32.5,360,626.0,3,0.336,1,Rural,31800.0,3.5,2390.0,Rejected
APP102491,36,Female,Yes,0,Graduate,No,Self-Employed,9.3,4790.0,1770.0,30.8,36,683.0,0,0.126,1,Urban,19900.0,12.0,12670.0,Approved
APP103854,23,Female,Yes,0,Graduate,No,Self-Employed,3.3,8140.0,2020.0,,60,646.0,1,0.661,1,Semiurban,41800.0,9.0,3960.0,Rejected
APP101715,24,Male,No,0,Not Graduate,No,Salaried,16.0,3720.0,0.0,14.6,120,634.0,0,0.407,1,Urban,19100.0,2.8,11050.0,Rejected
APP101148,38,Male,Yes,1,Graduate,No,Self-Employed,17.6,3010.0,0.0,16.2,36,682.0,2,0.195,0,Semiurban,65600.0,0.4,43270.0,Approved
APP103261,40,Female,Yes,1,Not Graduate,Yes,Salaried,0.2,8620.0,0.0,,84,774.0,0,0.543,1,Rural,26100.0,5.0,15760.0,Rejected
APP100574,23,Male,No,0,Not Graduate,No,Salaried,16.6,4270.0,1170.0,24.4,84,685.0,0,0.292,1,Semiurban,37500.0,0.2,4050.0,Approved
APP103769,21,Female,Yes,3+,Not Graduate,Yes,Unemployed,0.0,1570.0,0.0,10.0,180,717.0,1,0.386,0,Semiurban,41000.0,7.6,770.0,Rejected
APP103736,35,Male,Yes,3+,Graduate,No,Salaried,1.2,3040.0,0.0,15.6,360,689.0,0,0.027,1,Semiurban,34400.0,7.4,8810.0,Approved
APP104146,36,Female,Yes,0,Graduate,No,Self-Employed,0.6,6370.0,1530.0,21.7,180,748.0,2,0.202,1,Semiurban,28600.0,0.1,5100.0,Approved
APP100853,38,Male,No,1,Not Graduate,No,Salaried,2.0,3230.0,0.0,12.7,240,550.0,0,0.297,1,Rural,26300.0,0.3,2350.0,Rejected
APP101982,42,Male,Yes,3+,Not Graduate,No,Salaried,3.5,5150.0,0.0,10.0,12,652.0,1,0.237,0,Urban,83500.0,2.0,7250.0,Approved
APP102774,41,Female,Yes,0,Not Graduate,No,Salaried,2.6,1650.0,0.0,10.0,12,595.0,3,0.211,1,Urban,31900.0,2.5,5670.0,Rejected
APP101166,42,Female,Yes,0,Not Graduate,No,Salaried,8.2,1930.0,3340.0,28.7,360,631.0,0,0.345,1,Rural,5900.0,1.3,52740.0,Rejected
APP100971,22,Female,No,0,Graduate,Yes,Salaried,10.4,5660.0,3180.0,18.1,120,635.0,1,0.094,1,Urban,28300.0,3.6,18870.0,Approved
APP102701,37,Female,No,0,Graduate,No,Salaried,4.0,2460.0,0.0,10.0,360,652.0,1,0.115,1,Urban,109000.0,3.3,250.0,Approved
APP104495,37,Male,Yes,1,Graduate,Yes,Salaried,9.0,4070.0,3030.0,25.8,84,696.0,0,0.163,1,Urban,24100.0,8.2,12940.0,Approved
APP103847,41,Female,Yes,0,Not Graduate,No,Self-Employed,6.9,2370.0,0.0,10.0,120,650.0,1,0.273,0,Rural,33800.0,0.3,1110.0,Rejected
APP102368,29,Female,Yes,1,Graduate,No,Salaried,0.5,9630.0,1010.0,20.8,360,430.0,0,0.072,1,Semiurban,84300.0,15.3,4990.0,Rejected
APP104115,42,Male,Yes,2,Graduate,No,Salaried,1.8,1590.0,1240.0,10.0,240,541.0,0,0.051,1,Rural,32100.0,3.5,1470.0,Rejected
APP104131,43,Female,No,0,Not Graduate,No,Salaried,4.2,6490.0,0.0,26.6,12,683.0,0,0.682,1,Semiurban,65300.0,1.8,14500.0,Rejected
APP102950,34,Female,Yes,2,Graduate,No,Salaried,2.2,5830.0,1970.0,,360,644.0,0,0.541,1,Semiurban,,0.0,1430.0,Rejected
APP100524,37,Female,No,0,Graduate,No,Salaried,3.1,4930.0,980.0,29.2,240,729.0,1,0.29,1,Urban,31200.0,2.6,15080.0,Rejected
APP102455,41,Female,No,2,Graduate,No,Salaried,2.9,1960.0,0.0,10.8,84,766.0,0,0.394,1,Rural,81200.0,1.4,6290.0,Approved
APP101841,50,Male,No,3+,Graduate,No,Business Owner,5.3,6040.0,0.0,25.1,84,587.0,2,0.11,1,Semiurban,40300.0,3.4,3610.0,Approved
APP100537,21,Male,No,0,Graduate,No,Salaried,4.2,2360.0,1990.0,24.3,360,758.0,2,0.206,1,Urban,14200.0,9.8,1190.0,Rejected
APP102806,41,Male,No,3+,Graduate,No,Business Owner,0.4,4490.0,0.0,16.9,36,,1,0.283,1,Semiurban,,6.6,27080.0,Rejected
APP104341,47,Male,Yes,0,Graduate,Yes,Unemployed,0.0,4050.0,3840.0,34.0,60,456.0,0,0.422,1,Rural,26600.0,10.0,1980.0,Rejected
APP103175,53,Male,Yes,3+,Graduate,No,Salaried,4.1,4240.0,0.0,17.6,240,640.0,0,0.145,1,Urban,23500.0,3.1,4340.0,Rejected
APP100784,52,Male,No,1,Not Graduate,No,Unemployed,0.0,7320.0,1070.0,24.6,36,748.0,1,0.195,1,Semiurban,,20.5,11760.0,Approved
APP104057,24,Male,Yes,0,Not Graduate,No,Self-Employed,0.4,2400.0,1900.0,14.5,60,592.0,0,0.444,1,Urban,53500.0,4.2,5490.0,Rejected
APP101409,52,Male,Yes,,Not Graduate,No,Business Owner,10.8,5990.0,2200.0,43.1,360,619.0,0,0.151,1,Semiurban,27200.0,3.3,830.0,Approved
APP102537,29,Male,Yes,0,Graduate,No,Unemployed,0.0,7060.0,0.0,30.0,360,747.0,2,0.134,1,Semiurban,22400.0,3.4,3580.0,Rejected
APP100154,45,Male,Yes,1,Graduate,,Self-Employed,16.0,4490.0,5870.0,54.5,60,700.0,0,0.246,1,Semiurban,20500.0,5.5,4190.0,Approved
APP103009,38,Male,Yes,3+,Not Graduate,No,Salaried,3.4,3320.0,3810.0,36.9,36,807.0,3,0.272,1,Semiurban,16700.0,2.0,1840.0,Rejected
APP101686,32,Female,Yes,2,Graduate,No,Business Owner,4.3,4760.0,0.0,16.7,84,719.0,1,0.514,1,Semiurban,15600.0,3.3,4140.0,Rejected
APP102901,24,Male,No,0,Not Graduate,No,Salaried,0.4,1680.0,2570.0,17.6,36,583.0,1,0.199,1,Semiurban,187400.0,5.5,960.0,Approved
APP104999,43,Male,No,1,Graduate,No,Salaried,4.3,4810.0,2540.0,11.2,240,606.0,1,0.2,1,Urban,64400.0,1.0,19490.0,Approved
APP104721,42,Female,Yes,0,Graduate,No,Business Owner,17.4,7250.0,0.0,,120,701.0,1,0.264,1,Rural,23500.0,1.6,7220.0,Approved
APP103863,21,Female,Yes,1,Graduate,No,Business Owner,1.5,5210.0,1280.0,23.8,60,621.0,1,0.566,1,Rural,120300.0,11.7,1590.0,Rejected
APP102733,36,Male,No,0,Graduate,No,Salaried,12.3,2850.0,1330.0,22.8,240,681.0,0,0.274,1,Urban,13100.0,7.8,7080.0,Approved
APP101895,42,Female,Yes,2,Graduate,Yes,Salaried,3.3,3950.0,0.0,14.3,180,757.0,1,0.528,1,Semiurban,22600.0,2.8,8690.0,Rejected
APP100569,21,Male,No,3+,Graduate,No,Salaried,2.6,7380.0,2940.0,,36,606.0,0,0.337,0,Urban,66600.0,5.2,8450.0,Rejected
APP101816,29,Female,Yes,0,Not Graduate,No,Salaried,4.6,3440.0,0.0,13.1,12,533.0,0,0.164,1,Semiurban,38100.0,2.8,3710.0,Approved
APP102065,43,Male,Yes,0,Not Graduate,No,Unemployed,0.0,6740.0,2040.0,21.1,240,660.0,0,0.369,1,Urban,29400.0,5.0,1470.0,Rejected
APP100127,25,Male,No,1,Graduate,No,Self-Employed,13.0,2950.0,0.0,15.1,120,698.0,1,0.521,1,Semiurban,50100.0,11.3,4050.0,Approved
APP103394,30,Male,Yes,0,Not Graduate,Yes,Unemployed,0.0,2480.0,2000.0,14.9,240,677.0,0,0.386,1,Semiurban,68600.0,6.1,2150.0,Rejected
APP103327,25,Male,Yes,0,Not Graduate,No,Salaried,2.9,3660.0,0.0,10.0,84,726.0,1,0.388,1,Rural,21400.0,2.3,12290.0,Rejected
APP100567,37,Male,No,1,Graduate,Yes,Salaried,5.4,4600.0,2380.0,27.8,240,502.0,0,0.487,1,Urban,33200.0,4.4,4280.0,Approved
APP102975,30,Female,Yes,1,Not Graduate,No,Self-Employed,1.1,3870.0,0.0,10.0,60,712.0,0,0.229,1,Semiurban,54200.0,18.0,950.0,Approved
APP100980,34,Male,Yes,3+,Not Graduate,No,Self-Employed,7.5,3830.0,2100.0,10.0,36,495.0,2,0.332,1,Rural,44100.0,1.2,7280.0,Rejected
APP102300,29,Male,Yes,2,Not Graduate,No,Self-Employed,4.5,4370.0,2280.0,14.8,60,581.0,3,0.234,0,Semiurban,14300.0,4.9,6530.0,Rejected
APP100190,49,Male,No,0,Not Graduate,No,Self-Employed,5.3,4860.0,5550.0,24.6,60,813.0,1,0.132,1,Urban,14400.0,6.9,12380.0,Approved
APP101139,29,Female,Yes,3+,Not Graduate,No,Business Owner,2.9,4060.0,0.0,11.0,36,631.0,2,0.274,1,Rural,,1.2,1540.0,Rejected
APP100699,21,Male,No,1,Graduate,Yes,Salaried,1.4,4410.0,1130.0,17.6,84,689.0,2,0.281,1,Semiurban,66200.0,8.6,23030.0,Approved
APP104829,35,Female,No,3+,Not Graduate,No,Self-Employed,14.4,4610.0,1210.0,15.4,12,710.0,0,0.175,1,Rural,50800.0,12.5,630.0,Approved
APP100606,40,Male,Yes,0,Not Graduate,Yes,Salaried,1.4,2690.0,0.0,10.0,180,521.0,0,0.314,1,Semiurban,15900.0,1.6,4160.0,Rejected
APP104276,37,Male,No,3+,Graduate,No,Salaried,1.9,1560.0,0.0,10.0,120,556.0,1,0.21,1,Urban,28700.0,19.6,1810.0,Rejected
APP100301,21,Male,Yes,1,Graduate,No,Salaried,2.8,3420.0,0.0,16.6,180,,0,0.034,1,Semiurban,13100.0,6.4,17230.0,Approved
APP103420,44,Female,Yes,0,Not Graduate,No,Salaried,3.8,3400.0,540.0,20.5,180,635.0,0,0.112,1,Rural,26600.0,14.6,2850.0,Approved
APP104869,55,Male,Yes,0,Not Graduate,No,Salaried,4.7,4020.0,1370.0,27.4,60,653.0,0,0.16,1,Rural,59300.0,6.3,14310.0,Approved
APP101060,25,Male,Yes,3+,Not Graduate,No,Self-Employed,3.6,4710.0,0.0,11.2,84,748.0,1,0.165,1,Semiurban,33100.0,0.9,1400.0,Approved
APP102565,21,Male,Yes,0,Graduate,No,Salaried,3.4,10080.0,3070.0,32.8,240,605.0,1,0.404,1,Semiurban,70200.0,22.0,1000.0,Approved
APP104253,44,Male,Yes,0,Graduate,No,Business Owner,3.0,6980.0,5740.0,59.1,12,706.0,0,0.242,1,Rural,24800.0,2.2,5120.0,Approved
APP101069,39,Male,Yes,1,Graduate,Yes,Salaried,2.4,9950.0,0.0,45.2,240,768.0,1,0.425,1,Rural,45000.0,7.5,2360.0,Approved
APP102524,35,Female,No,2,Not Graduate,No,Salaried,1.0,6050.0,1220.0,26.1,60,725.0,2,0.516,0,Rural,,0.3,2540.0,Rejected
APP102205,35,Female,Yes,2,Graduate,No,Business Owner,9.9,2970.0,5340.0,,180,677.0,0,0.246,1,Urban,46200.0,4.7,7720.0,Approved
APP101243,47,Male,Yes,0,Graduate,No,Salaried,1.2,3430.0,0.0,19.1,120,666.0,1,0.153,0,Semiurban,102200.0,0.3,8690.0,Rejected
APP100016,40,Male,Yes,0,Graduate,No,Self-Employed,1.1,3020.0,0.0,16.3,12,530.0,1,0.198,1,Semiurban,34600.0,10.1,510.0,Rejected
APP103120,50,Female,Yes,,Graduate,No,Salaried,0.9,4740.0,1120.0,19.3,240,471.0,0,0.08,1,Rural,37500.0,1.0,2110.0,Rejected
APP104642,36,Male,No,0,Graduate,No,Self-Employed,15.4,2770.0,0.0,10.0,240,654.0,1,0.225,1,Semiurban,30100.0,1.4,13270.0,Approved
APP104754,38,Male,No,0,Not Graduate,No,Salaried,2.0,2550.0,0.0,10.0,12,647.0,0,0.141,1,Urban,104000.0,0.0,4780.0,Approved
APP100815,49,Female,Yes,3+,Not Graduate,No,Salaried,3.9,1950.0,1810.0,20.6,120,804.0,0,0.611,1,Urban,62300.0,11.9,47620.0,Approved
APP103067,38,Male,No,0,Graduate,No,Salaried,11.5,5440.0,1690.0,18.4,84,647.0,0,0.025,1,Rural,118900.0,2.9,6310.0,Approved
APP104833,30,Male,Yes,0,Not Graduate,No,Salaried,3.4,7350.0,0.0,20.9,120,665.0,1,0.285,1,Urban,30700.0,4.4,33090.0,Approved
APP100959,50,Male,No,2,Graduate,No,Salaried,12.5,7160.0,1860.0,47.6,12,817.0,0,0.28,1,Urban,183100.0,8.4,2480.0,Approved
APP100225,40,Male,No,2,Not Graduate,No,Unemployed,0.0,5270.0,0.0,15.5,360,650.0,0,0.207,1,Rural,69300.0,4.8,6620.0,Approved
APP103354,29,Male,No,2,Graduate,No,Self-Employed,4.5,12500.0,1720.0,52.9,120,698.0,1,0.248,1,Urban,10100.0,0.2,1130.0,Rejected
APP102485,40,Male,No,0,Graduate,No,Salaried,5.6,3600.0,3860.0,11.2,360,741.0,0,0.058,1,Rural,21100.0,2.4,3830.0,Approved
APP100562,35,Female,No,0,Not Graduate,Yes,Salaried,2.4,3280.0,0.0,10.0,180,520.0,1,0.046,1,Urban,71200.0,2.5,3750.0,Rejected
APP103436,38,Male,Yes,0,Graduate,No,Business Owner,13.6,1470.0,0.0,10.0,120,669.0,1,0.288,1,Rural,149900.0,5.0,18570.0,Approved
APP101693,33,Male,Yes,2,Not Graduate,No,Business Owner,0.4,6850.0,0.0,36.0,60,598.0,1,0.327,1,Rural,12600.0,2.7,9670.0,Rejected
APP101045,32,Female,No,2,Graduate,No,Salaried,11.4,5260.0,0.0,19.4,84,,0,0.096,1,Semiurban,39100.0,1.8,3090.0,Approved
APP103446,41,Male,No,0,Not Graduate,No,Business Owner,16.9,7880.0,1550.0,14.8,120,663.0,1,0.133,0,Urban,21100.0,3.7,12510.0,Approved
APP104565,53,Male,Yes,0,Not Graduate,No,Self-Employed,1.2,3740.0,0.0,16.9,84,527.0,0,0.19,1,Rural,56500.0,3.4,14630.0,Approved
APP100954,38,Male,No,0,Not Graduate,No,Salaried,2.0,4150.0,2090.0,17.7,60,485.0,0,0.07,1,Urban,60300.0,4.3,10390.0,Rejected
APP101530,21,Male,Yes,3+,Graduate,No,Business Owner,4.9,6360.0,1900.0,40.2,240,695.0,2,0.249,0,Rural,22400.0,8.4,5110.0,Rejected
APP102735,40,Female,No,1,Graduate,No,Self-Employed,1.0,6040.0,2280.0,28.1,360,673.0,0,0.37,1,Rural,22500.0,4.2,2700.0,Rejected
APP104953,44,Female,Yes,2,Not Graduate,No,Salaried,1.0,4620.0,2260.0,33.6,84,757.0,1,0.398,1,Rural,9600.0,4.5,3370.0,Approved
APP104735,38,Male,Yes,0,Not Graduate,No,Business Owner,0.4,6600.0,1510.0,16.9,84,562.0,0,0.108,1,Urban,76100.0,3.2,6670.0,Approved
APP104872,26,Female,No,1,Not Graduate,No,Salaried,1.9,5130.0,0.0,15.6,36,463.0,0,0.164,1,Semiurban,24200.0,2.8,6120.0,Rejected
APP101218,24,Female,Yes,2,Not Graduate,No,Salaried,23.4,3710.0,0.0,12.0,240,616.0,0,0.415,1,Rural,27400.0,3.3,3080.0,Approved
APP101527,21,Male,No,2,Graduate,Yes,Salaried,6.0,2140.0,0.0,10.0,360,646.0,0,0.161,1,Semiurban,41500.0,6.6,10420.0,Approved
APP103987,56,Male,No,0,Graduate,No,Salaried,12.7,5430.0,1260.0,29.9,240,742.0,0,0.196,0,Urban,28600.0,6.3,4150.0,Rejected
APP101300,21,Male,Yes,0,Graduate,No,Salaried,0.2,3580.0,0.0,10.0,120,623.0,0,0.249,1,Semiurban,95500.0,3.3,4450.0,Approved
APP104941,37,Female,No,0,Graduate,No,Self-Employed,3.4,3520.0,2200.0,29.5,120,784.0,0,0.407,1,Urban,38000.0,2.7,11570.0,Rejected
APP100160,39,Male,Yes,0,Graduate,No,Salaried,1.1,4120.0,0.0,14.1,240,700.0,0,0.428,1,Rural,136900.0,1.4,4290.0,Approved
APP104067,38,Female,No,0,Not Graduate,,Salaried,8.6,1200.0,2610.0,10.4,120,680.0,0,0.302,1,Rural,39600.0,10.0,15240.0,Approved
APP100956,41,Female,No,0,Not Graduate,No,Salaried,1.3,4920.0,7480.0,53.1,180,801.0,2,0.263,1,Semiurban,34900.0,3.0,4920.0,Approved
APP103791,35,Female,No,0,Graduate,No,Salaried,2.2,5760.0,1830.0,11.6,12,617.0,1,0.293,1,Rural,7700.0,3.0,770.0,Rejected
APP103234,62,Female,No,2,Graduate,No,Self-Employed,5.0,8260.0,0.0,37.3,84,578.0,1,0.235,1,Rural,41500.0,1.9,3840.0,Rejected
APP102869,44,Female,Yes,2,Graduate,No,Self-Employed,2.9,6900.0,4160.0,66.0,84,704.0,0,0.315,1,Semiurban,55800.0,4.8,6440.0,Approved
APP103777,34,Male,No,1,Graduate,No,Self-Employed,4.2,6790.0,0.0,31.1,60,746.0,1,0.453,1,Semiurban,27100.0,14.2,11710.0,Approved
APP104433,39,Male,No,0,Graduate,No,Salaried,1.1,5210.0,2490.0,29.3,60,524.0,1,0.466,1,Urban,8500.0,1.7,16370.0,Rejected
APP102961,54,Female,Yes,0,Not Graduate,No,Salaried,0.6,9230.0,3130.0,53.6,360,795.0,0,0.521,1,Rural,71200.0,3.4,1160.0,Approved
APP102200,30,Female,No,2,Graduate,No,Salaried,9.5,7180.0,0.0,19.7,120,695.0,1,0.38,1,Semiurban,18000.0,18.3,6270.0,Rejected
APP100098,31,Female,Yes,0,Graduate,No,Salaried,2.7,1730.0,1800.0,10.0,360,725.0,0,0.685,1,Urban,16200.0,1.3,4270.0,Rejected
APP102557,49,Female,Yes,3+,Graduate,No,Salaried,9.3,3550.0,0.0,10.0,120,853.0,1,0.133,1,Urban,21000.0,4.5,6580.0,Approved
APP103183,21,Female,Yes,2,Graduate,Yes,Salaried,2.8,7360.0,0.0,19.3,36,613.0,2,0.352,1,Rural,37500.0,17.1,2460.0,Rejected
APP100253,53,Male,Yes,0,Graduate,No,Salaried,0.2,8320.0,2990.0,57.3,360,759.0,1,0.291,1,Semiurban,36200.0,0.4,9320.0,Approved
APP103923,47,Male,No,0,Not Graduate,No,Self-Employed,2.7,5080.0,0.0,11.1,120,643.0,2,0.388,1,Urban,14300.0,9.5,1830.0,Rejected
APP104199,21,Male,Yes,0,Graduate,No,Self-Employed,1.3,2740.0,3870.0,36.4,360,574.0,0,0.25,1,Rural,35100.0,5.9,5650.0,Rejected
APP101445,57,Female,Yes,2,Graduate,Yes,Salaried,1.0,12800.0,0.0,68.9,12,588.0,1,0.378,1,Urban,86900.0,3.5,1090.0,Rejected
APP101648,21,Female,Yes,0,Not Graduate,No,Business Owner,20.5,4470.0,1400.0,12.4,240,701.0,1,0.33,1,Semiurban,60100.0,4.2,1050.0,Approved
APP104682,21,Male,No,0,Not Graduate,No,Salaried,4.4,2560.0,0.0,10.0,84,560.0,2,0.313,1,Semiurban,18700.0,2.7,14580.0,Rejected
APP104723,40,Male,Yes,0,Graduate,No,Salaried,9.5,4750.0,2390.0,20.5,360,762.0,0,0.048,1,Semiurban,32400.0,15.2,4580.0,Approved
APP103991,24,Male,Yes,1,Graduate,No,Salaried,19.9,2370.0,0.0,10.0,84,661.0,1,0.178,1,Urban,40100.0,12.1,1440.0,Approved
APP101696,38,Male,No,0,Graduate,No,Salaried,8.1,1860.0,0.0,10.0,60,505.0,2,0.337,1,Urban,8900.0,8.1,94220.0,Rejected
APP103191,49,Male,No,0,Graduate,No,Self-Employed,4.6,4190.0,0.0,17.7,12,551.0,0,0.216,1,Semiurban,64200.0,5.6,7440.0,Rejected
APP104499,54,Female,No,0,Not Graduate,No,Salaried,4.5,5610.0,4800.0,19.9,360,783.0,1,0.316,1,Semiurban,66900.0,0.3,4240.0,Approved
APP101154,38,Male,Yes,0,Graduate,No,Self-Employed,1.0,7090.0,1070.0,16.1,36,672.0,0,0.431,0,Semiurban,7900.0,3.8,2770.0,Rejected
APP102255,45,Male,No,2,Graduate,Yes,Salaried,8.7,5100.0,1250.0,19.8,240,766.0,1,0.243,1,Semiurban,14400.0,0.6,1830.0,Approved
APP101682,49,Male,No,0,Not Graduate,No,Salaried,2.0,3820.0,0.0,14.7,180,587.0,1,0.378,0,Rural,27800.0,7.5,950.0,Rejected
APP103170,24,Female,No,0,Not Graduate,No,Business Owner,15.8,5310.0,380.0,25.3,360,728.0,0,0.249,1,Semiurban,68100.0,11.6,1230.0,Approved
APP102056,38,Female,Yes,3+,Not Graduate,No,Salaried,3.3,4420.0,3380.0,39.2,12,582.0,1,0.173,1,Urban,57100.0,5.7,10390.0,Approved
APP104090,44,Female,Yes,0,Graduate,No,Unemployed,0.0,3260.0,0.0,17.9,12,823.0,1,0.605,1,Rural,25100.0,11.5,2070.0,Rejected
APP103108,37,Male,No,0,Graduate,No,Salaried,2.1,4010.0,4530.0,35.1,60,628.0,1,0.114,1,Semiurban,67900.0,2.1,3660.0,Approved
APP104548,64,Male,Yes,2,Not Graduate,No,Business Owner,12.7,4940.0,0.0,,36,559.0,0,0.361,1,Urban,38300.0,4.2,2370.0,Approved
APP103723,21,Female,No,0,Graduate,No,Salaried,1.3,8600.0,0.0,,180,805.0,1,0.172,1,Rural,49400.0,16.7,8570.0,Approved
APP102049,42,Male,No,3+,Graduate,No,Self-Employed,0.8,3960.0,0.0,10.0,360,693.0,1,0.248,1,Urban,8200.0,0.9,560.0,Rejected
APP103643,47,Male,Yes,0,Graduate,No,Salaried,1.0,3750.0,0.0,18.9,84,569.0,0,0.285,1,Rural,35900.0,4.6,2190.0,Rejected
APP104977,52,Male,Yes,0,Graduate,,Self-Employed,3.4,1200.0,0.0,10.0,120,701.0,3,0.531,1,Semiurban,55100.0,6.1,5910.0,Rejected
APP100623,40,Female,Yes,1,Graduate,No,Self-Employed,5.0,2320.0,1580.0,10.0,84,578.0,0,0.324,1,Urban,64400.0,7.0,22360.0,Rejected
APP100262,21,Male,Yes,0,Graduate,Yes,Salaried,3.3,4940.0,0.0,21.2,120,670.0,0,0.147,1,Semiurban,31400.0,8.4,6440.0,Approved
APP103369,43,Male,Yes,0,Graduate,Yes,Business Owner,3.1,4620.0,3330.0,14.3,180,788.0,1,0.42,1,Urban,29300.0,4.1,3430.0,Approved
APP104061,65,Female,Yes,1,Not Graduate,No,Unemployed,0.0,2890.0,0.0,10.0,12,691.0,1,0.525,1,Urban,56800.0,2.7,6860.0,Rejected
APP101802,39,Male,No,2,Graduate,No,Business Owner,9.5,3090.0,0.0,15.9,84,679.0,0,0.753,1,Urban,36400.0,29.5,6900.0,Rejected
APP104736,32,Female,No,1,Not Graduate,Yes,Salaried,4.0,1530.0,0.0,10.0,120,668.0,1,0.401,1,Rural,7200.0,25.0,5320.0,Rejected
APP104960,28,Female,Yes,0,Graduate,No,Salaried,1.0,6180.0,0.0,22.6,36,553.0,1,0.193,1,Urban,16900.0,0.3,7720.0,Rejected
APP102385,43,Male,Yes,0,Not Graduate,No,Self-Employed,2.5,3360.0,0.0,,60,643.0,1,0.265,0,Urban,38000.0,1.3,8060.0,Rejected
APP101959,49,Male,Yes,1,Graduate,No,Salaried,3.3,10930.0,1940.0,23.0,84,630.0,1,0.13,0,Rural,61100.0,0.0,13240.0,Rejected
APP102976,37,Female,No,0,Not Graduate,No,Salaried,4.4,2390.0,0.0,10.0,360,567.0,0,0.218,1,Semiurban,70200.0,0.5,260.0,Rejected
APP100488,21,Male,No,1,Graduate,No,Self-Employed,0.1,2610.0,0.0,10.0,36,863.0,0,0.223,1,Urban,27600.0,1.6,4070.0,Approved
APP101843,36,Female,Yes,1,Not Graduate,No,Salaried,2.2,2730.0,1260.0,13.4,180,799.0,1,0.266,1,Rural,76300.0,0.8,1110.0,Approved
APP101734,51,Male,No,2,Not Graduate,Yes,Self-Employed,0.1,3540.0,0.0,13.9,36,610.0,2,0.437,1,Semiurban,,1.3,730.0,Rejected
APP102911,36,Female,Yes,0,Graduate,Yes,Salaried,7.0,5490.0,2260.0,28.1,60,664.0,0,0.253,1,Semiurban,43400.0,3.6,5000.0,Approved
APP103219,50,Male,Yes,0,Graduate,No,Self-Employed,0.1,4480.0,1490.0,27.1,84,601.0,0,0.177,1,Semiurban,58900.0,2.5,2920.0,Rejected
APP100146,34,Female,Yes,,Graduate,No,Salaried,0.4,6660.0,0.0,33.6,180,729.0,1,0.215,1,Urban,46000.0,10.1,3930.0,Rejected
APP101986,48,Male,Yes,0,Graduate,,Business Owner,5.8,7760.0,0.0,25.0,12,583.0,1,0.428,1,Urban,50400.0,16.8,6700.0,Rejected
APP101369,32,Male,No,3+,Graduate,No,Salaried,5.3,3290.0,0.0,10.0,36,704.0,0,0.534,1,Urban,85700.0,10.4,1130.0,Rejected
APP102811,58,Female,No,1,Not Graduate,No,Business Owner,31.2,2310.0,0.0,12.8,12,707.0,1,0.183,1,Urban,29200.0,1.4,4150.0,Approved
APP100659,59,Female,Yes,1,Graduate,No,Business Owner,5.7,3340.0,0.0,10.0,240,676.0,2,0.341,1,Rural,63200.0,2.8,10030.0,Approved
APP101794,47,Female,No,0,Not Graduate,No,Salaried,2.3,2160.0,0.0,10.0,240,684.0,1,0.094,1,Urban,105000.0,1.1,16420.0,Approved
APP102511,40,Male,Yes,3+,Graduate,No,Business Owner,0.4,12470.0,2520.0,48.6,12,731.0,1,0.092,1,Semiurban,37200.0,4.6,15740.0,Rejected
APP103397,58,Male,Yes,1,Graduate,No,Salaried,5.8,3240.0,2650.0,25.6,240,664.0,2,0.418,1,Rural,18900.0,12.8,1380.0,Rejected
APP104282,23,Female,No,2,Graduate,No,Unemployed,0.0,5460.0,2200.0,44.1,60,574.0,0,0.183,1,Urban,25500.0,6.1,9410.0,Rejected
APP101147,37,Male,Yes,0,Not Graduate,No,Self-Employed,1.3,2620.0,0.0,14.1,12,,0,0.242,1,Urban,20900.0,0.0,9770.0,Approved
APP103272,44,Male,No,2,Not Graduate,No,Salaried,6.2,4610.0,0.0,20.5,360,641.0,2,0.184,1,Urban,19000.0,5.5,21620.0,Approved
APP100608,22,Male,No,0,Not Graduate,No,Unemployed,0.0,2970.0,0.0,10.0,120,723.0,2,0.348,1,Rural,28600.0,11.3,1700.0,Rejected
APP103582,41,Male,No,0,Graduate,No,Business Owner,4.3,2330.0,0.0,13.7,180,615.0,2,0.222,1,Urban,84200.0,1.6,4200.0,Approved
APP101930,33,Female,No,0,Not Graduate,No,Self-Employed,5.8,12000.0,5930.0,54.4,180,756.0,1,0.25,1,Semiurban,63700.0,10.0,11410.0,Approved
APP100197,37,Male,No,0,Not Graduate,No,Salaried,2.1,1760.0,0.0,10.0,360,589.0,1,0.271,1,Rural,15000.0,15.2,3420.0,Rejected
APP102931,24,Male,Yes,2,Graduate,No,Unemployed,0.0,5150.0,0.0,22.2,60,713.0,1,0.275,1,Urban,13400.0,37.8,14130.0,Rejected
APP102327,22,Male,Yes,2,Graduate,No,Business Owner,15.6,2560.0,0.0,10.0,120,900.0,2,0.359,1,Semiurban,77700.0,39.0,33830.0,Approved
APP104389,33,Male,Yes,0,Graduate,Yes,Salaried,10.1,3170.0,760.0,,60,768.0,2,0.134,1,Urban,40600.0,3.5,16670.0,Approved
APP100766,40,Male,Yes,2,Graduate,No,Salaried,2.6,7950.0,0.0,46.0,36,,1,0.128,1,Rural,14800.0,1.9,2900.0,Rejected
APP104496,38,Male,No,0,Graduate,Yes,Unemployed,0.0,4690.0,1730.0,24.6,120,624.0,1,0.182,1,Urban,65500.0,2.7,800.0,Rejected
APP104218,41,Female,No,0,Not Graduate,No,Unemployed,0.0,7310.0,0.0,3670.697706742526,36,754.0,1,0.131,1,Rural,25800.0,1.3,15440.0,Approved
APP103255,37,Male,Yes,1,Not Graduate,No,Business Owner,11.1,5430.0,840.0,16.4,36,586.0,0,0.131,1,Rural,105200.0,3.3,7580.0,Approved
APP100202,28,Female,Yes,3+,Graduate,Yes,Business Owner,0.2,4300.0,1030.0,22.5,120,606.0,0,0.185,1,Semiurban,27200.0,10.5,6070.0,Rejected
APP103510,41,Male,Yes,,Not Graduate,No,Business Owner,1.1,3320.0,0.0,18.5,84,440.0,0,0.22,0,Semiurban,41900.0,0.3,2950.0,Rejected
APP101733,38,Male,Yes,0,Graduate,No,Business Owner,2.5,3770.0,0.0,10.8,36,689.0,1,0.321,1,Semiurban,50300.0,5.2,4960.0,Rejected
APP102777,66,Male,Yes,1,Graduate,No,Business Owner,5.5,6370.0,0.0,,36,602.0,1,0.372,1,Urban,66600.0,1.6,2490.0,Rejected
APP101707,23,Male,Yes,2,Graduate,No,Salaried,0.5,2520.0,2280.0,22.2,180,722.0,0,0.445,1,Semiurban,46800.0,9.2,2310.0,Approved
APP103474,28,Female,Yes,0,Graduate,No,Salaried,0.2,3130.0,900.0,19.8,36,631.0,0,0.127,1,Urban,,15.6,20400.0,Approved
APP100854,58,Female,No,1,Graduate,Yes,Unemployed,0.0,2040.0,3670.0,21.9,360,603.0,0,0.187,1,Semiurban,33400.0,11.3,3420.0,Rejected
APP104737,39,Female,Yes,0,Graduate,No,Salaried,7.8,4370.0,5580.0,48.4,12,587.0,1,0.432,0,Urban,52000.0,2.3,760.0,Rejected
APP104097,28,Male,Yes,0,Not Graduate,No,Salaried,2.0,7030.0,0.0,12.2,12,682.0,2,0.435,1,Semiurban,7200.0,10.1,1530.0,Rejected
APP102160,29,Female,Yes,0,Graduate,No,Salaried,2.1,5800.0,1440.0,20.3,36,684.0,0,0.154,1,Urban,24800.0,2.4,2460.0,Approved
APP100698,21,Female,No,3+,Not Graduate,No,Self-Employed,1.4,8410.0,390.0,28.0,36,628.0,0,0.35,1,Rural,143900.0,6.6,1710.0,Approved
APP104997,21,Female,Yes,1,Graduate,Yes,Salaried,5.5,8270.0,0.0,34.7,360,840.0,1,0.112,1,Semiurban,15000.0,19.7,9270.0,Approved
APP102999,32,Male,Yes,1,Graduate,No,Salaried,2.2,2430.0,1440.0,12.2,120,568.0,0,0.097,1,Urban,41800.0,15.2,1730.0,Rejected
APP103696,51,Male,Yes,1,Graduate,Yes,Salaried,1.6,6660.0,4390.0,33.4,12,583.0,1,0.703,1,Urban,31200.0,4.5,3890.0,Rejected
APP101636,37,Female,No,0,Graduate,Yes,Salaried,1.1,2250.0,0.0,13.2,180,798.0,2,0.209,1,Rural,27800.0,7.0,4690.0,Approved
APP103457,45,Male,No,1,Not Graduate,No,Self-Employed,7.7,5480.0,0.0,17.4,240,474.0,0,0.198,1,Urban,35800.0,1.9,10010.0,Rejected
APP103581,53,Female,Yes,0,Not Graduate,No,Unemployed,0.0,1200.0,0.0,10.0,36,764.0,0,0.333,1,Semiurban,87200.0,10.5,4650.0,Approved
APP101291,48,Male,Yes,0,Not Graduate,No,Salaried,4.1,7610.0,0.0,24.0,36,690.0,1,0.407,1,Urban,41400.0,14.7,31250.0,Approved
APP104659,50,Male,Yes,0,Graduate,No,Salaried,4.3,8030.0,0.0,41.9,84,759.0,0,0.389,0,Rural,65400.0,23.2,3790.0,Approved
APP101853,34,Female,No,0,Not Graduate,No,Salaried,1.4,1880.0,4400.0,25.4,36,524.0,1,0.287,1,Rural,6000.0,6.2,14310.0,Rejected
APP103763,44,Male,Yes,0,Graduate,No,Self-Employed,1.3,3090.0,990.0,22.2,36,616.0,0,0.373,1,Rural,26200.0,7.3,1410.0,Rejected
APP103304,29,Female,Yes,0,Not Graduate,No,Salaried,3.1,5160.0,1890.0,35.8,360,642.0,2,0.207,1,Semiurban,73400.0,3.7,5510.0,Rejected
APP104962,29,Female,Yes,1,Graduate,Yes,Self-Employed,6.4,6390.0,7520.0,73.3,36,,1,0.374,1,Urban,47100.0,3.8,3730.0,Approved
APP103743,41,Female,No,0,Graduate,,Business Owner,6.3,2940.0,0.0,16.8,36,810.0,0,0.228,1,Urban,42300.0,2.5,3710.0,Approved
APP103445,37,Male,Yes,0,Graduate,Yes,Business Owner,0.8,7020.0,0.0,25.9,120,744.0,1,0.364,1,Semiurban,12400.0,3.1,13870.0,Approved
APP101998,61,Male,No,0,Not Graduate,,Business Owner,0.2,3660.0,0.0,17.6,180,694.0,1,0.183,1,Urban,259600.0,6.4,2020.0,Approved
APP100663,37,Female,No,0,Graduate,Yes,Unemployed,0.0,4830.0,0.0,25.4,120,789.0,2,0.282,1,Rural,27200.0,0.4,1340.0,Rejected
APP104779,42,Male,Yes,,Not Graduate,No,Salaried,2.8,2260.0,0.0,10.0,240,700.0,1,0.37,1,Urban,87400.0,19.1,3500.0,Approved
APP103748,50,Male,Yes,0,Graduate,No,Unemployed,0.0,2870.0,0.0,15.8,12,665.0,3,0.158,0,Rural,14000.0,16.3,4150.0,Rejected
APP104413,21,Male,No,1,Graduate,No,Unemployed,0.0,6520.0,0.0,21.9,84,585.0,0,0.144,1,Urban,24100.0,8.7,17950.0,Rejected
APP104744,50,Male,No,0,Graduate,No,Salaried,0.0,2210.0,0.0,10.1,84,678.0,1,0.404,1,Semiurban,51200.0,1.2,8310.0,Approved
APP100709,58,Male,No,1,Graduate,No,Self-Employed,13.9,6570.0,1490.0,41.7,120,595.0,0,0.205,1,Rural,93200.0,3.3,6850.0,Approved
APP101282,40,Male,Yes,3+,Graduate,No,Self-Employed,6.3,6010.0,0.0,22.5,60,582.0,1,0.454,1,Rural,38300.0,2.1,51630.0,Rejected
APP102675,31,Male,Yes,0,Graduate,No,Salaried,0.2,3240.0,0.0,14.4,180,753.0,2,0.076,1,Semiurban,20700.0,2.3,3590.0,Approved
APP104029,36,Female,No,0,Not Graduate,Yes,Self-Employed,2.6,7950.0,0.0,31.4,12,753.0,0,0.324,1,Urban,28700.0,6.9,23280.0,Approved
APP101306,32,Male,Yes,2,Graduate,No,Self-Employed,6.2,4550.0,2880.0,,36,677.0,1,0.181,0,Semiurban,12900.0,1.8,940.0,Rejected
APP102237,34,Male,Yes,0,Graduate,No,Self-Employed,1.2,4130.0,0.0,19.4,60,556.0,2,0.338,1,Urban,,14.8,2640.0,Rejected
APP103302,22,Male,No,0,Graduate,No,Salaried,4.6,1490.0,0.0,10.0,12,741.0,0,0.207,1,Urban,,22.2,1210.0,Rejected
APP102038,27,Male,No,0,Graduate,No,Salaried,3.5,2730.0,0.0,10.4,36,740.0,0,0.228,1,Urban,49400.0,2.5,1280.0,Approved
APP101529,48,Male,Yes,1,Graduate,Yes,Self-Employed,2.8,9720.0,820.0,48.2,84,666.0,1,0.346,1,Urban,69700.0,5.2,2910.0,Approved
APP101663,36,Male,Yes,1,Graduate,No,Business Owner,5.2,6290.0,980.0,40.1,12,717.0,0,0.499,1,Semiurban,12500.0,1.2,4780.0,Rejected
APP104984,45,Female,No,3+,Graduate,No,Business Owner,0.5,3060.0,0.0,11.0,84,607.0,1,0.2,1,Semiurban,38200.0,1.5,2040.0,Rejected
APP104390,38,Male,No,0,Graduate,No,Unemployed,0.0,4870.0,0.0,15.0,84,683.0,3,0.222,1,Semiurban,14000.0,6.3,20770.0,Rejected
APP103627,32,Male,Yes,0,Not Graduate,No,Salaried,4.3,1200.0,3180.0,11.9,360,657.0,2,0.138,1,Rural,31800.0,3.2,4850.0,Rejected
APP104891,21,Female,Yes,1,Graduate,No,Business Owner,8.1,1300.0,1390.0,10.0,36,738.0,2,0.28,1,Rural,91300.0,4.9,7410.0,Approved
APP102693,21,Male,Yes,0,Not Graduate,No,Self-Employed,1.5,3000.0,6210.0,16.4,120,,1,0.219,1,Rural,109400.0,0.6,4610.0,Approved
APP103060,39,Female,Yes,0,Graduate,No,Salaried,1.9,3330.0,0.0,11.2,60,676.0,1,0.648,1,Semiurban,64100.0,1.7,17900.0,Rejected
APP101597,26,Male,Yes,0,Graduate,No,Salaried,1.5,1200.0,0.0,10.0,36,623.0,1,0.074,0,Urban,47900.0,18.4,17040.0,Rejected
APP102729,54,Male,Yes,2,Not Graduate,Yes,Salaried,1.8,2320.0,0.0,13.9,84,689.0,0,0.441,1,Urban,29800.0,2.4,3640.0,Rejected
APP102625,40,Female,Yes,0,Graduate,Yes,Self-Employed,1.5,3780.0,0.0,10.0,180,621.0,1,0.541,1,Rural,22000.0,2.6,7990.0,Rejected
APP103157,38,Female,Yes,0,Graduate,No,Salaried,1.7,6840.0,0.0,11.6,36,617.0,0,0.275,1,Rural,67200.0,12.2,4550.0,Approved
APP103314,27,Male,Yes,2,Graduate,No,Self-Employed,4.3,3360.0,0.0,10.0,84,840.0,0,0.127,1,Rural,26600.0,8.1,26850.0,Approved
APP101722,47,Male,Yes,0,Not Graduate,No,Salaried,2.6,6350.0,0.0,12.8,240,592.0,0,0.111,1,Semiurban,25900.0,1.2,2050.0,Approved
APP101059,41,Male,Yes,0,Not Graduate,No,Self-Employed,5.8,4690.0,0.0,10.0,360,689.0,1,0.369,1,Semiurban,39000.0,14.6,1870.0,Rejected
APP104636,41,Female,No,0,Graduate,No,Business Owner,2.8,1490.0,2250.0,13.7,84,618.0,0,0.222,1,Semiurban,81900.0,7.3,1930.0,Approved
APP103242,21,Male,No,1,Not Graduate,No,Salaried,5.3,5760.0,0.0,17.5,360,698.0,0,0.053,1,Urban,39300.0,4.1,2110.0,Approved
APP101678,42,Female,Yes,0,Not Graduate,Yes,Salaried,15.9,5120.0,0.0,10.0,120,534.0,1,0.21,1,Urban,23900.0,7.8,3050.0,Rejected
APP101757,38,Male,Yes,0,Not Graduate,No,Self-Employed,2.5,2150.0,2720.0,13.4,120,651.0,1,0.191,1,Rural,33400.0,4.1,840.0,Rejected
APP104191,37,Male,No,0,Not Graduate,No,Salaried,4.7,10970.0,0.0,39.4,180,671.0,0,0.262,1,Urban,62400.0,2.2,43550.0,Approved
APP100563,35,Female,Yes,3+,Not Graduate,Yes,Self-Employed,2.2,5910.0,2820.0,26.4,84,544.0,1,0.194,1,Urban,30400.0,10.4,46490.0,Rejected
APP102790,21,Female,No,0,Not Graduate,No,Business Owner,1.3,2820.0,0.0,16.4,180,667.0,2,0.224,1,Rural,86200.0,0.1,5360.0,Approved
APP100863,27,Female,Yes,0,Graduate,No,Salaried,0.9,22510.0,0.0,77.7,120,665.0,1,0.331,1,Semiurban,51600.0,6.2,6990.0,Approved
APP101484,31,Female,Yes,1,Not Graduate,No,Self-Employed,6.6,3350.0,1440.0,16.6,360,520.0,2,0.295,1,Urban,16800.0,1.2,3550.0,Rejected
APP100206,52,Female,Yes,3+,Graduate,,Unemployed,0.0,5950.0,0.0,33.1,120,430.0,0,0.603,1,Semiurban,31500.0,2.8,5630.0,Rejected
APP104488,42,Male,Yes,3+,Graduate,No,Unemployed,0.0,3760.0,1290.0,10.0,84,581.0,1,0.529,1,Semiurban,16800.0,7.1,8160.0,Rejected
APP100870,41,Male,Yes,0,Not Graduate,No,Salaried,8.0,2750.0,0.0,10.0,240,569.0,1,0.458,1,Rural,31900.0,0.2,5920.0,Rejected
APP104493,32,Male,No,0,Graduate,No,Self-Employed,22.2,6710.0,0.0,34.7,360,564.0,4,0.276,1,Rural,39900.0,3.7,3410.0,Rejected
APP100502,39,Male,Yes,0,Not Graduate,Yes,Salaried,1.9,3780.0,5580.0,41.0,84,717.0,1,0.291,1,Semiurban,36800.0,12.3,14670.0,Rejected
APP101028,41,Female,Yes,2,Not Graduate,No,Salaried,1.2,2540.0,3460.0,20.2,180,583.0,0,0.236,0,Urban,31000.0,6.1,4490.0,Rejected
APP103840,21,Female,Yes,2,Not Graduate,Yes,Salaried,7.4,2540.0,0.0,10.0,120,716.0,1,0.095,1,Rural,21700.0,4.4,1500.0,Approved
APP102690,49,Male,Yes,1,Not Graduate,Yes,Salaried,1.7,1910.0,0.0,10.0,120,603.0,0,0.248,1,Urban,15500.0,14.0,2230.0,Approved
APP101570,36,Female,No,1,Graduate,No,Unemployed,0.0,4700.0,0.0,10.0,180,655.0,0,0.298,1,Urban,70400.0,10.1,39140.0,Approved
APP102773,51,Male,Yes,0,Graduate,No,Salaried,0.0,4130.0,0.0,10.0,36,652.0,1,0.182,1,Urban,128700.0,1.5,21650.0,Approved
APP102731,62,Male,Yes,2,Graduate,No,Salaried,0.9,16930.0,3400.0,107.1,84,758.0,0,0.094,1,Rural,62800.0,2.3,8610.0,Approved
APP100804,57,Female,Yes,0,Graduate,No,Salaried,4.2,4420.0,980.0,21.7,12,772.0,0,0.179,1,Semiurban,21100.0,9.6,4340.0,Approved
APP103645,43,Male,No,0,Not Graduate,No,Salaried,2.1,6400.0,0.0,29.9,240,787.0,0,0.1,1,Urban,25200.0,4.5,740.0,Approved
APP102454,51,Male,Yes,0,Not Graduate,No,Unemployed,0.0,2510.0,1560.0,13.0,180,712.0,2,0.218,1,Rural,95900.0,0.5,12720.0,Approved
APP104598,41,Male,Yes,,Graduate,No,Salaried,4.2,14640.0,0.0,26.2,36,570.0,0,0.061,1,Urban,17900.0,7.6,6180.0,Rejected
APP103104,44,Male,Yes,0,Not Graduate,No,Self-Employed,0.8,3940.0,1340.0,25.4,180,727.0,0,0.14,0,Urban,36500.0,7.0,12340.0,Approved
APP104875,46,Female,No,2,Graduate,No,Salaried,8.0,4300.0,870.0,22.6,120,397.0,0,0.455,1,Semiurban,9500.0,0.1,14240.0,Rejected
APP100200,45,Male,No,0,Not Graduate,No,Unemployed,0.0,6410.0,0.0,34.4,60,722.0,0,0.457,1,Urban,13100.0,6.2,1500.0,Rejected
APP103099,50,Male,Yes,0,Graduate,No,Business Owner,2.0,3200.0,1340.0,10.0,36,730.0,1,0.188,0,Rural,43900.0,0.1,3280.0,Rejected
APP102278,42,Male,Yes,0,Not Graduate,No,Salaried,8.7,4100.0,3750.0,17.8,12,507.0,2,0.078,1,Urban,31300.0,0.5,7600.0,Approved
APP103561,55,Female,Yes,2,Graduate,No,Salaried,6.4,2010.0,0.0,10.0,360,717.0,0,0.302,1,Semiurban,24800.0,7.9,7170.0,Approved
APP104474,46,Male,Yes,1,Graduate,No,Salaried,1.9,6650.0,1890.0,42.5,360,591.0,0,0.116,1,Semiurban,25400.0,5.8,3840.0,Approved
APP104514,33,Male,Yes,2,Graduate,Yes,Business Owner,3.1,8240.0,0.0,28.1,84,773.0,1,0.386,1,Urban,22300.0,1.8,1700.0,Approved
APP100391,32,Male,No,2,Graduate,No,Salaried,7.1,4430.0,0.0,10.0,36,820.0,0,0.465,1,Semiurban,90100.0,8.8,10260.0,Approved
APP101495,28,Male,Yes,,Not Graduate,Yes,Business Owner,2.5,8590.0,3130.0,28.9,36,646.0,0,0.1,1,Rural,56800.0,6.8,21880.0,Approved
APP102695,63,Female,No,0,Graduate,No,Self-Employed,3.9,6670.0,4310.0,58.6,360,842.0,0,0.19,1,Rural,16300.0,1.5,4340.0,Approved
APP102027,41,Male,Yes,0,Graduate,No,Self-Employed,1.9,5710.0,0.0,20.9,12,693.0,0,0.204,1,Urban,10300.0,1.7,2170.0,Approved
APP102568,37,Male,No,3+,Not Graduate,No,Salaried,2.2,6100.0,0.0,10.3,36,651.0,0,0.113,1,Urban,137100.0,6.6,4250.0,Approved
APP100064,47,Male,Yes,0,Not Graduate,No,Salaried,0.7,5510.0,0.0,32.7,12,595.0,0,0.382,1,Semiurban,28800.0,4.3,21300.0,Rejected
APP103884,45,Male,Yes,2,Not Graduate,No,Self-Employed,2.4,2730.0,0.0,10.0,180,543.0,0,0.302,1,Urban,99700.0,7.1,14970.0,Approved
APP102062,42,Female,No,0,Graduate,No,Salaried,0.4,5600.0,0.0,11.9,12,761.0,2,0.373,1,Semiurban,15300.0,2.2,1700.0,Approved
APP100492,38,Female,No,0,Not Graduate,No,Salaried,0.2,5050.0,1790.0,22.5,240,641.0,0,0.265,1,Rural,59100.0,14.4,10150.0,Rejected
APP100379,60,Female,Yes,0,Not Graduate,,Business Owner,8.5,1520.0,0.0,10.0,36,554.0,0,0.084,1,Urban,,1.6,3160.0,Approved
APP104859,32,Male,Yes,0,Graduate,No,Unemployed,0.0,4420.0,0.0,20.4,240,680.0,2,0.475,1,Urban,50500.0,1.4,25670.0,Rejected
APP103993,45,Female,Yes,1,Graduate,No,Business Owner,5.4,2380.0,1010.0,10.0,120,642.0,1,0.14,1,Semiurban,20100.0,20.0,2780.0,Rejected
APP104887,23,Female,No,2,Not Graduate,No,Business Owner,11.4,3350.0,1380.0,27.2,84,748.0,0,0.425,1,Urban,32100.0,0.3,3850.0,Approved
APP101076,21,Male,Yes,0,Graduate,No,Self-Employed,11.3,9260.0,0.0,24.3,36,634.0,2,0.216,1,Urban,24100.0,13.0,5490.0,Approved
APP100878,53,Female,Yes,1,Graduate,No,Salaried,0.2,8510.0,0.0,30.6,60,411.0,0,0.088,1,Semiurban,32000.0,2.2,5220.0,Rejected
APP100337,43,Male,No,0,Not Graduate,No,Salaried,4.8,3620.0,1240.0,18.7,12,686.0,0,0.251,1,Rural,73400.0,12.6,1090.0,Approved
APP101016,27,Male,Yes,0,Not Graduate,Yes,Salaried,7.7,1740.0,1460.0,10.0,240,610.0,1,0.082,1,Urban,26800.0,1.7,1320.0,Rejected
APP101275,45,Male,Yes,2,Graduate,No,Business Owner,8.3,3950.0,0.0,15.0,12,542.0,2,0.774,1,Rural,21700.0,3.1,4740.0,Rejected
APP103798,22,Female,Yes,0,Graduate,Yes,Salaried,5.0,2700.0,0.0,14.4,36,699.0,2,0.574,1,Semiurban,23500.0,25.5,1350.0,Rejected
APP104551,41,Male,Yes,0,Not Graduate,Yes,Unemployed,0.0,3380.0,0.0,15.2,180,738.0,0,0.645,1,Urban,50900.0,11.7,17800.0,Rejected
APP103342,34,Male,Yes,1,Graduate,No,Salaried,7.3,5540.0,0.0,15.4,84,660.0,0,0.335,1,Semiurban,43700.0,1.5,26030.0,Rejected
APP104911,31,Male,Yes,0,Graduate,No,Self-Employed,3.2,3690.0,0.0,12.4,180,,1,0.377,1,Semiurban,,13.9,25960.0,Approved
APP100995,65,Male,No,1,Graduate,No,Business Owner,2.8,5840.0,0.0,,180,631.0,1,0.494,0,Urban,85300.0,4.6,5050.0,Rejected
APP101981,27,Male,Yes,0,Graduate,No,Salaried,8.2,6360.0,2390.0,29.2,180,576.0,0,0.583,1,Urban,17900.0,2.2,2270.0,Rejected
APP104297,51,Male,Yes,2,Graduate,No,Unemployed,0.0,4370.0,2090.0,36.4,84,660.0,0,0.061,1,Urban,91900.0,3.3,4250.0,Rejected
APP100161,42,Male,Yes,0,Not Graduate,No,Unemployed,0.0,5160.0,1080.0,11.5,120,640.0,1,0.159,1,Rural,9100.0,2.9,5160.0,Rejected
APP104798,44,Female,No,0,Not Graduate,Yes,Salaried,0.5,8230.0,1170.0,21.5,120,692.0,1,0.207,1,Semiurban,68000.0,4.8,3760.0,Approved
APP101500,33,Female,Yes,0,Not Graduate,No,Self-Employed,11.5,2160.0,0.0,10.0,36,726.0,0,0.285,1,Rural,19100.0,0.7,9690.0,Approved
APP103843,35,Male,Yes,2,Graduate,No,Business Owner,8.1,1300.0,2160.0,12.2,240,690.0,0,0.63,0,Urban,13400.0,0.1,2340.0,Rejected
APP102613,36,Female,No,2,Not Graduate,No,Self-Employed,5.7,3350.0,0.0,16.8,180,804.0,2,0.233,1,Urban,17400.0,2.3,1630.0,Approved
APP103461,46,Male,Yes,,Not Graduate,No,Self-Employed,0.2,2120.0,3120.0,25.0,60,658.0,0,0.09,1,Urban,42900.0,14.7,4200.0,Rejected
APP101021,46,Female,No,3+,Not Graduate,No,Salaried,2.3,6040.0,1960.0,22.4,240,675.0,2,0.338,1,Urban,32200.0,8.7,4620.0,Approved
APP103073,22,Male,Yes,0,Not Graduate,No,Business Owner,5.0,2560.0,1560.0,17.6,120,612.0,3,0.327,1,Urban,51500.0,6.8,8860.0,Rejected
APP103943,30,Male,Yes,0,Graduate,No,Unemployed,0.0,8960.0,0.0,25.0,84,,1,0.174,1,Semiurban,13200.0,0.3,9920.0,Approved
APP101585,24,Male,No,0,Not Graduate,No,Salaried,2.0,5400.0,570.0,15.9,360,625.0,2,0.265,1,Rural,36500.0,7.8,13520.0,Rejected
APP101955,43,Male,No,0,Not Graduate,No,Salaried,3.1,1970.0,2890.0,11.3,84,646.0,2,0.217,0,Semiurban,176900.0,3.3,6250.0,Approved
APP103152,49,Male,Yes,0,Graduate,No,Self-Employed,2.1,5340.0,0.0,17.6,240,698.0,3,0.145,1,Rural,82600.0,1.0,4610.0,Approved
APP100034,60,Female,No,1,Graduate,No,Business Owner,1.1,4430.0,0.0,15.7,36,637.0,0,0.518,1,Urban,,10.3,5350.0,Rejected
APP104014,32,Male,No,1,Graduate,No,Salaried,1.2,6450.0,0.0,20.5,60,729.0,1,0.667,1,Semiurban,57600.0,0.4,70420.0,Approved
APP100775,39,Female,Yes,2,Not Graduate,Yes,Business Owner,7.5,2950.0,1270.0,14.1,240,484.0,1,0.19,1,Semiurban,13300.0,3.0,13500.0,Rejected
APP102556,53,Female,Yes,1,Graduate,No,Self-Employed,15.1,2370.0,820.0,14.4,180,704.0,1,0.374,1,Urban,13600.0,0.1,6690.0,Rejected
APP101478,35,Female,No,3+,Graduate,No,Salaried,7.4,5250.0,0.0,14.6,12,555.0,3,0.216,1,Semiurban,16700.0,2.4,1850.0,Rejected
APP101363,33,Male,Yes,1,Graduate,Yes,Self-Employed,10.9,9450.0,0.0,26.1,60,663.0,0,0.598,1,Semiurban,11300.0,0.5,9560.0,Rejected
APP102612,39,Male,Yes,0,Graduate,No,Salaried,21.5,1600.0,0.0,10.0,360,487.0,0,0.28,1,Urban,28100.0,4.5,6910.0,Rejected
APP102824,43,Male,No,0,Not Graduate,No,Salaried,18.7,2080.0,4530.0,12.8,180,605.0,1,0.259,1,Rural,128500.0,1.2,7390.0,Approved
APP102041,43,Female,No,0,Not Graduate,No,Salaried,0.4,1650.0,0.0,10.0,120,468.0,0,0.065,1,Urban,33600.0,11.8,1560.0,Rejected
APP100241,47,Female,Yes,0,Not Graduate,No,Self-Employed,0.3,3580.0,0.0,20.1,36,733.0,0,0.249,1,Semiurban,68000.0,2.8,7470.0,Approved
APP102061,45,Male,No,0,Graduate,Yes,Salaried,2.0,10410.0,4290.0,58.5,180,838.0,1,0.386,1,Semiurban,35800.0,8.9,7170.0,Approved
APP102363,38,Male,Yes,2,Not Graduate,No,Unemployed,0.0,3040.0,3470.0,31.3,240,716.0,1,0.45,1,Rural,29200.0,4.3,11720.0,Rejected
APP100600,36,Male,No,1,Graduate,No,Salaried,7.3,5030.0,7470.0,59.2,120,698.0,1,0.452,1,Rural,123600.0,0.3,11340.0,Approved
APP102435,33,Female,Yes,0,Not Graduate,No,Salaried,0.1,4510.0,0.0,22.3,12,518.0,0,0.38,1,Semiurban,37600.0,7.2,9660.0,Rejected
APP102888,35,Female,No,2,Graduate,No,Unemployed,0.0,2780.0,1210.0,10.1,84,773.0,0,0.155,1,Urban,61000.0,31.3,2440.0,Rejected
APP100646,36,Male,Yes,2,Graduate,No,Self-Employed,1.8,4070.0,0.0,10.0,120,789.0,2,0.32,1,Semiurban,72900.0,5.7,9880.0,Approved
APP103890,36,Male,No,0,Graduate,No,Salaried,2.2,2960.0,0.0,10.0,84,513.0,5,0.319,1,Semiurban,29200.0,22.2,3960.0,Rejected
APP103556,70,Female,Yes,1,Graduate,No,Salaried,7.0,4940.0,0.0,12.1,84,638.0,0,0.451,0,Semiurban,43200.0,5.3,10280.0,Rejected
APP103202,39,Male,Yes,0,Not Graduate,No,Unemployed,0.0,5990.0,4810.0,31.7,60,711.0,1,0.381,1,Semiurban,20700.0,13.7,16210.0,Rejected
APP101528,58,Male,No,2,Graduate,No,Salaried,8.3,3720.0,0.0,15.3,180,679.0,1,0.089,1,Semiurban,65100.0,2.0,1120.0,Approved
APP101267,37,Male,No,0,Not Graduate,No,Salaried,2.3,4160.0,1040.0,10.0,36,666.0,1,0.229,1,Semiurban,20100.0,23.0,17800.0,Approved
APP101899,56,Male,No,2,Graduate,No,Salaried,7.0,9460.0,1590.0,57.0,240,662.0,0,0.013,1,Rural,26300.0,0.3,8530.0,Approved
APP104658,36,Male,Yes,0,Graduate,No,Salaried,0.1,8890.0,0.0,,180,667.0,1,0.082,1,Urban,117900.0,8.8,910.0,Approved
APP103005,30,Female,Yes,3+,Not Graduate,No,Salaried,0.3,1930.0,0.0,10.7,84,693.0,0,0.15,0,Rural,133300.0,6.8,54490.0,Approved
APP102734,38,Female,No,3+,Graduate,No,Salaried,1.5,7150.0,0.0,32.3,360,680.0,1,0.203,1,Rural,13800.0,2.2,4670.0,Rejected
APP100189,49,Male,Yes,0,Graduate,No,Self-Employed,1.0,1660.0,4410.0,26.4,360,610.0,2,0.1,0,Urban,57400.0,5.2,4530.0,Rejected
APP101806,27,Female,Yes,0,Graduate,No,Salaried,0.5,4210.0,2560.0,20.4,120,639.0,0,0.179,1,Semiurban,40500.0,12.5,7730.0,Approved
APP100975,22,Female,Yes,2,Graduate,No,Business Owner,5.6,2270.0,2600.0,15.6,36,759.0,2,0.31,1,Semiurban,21400.0,4.8,23930.0,Approved
APP102747,48,Female,Yes,1,Graduate,No,Salaried,4.6,6980.0,0.0,19.6,84,749.0,1,0.294,1,Urban,32400.0,2.5,3640.0,Approved
APP102047,36,Female,Yes,0,Graduate,,Salaried,12.1,3380.0,0.0,11.4,12,566.0,0,0.275,1,Semiurban,39800.0,22.6,6820.0,Rejected
APP102558,54,Male,Yes,0,Graduate,No,Business Owner,1.5,11020.0,1370.0,24.2,180,581.0,1,0.227,1,Semiurban,51000.0,5.2,17230.0,Approved
APP101082,33,Female,Yes,0,Not Graduate,No,Business Owner,3.2,6230.0,0.0,14.9,84,680.0,0,0.299,1,Semiurban,33000.0,6.8,10620.0,Approved
APP100474,32,Male,Yes,2,Graduate,No,Salaried,5.3,2860.0,0.0,11.4,120,693.0,2,0.145,1,Rural,49800.0,0.1,24160.0,Approved
APP102904,31,Female,Yes,0,Graduate,No,Salaried,4.4,6390.0,1740.0,24.8,12,686.0,0,0.361,1,Urban,31800.0,2.9,1000.0,Rejected
APP104843,32,Male,Yes,1,Graduate,No,Salaried,6.2,7740.0,2180.0,15.6,60,784.0,0,0.376,1,Rural,28900.0,11.1,38490.0,Approved
APP104117,40,Male,Yes,1,Not Graduate,No,Salaried,7.6,7280.0,0.0,37.0,12,665.0,0,0.228,0,Urban,183500.0,1.8,2640.0,Approved
APP103385,34,Male,Yes,0,Not Graduate,No,Business Owner,10.9,3200.0,0.0,18.0,36,655.0,0,0.506,1,Semiurban,37900.0,1.5,4780.0,Approved
APP104555,42,Male,No,2,Not Graduate,Yes,Business Owner,21.4,2180.0,1510.0,18.0,84,695.0,2,0.351,1,Urban,56100.0,5.5,7920.0,Rejected
APP101184,44,Male,Yes,0,Graduate,No,Self-Employed,7.0,4510.0,2210.0,22.5,12,670.0,1,0.569,1,Urban,44900.0,4.4,960.0,Rejected
APP102433,42,Male,No,1,Graduate,Yes,Salaried,6.5,1720.0,3470.0,24.0,240,,0,0.077,1,Rural,48200.0,13.8,2020.0,Approved
APP102391,35,Male,Yes,2,Not Graduate,Yes,Self-Employed,0.2,1420.0,2530.0,15.2,84,,1,0.237,1,Urban,5800.0,0.6,1080.0,Rejected
APP100769,30,Female,No,,Not Graduate,No,Unemployed,0.0,3370.0,0.0,19.6,120,676.0,1,0.065,1,Urban,21800.0,0.3,410.0,Rejected
APP101685,53,Female,No,3+,Graduate,No,Salaried,6.7,5110.0,0.0,27.8,84,726.0,0,0.271,1,Semiurban,31300.0,10.6,1670.0,Approved
APP100130,49,Female,No,0,Graduate,No,Business Owner,2.5,2090.0,4580.0,25.5,180,694.0,0,0.01,1,Urban,29900.0,0.4,10520.0,Approved
APP102919,41,Male,Yes,0,Not Graduate,No,Salaried,10.5,7580.0,0.0,11.9,120,625.0,1,0.271,1,Urban,89200.0,8.8,7670.0,Approved
APP103171,50,Female,Yes,1,Not Graduate,No,Salaried,5.4,1730.0,0.0,10.0,240,534.0,0,0.097,0,Urban,51000.0,6.8,1940.0,Rejected
APP103444,48,Female,Yes,,Not Graduate,No,Business Owner,0.3,2960.0,0.0,10.0,120,578.0,1,0.224,1,Urban,16000.0,0.0,990.0,Rejected
APP104426,31,Female,Yes,0,Graduate,Yes,Salaried,1.0,2830.0,0.0,10.0,12,760.0,0,0.286,0,Semiurban,24700.0,1.8,3570.0,Rejected
APP100466,39,Female,Yes,1,Not Graduate,No,Self-Employed,3.0,1550.0,2660.0,12.4,12,587.0,2,0.512,1,Rural,71900.0,17.1,3000.0,Rejected
APP103092,33,Male,Yes,0,Not Graduate,No,Salaried,11.0,3890.0,0.0,13.2,120,611.0,0,0.169,1,Urban,28000.0,0.1,14110.0,Approved
APP103772,57,Male,Yes,0,Not Graduate,No,Salaried,13.2,2840.0,1160.0,13.6,120,,0,0.434,1,Rural,46400.0,7.5,3170.0,Rejected
APP100860,47,Male,Yes,0,Not Graduate,No,Salaried,0.2,4890.0,0.0,28.7,180,,0,0.123,1,Urban,31600.0,0.4,1710.0,Approved
